# OpenTelemetry Metrics report: .csv, 4 fields: 
# <metric name>, <period start, nanoseconds>, <period end, nanoseconds>, <metric value>
# See CsvMetricsExporter for details.
# 
# NAME, PERIOD_START_NANOS, PERIOD_END_NANOS, VALUE
FlushQueue.waitingTime90PNs,1788936957051000000,1788937017071000000,139460607
ReadAction.executionsCount,1788936957051000000,1788937017071000000,229
FlushQueue.executionTime90PNs,1788936957051000000,1788937017071000000,1785855
FlushQueue.queueSize90P,1788936957051000000,1788937017071000000,9
FlushQueue.queueSizeMax,1788936957051000000,1788937017071000000,18
AWTEventQueue.dispatchTime90PNs,1788936957051000000,1788937017071000000,790527
FlushQueue.queueSizeAvg,1788936957051000000,1788937017071000000,3.021276595744681
FlushQueue.waitingTimeMaxNs,1788936957051000000,1788937017071000000,429916159
WriteAction.executionsCount,1788936957051000000,1788937017071000000,0
AWTEventQueue.dispatchTimeMaxNs,1788936957051000000,1788937017071000000,455081983
FlushQueue.tasksExecuted,1788936957051000000,1788937017071000000,188
FlushQueue.executionTimeMaxNs,1788936957051000000,1788937017071000000,28051505151
FlushQueue.executionTimeAvgNs,1788936957051000000,1788937017071000000,2.312879698723404E8
AWTEventQueue.eventsDispatched,1788936957051000000,1788937017071000000,3224
FlushQueue.waitingTimeAvgNs,1788936957051000000,1788937017071000000,3.609984289361702E7
AWTEventQueue.dispatchTimeTotalNS,1788936957051000000,1788937017071000000,2432988677
AWTEventQueue.dispatchTimeAvgNs,1788936957051000000,1788937017071000000,754830.7394540943
VFS.contentStorage.recordsRead,1788936957051000000,1788937017071000000,0
VFS.cache.filesCreated,1788936957051000000,1788937017071000000,0
VFS.ContentWriter.totalTimeSpentOnAsyncOperationsUs,1788936957051000000,1788937017071000000,0
VFS.ContentWriter.totalTasksExecutedSync,1788936957051000000,1788937017071000000,0
VFS.contentStorage.recordsStoredSize,1788936957051000000,1788937017071000000,0
VFS.invertedFileNameIndex.requests,1788936957051000000,1788937017071000000,0
VFS.folderCaseSensitivityReads,1788936957051000000,1788937017071000000,0
FileNameCache.queries,1788936957051000000,1788937017071000000,0
VFS.contentStorage.recordsReadSize,1788936957051000000,1788937017071000000,0
VFS.contentStorage.recordsStoredCompressed,1788936957051000000,1788937017071000000,0
VFS.contentStorage.recordsReadDecompressed,1788936957051000000,1788937017071000000,0
VFS.fileChildByName,1788936957051000000,1788937017071000000,0
VFS.contentStorage.recordsDecompressionTimeUs,1788936957051000000,1788937017071000000,0
FileNameCache.totalMisses,1788936957051000000,1788937017071000000,0
VFS.contentStorage.recordsDeduplicated,1788936957051000000,1788937017071000000,0
VFS.fileByIdCache.hits,1788936957051000000,1788937017071000000,0
VFS.contentStorage.recordsStored,1788936957051000000,1788937017071000000,0
VFS.contentStorage.recordsUncompressedSize,1788936957051000000,1788937017071000000,0
VFS.fileByIdCache.misses,1788936957051000000,1788937017071000000,0
VFS.cache.segments,1788936957051000000,1788937017071000000,0
VFS.cache.segmentsCreated,1788936957051000000,1788937017071000000,0
VFS.ContentWriter.totalTimeSpentOnSyncOperationsUs,1788936957051000000,1788937017071000000,0
VFS.ContentWriter.totalFlushes,1788936957051000000,1788937017071000000,0
VFS.ContentWriter.totalTasksExecutedAsync,1788936957051000000,1788937017071000000,0
VFS.rootsCount,1788936957051000000,1788937017071000000,0.0
VFS.cache.directoriesCreated,1788936957051000000,1788937017071000000,0
Indexing.writesQueuedMin,1788936957051000000,1788937017071000000,0
Indexing.writer_1.totalTimeSpentWritingMs,1788936957051000000,1788937017071000000,0
Indexing.writer_0.totalTimeSpentWritingMs,1788936957051000000,1788937017071000000,0
Indexing.writesQueuedMax,1788936957051000000,1788937017071000000,0
Indexing.cache.totalCacheMisses,1788936957051000000,1788937017071000000,0
Indexing.cache.totalCacheAccesses,1788936957051000000,1788937017071000000,0
Indexing.writer_2.totalTimeSpentWritingMs,1788936957051000000,1788937017071000000,0
Indexing.cache.totalCacheEvicted,1788936957051000000,1788937017071000000,0
Indexing.totalTimeIndexersSleptMs,1788936957051000000,1788937017071000000,0
Indexing.writesQueuedAvg,1788936957051000000,1788937017071000000,0.0
Indexing.writer_3.totalTimeSpentWritingMs,1788936957051000000,1788937017071000000,0
FilePageCache.WAL.flushesForcedByOverflow,1788936957051000000,1788937017071000000,0
MappedFileStorage.storages,1788936957051000000,1788937017071000000,8
StorageLockContext.competingThreads.90P,1788936957051000000,1788937017071000000,0
FilePageCache.pageFastCacheHits,1788936957051000000,1788937017071000000,21841
DirectByteBufferAllocator.reclaimed,1788936957051000000,1788937017071000000,5
FilePageCache.WAL.bytesCopiedByApplyUnfinished,1788936957051000000,1788937017071000000,0
FilePageCache.totalBytesStored,1788936957051000000,1788937017071000000,1303616
StreamlinedBlobStorage.recordsAllocated,1788936957051000000,1788937017071000000,0
DirectByteBufferAllocator.hits,1788936957051000000,1788937017071000000,5
StorageLockContext.competingThreads.max,1788936957051000000,1788937017071000000,2
DirectByteBufferAllocator.totalSizeOfBuffersCachedInBytes,1788936957051000000,1788937017071000000,0
FilePageCache.WAL.entriesFlushed,1788936957051000000,1788937017071000000,256
FilePageCache.totalPageStoresUs,1788936957051000000,1788937017071000000,89457
DirectByteBufferAllocator.misses,1788936957051000000,1788937017071000000,310
FilePageCache.WAL.entriesFlushedOnRead,1788936957051000000,1788937017071000000,17
MappedFileStorage.totalBytesMapped,1788936957051000000,1788937017071000000,232783872
FilePageCache.pageHits,1788936957051000000,1788937017071000000,0
FilePageCache.capacityInBytes,1788936957051000000,1788937017071000000,629145600
MappedFileStorage.totalPagesMapped,1788936957051000000,1788937017071000000,8
StreamlinedBlobStorage.totalLiveRecordsPayloadBytes,1788936957051000000,1788937017071000000,0
FilePageCache.totalPageDisposalsUs,1788936957051000000,1788937017071000000,1690
StreamlinedBlobStorage.recordsRelocated,1788936957051000000,1788937017071000000,0
FilePageCache.totalPageLoadsUs,1788936957051000000,1788937017071000000,263827
FilePageCache.WAL.entriesFlushedOnForce,1788936957051000000,1788937017071000000,0
FilePageCache.pageLoads,1788936957051000000,1788937017071000000,315
FileChannelInterruptsRetryer.totalRetriedAttempts,1788936957051000000,1788937017071000000,0
StreamlinedBlobStorage.totalLiveRecordsCapacityBytes,1788936957051000000,1788937017071000000,0
FilePageCache.WAL.entriesFlushedOnClose,1788936957051000000,1788937017071000000,0
FilePageCache.disposedBuffers,1788936957051000000,1788937017071000000,5
FilePageCache.uncachedFileAccess,1788936957051000000,1788937017071000000,800
FilePageCache.WAL.bytesQueued,1788936957051000000,1788937017071000000,524416
StorageLockContext.competingThreads.avg,1788936957051000000,1788937017071000000,0.02564102564102564
DirectByteBufferAllocator.disposed,1788936957051000000,1788937017071000000,0
FilePageCache.maxCacheSizeInBytes,1788936957051000000,1788937017071000000,322977792
MappedFileStorage.totalTimeSpentOnMappingUs,1788936957051000000,1788937017071000000,178836
StreamlinedBlobStorage.recordsDeleted,1788936957051000000,1788937017071000000,0
FilePageCache.WAL.entriesFlushedOnTruncate,1788936957051000000,1788937017071000000,0
DirectByteBufferAllocator.totalSizeOfBuffersAllocatedInBytes,1788936957051000000,1788937017071000000,322977792
FilePageCache.pageLoadsAboveSizeThreshold,1788936957051000000,1788937017071000000,0
FilePageCache.maxRegisteredFiles,1788936957051000000,1788937017071000000,867
cacheStateStorage.set.counter,1788936957051000000,1788937017071000000,1
cacheStateStorage.get.counter,1788936957051000000,1788937017071000000,4
cacheStateStorage.get.duration,1788936957051000000,1788937017071000000,0
cacheStateStorage.set.duration,1788936957051000000,1788937017071000000,14
jps.global.initialize.library.bridges.ms,1788936957051000000,1788937017071000000,0
workspaceModel.mutableEntityStorage.changeLog.addReplaceEventForRemovedChild.ms,1788936957051000000,1788937017071000000,0
jps.app.storage.content.reader.load.component.ms,1788936957051000000,1788937017071000000,1
workspaceModel.mutableEntityStorage.put.entity.ms,1788936957051000000,1788937017071000000,0
workspaceModel.global.apply.state.to.project.builder.ms,1788936957051000000,1788937017071000000,0
workspaceModel.mutableEntityStorage.remove.entity.ms,1788936957051000000,1788937017071000000,0
workspaceModel.mutableEntityStorage.entities.by.source.ms,1788936957051000000,1788937017071000000,0
workspaceModel.mutableEntityStorage.collect.changes.ms,1788936957051000000,1788937017071000000,0
workspaceModel.mutableEntityStorage.instances.count,1788936957051000000,1788937017071000000,1
workspaceModel.mutableEntityStorage.changeLog.addReplaceEventForNewChild.ms,1788936957051000000,1788937017071000000,0
workspaceModel.global.updates.ms,1788936957051000000,1788937017071000000,0
jps.load.initial.state.ms,1788936957051000000,1788937017071000000,36
workspaceModel.mutableEntityStorage.add.entity.ms,1788936957051000000,1788937017071000000,0
workspaceModel.mutableEntityStorage.mutable.vfurl.index.ms,1788936957051000000,1788937017071000000,0
workspaceModel.load.cache.metadata.from.file.ms,1788936957051000000,1788937017071000000,0
workspaceModel.mutableEntityStorage.has.same.entities.ms,1788936957051000000,1788937017071000000,0
workspaceModel.mutableEntityStorage.mutable.ext.mapping.ms,1788936957051000000,1788937017071000000,0
jps.global.get.library.ms,1788936957051000000,1788937017071000000,0
workspaceModel.mutableEntityStorage.entities.ms,1788936957051000000,1788937017071000000,3
workspaceModel.mutableEntityStorage.to.snapshot.ms,1788936957051000000,1788937017071000000,1
workspaceModel.mutableEntityStorage.referrers.ms,1788936957051000000,1788937017071000000,0
jps.global.get.libraries.ms,1788936957051000000,1788937017071000000,0
jps.global.handle.before.change.events.ms,1788936957051000000,1788937017071000000,0
jps.global.handle.changed.events.ms,1788936957051000000,1788937017071000000,0
workspaceModel.save.cache.to.file.ms,1788936957051000000,1788937017071000000,0
jps.global.initialize.library.bridges.after.loading.ms,1788936957051000000,1788937017071000000,3
jps.library.entities.serializer.save.entities.ms,1788936957051000000,1788937017071000000,0
workspaceModel.mutableEntityStorage.modify.entity.ms,1788936957051000000,1788937017071000000,0
workspaceModel.mutableEntityStorage.changeLog.addReplaceEventForNewParent.ms,1788936957051000000,1788937017071000000,0
workspaceModel.load.cache.from.file.ms,1788936957051000000,1788937017071000000,0
jps.save.global.entities.ms,1788936957051000000,1788937017071000000,128
workspaceModel.mutableEntityStorage.hasReferrers.ms,1788936957051000000,1788937017071000000,0
jps.library.entities.serializer.load.entities.ms,1788936957051000000,1788937017071000000,0
workspaceModel.mutableEntityStorage.changeLog.addReplaceEventForRemovedParent.ms,1788936957051000000,1788937017071000000,0
workspaceModel.mutableEntityStorage.apply.changes.from.ms,1788936957051000000,1788937017071000000,0
workspaceModel.mutableEntityStorage.replace.by.source.ms,1788936957051000000,1788937017071000000,0
workspaceModel.mutableEntityStorage.resolve.ms,1788936957051000000,1788937017071000000,0
workspaceModel.global.updates.count,1788936957051000000,1788937017071000000,0
workspaceModel.sync.entities.ms,1788936957051000000,1788937017071000000,0
workspaceModel.global.apply.state.to.project.ms,1788936957051000000,1788937017071000000,0
jps.global.get.library.by.name.ms,1788936957051000000,1788937017071000000,0
jps.app.storage.content.writer.save.component.ms,1788936957051000000,1788937017071000000,3
workspaceModel.entityStorageSnapshotImpl.instances.count,1788936957051000000,1788937017071000000,2
FlushQueue.waitingTime90PNs,1788937017071000000,1788937077070000000,1916927
ReadAction.executionsCount,1788937017071000000,1788937077070000000,104
FlushQueue.executionTime90PNs,1788937017071000000,1788937077070000000,1507327
FlushQueue.queueSize90P,1788937017071000000,1788937077070000000,2
FlushQueue.queueSizeMax,1788937017071000000,1788937077070000000,3
AWTEventQueue.dispatchTime90PNs,1788937017071000000,1788937077070000000,921599
FlushQueue.queueSizeAvg,1788937017071000000,1788937077070000000,0.5208333333333334
FlushQueue.waitingTimeMaxNs,1788937017071000000,1788937077070000000,381681663
WriteAction.executionsCount,1788937017071000000,1788937077070000000,0
AWTEventQueue.dispatchTimeMaxNs,1788937017071000000,1788937077070000000,352321535
FlushQueue.tasksExecuted,1788937017071000000,1788937077070000000,96
FlushQueue.executionTimeMaxNs,1788937017071000000,1788937077070000000,21757951
FlushQueue.executionTimeAvgNs,1788937017071000000,1788937077070000000,998873.3333333334
AWTEventQueue.eventsDispatched,1788937017071000000,1788937077070000000,4882
FlushQueue.waitingTimeAvgNs,1788937017071000000,1788937077070000000,4910868.0
AWTEventQueue.dispatchTimeTotalNS,1788937017071000000,1788937077070000000,4727159313
AWTEventQueue.dispatchTimeAvgNs,1788937017071000000,1788937077070000000,968001.4158131913
VFS.contentStorage.recordsRead,1788937017071000000,1788937077070000000,0
VFS.cache.filesCreated,1788937017071000000,1788937077070000000,0
VFS.ContentWriter.totalTimeSpentOnAsyncOperationsUs,1788937017071000000,1788937077070000000,0
VFS.ContentWriter.totalTasksExecutedSync,1788937017071000000,1788937077070000000,0
VFS.contentStorage.recordsStoredSize,1788937017071000000,1788937077070000000,0
VFS.invertedFileNameIndex.requests,1788937017071000000,1788937077070000000,0
VFS.folderCaseSensitivityReads,1788937017071000000,1788937077070000000,0
FileNameCache.queries,1788937017071000000,1788937077070000000,0
VFS.contentStorage.recordsReadSize,1788937017071000000,1788937077070000000,0
VFS.contentStorage.recordsStoredCompressed,1788937017071000000,1788937077070000000,0
VFS.contentStorage.recordsReadDecompressed,1788937017071000000,1788937077070000000,0
VFS.fileChildByName,1788937017071000000,1788937077070000000,0
VFS.contentStorage.recordsDecompressionTimeUs,1788937017071000000,1788937077070000000,0
FileNameCache.totalMisses,1788937017071000000,1788937077070000000,0
VFS.contentStorage.recordsDeduplicated,1788937017071000000,1788937077070000000,0
VFS.fileByIdCache.hits,1788937017071000000,1788937077070000000,0
VFS.contentStorage.recordsStored,1788937017071000000,1788937077070000000,0
VFS.contentStorage.recordsUncompressedSize,1788937017071000000,1788937077070000000,0
VFS.fileByIdCache.misses,1788937017071000000,1788937077070000000,0
VFS.cache.segments,1788937017071000000,1788937077070000000,0
VFS.cache.segmentsCreated,1788937017071000000,1788937077070000000,0
VFS.ContentWriter.totalTimeSpentOnSyncOperationsUs,1788937017071000000,1788937077070000000,0
VFS.ContentWriter.totalFlushes,1788937017071000000,1788937077070000000,0
VFS.ContentWriter.totalTasksExecutedAsync,1788937017071000000,1788937077070000000,0
VFS.rootsCount,1788937017071000000,1788937077070000000,0.0
VFS.cache.directoriesCreated,1788937017071000000,1788937077070000000,0
Indexing.writesQueuedMin,1788937017071000000,1788937077070000000,0
Indexing.writer_1.totalTimeSpentWritingMs,1788937017071000000,1788937077070000000,0
Indexing.writer_0.totalTimeSpentWritingMs,1788937017071000000,1788937077070000000,0
Indexing.writesQueuedMax,1788937017071000000,1788937077070000000,0
Indexing.cache.totalCacheMisses,1788937017071000000,1788937077070000000,0
Indexing.cache.totalCacheAccesses,1788937017071000000,1788937077070000000,0
Indexing.writer_2.totalTimeSpentWritingMs,1788937017071000000,1788937077070000000,0
Indexing.cache.totalCacheEvicted,1788937017071000000,1788937077070000000,0
Indexing.totalTimeIndexersSleptMs,1788937017071000000,1788937077070000000,0
Indexing.writesQueuedAvg,1788937017071000000,1788937077070000000,0.0
Indexing.writer_3.totalTimeSpentWritingMs,1788937017071000000,1788937077070000000,0
FilePageCache.WAL.flushesForcedByOverflow,1788937017071000000,1788937077070000000,0
MappedFileStorage.storages,1788937017071000000,1788937077070000000,8
StorageLockContext.competingThreads.90P,1788937017071000000,1788937077070000000,0
FilePageCache.pageFastCacheHits,1788937017071000000,1788937077070000000,179
DirectByteBufferAllocator.reclaimed,1788937017071000000,1788937077070000000,42
FilePageCache.WAL.bytesCopiedByApplyUnfinished,1788937017071000000,1788937077070000000,0
FilePageCache.totalBytesStored,1788937017071000000,1788937077070000000,960
StreamlinedBlobStorage.recordsAllocated,1788937017071000000,1788937077070000000,0
DirectByteBufferAllocator.hits,1788937017071000000,1788937077070000000,0
StorageLockContext.competingThreads.max,1788937017071000000,1788937077070000000,0
DirectByteBufferAllocator.totalSizeOfBuffersCachedInBytes,1788937017071000000,1788937077070000000,41959424
FilePageCache.WAL.entriesFlushed,1788937017071000000,1788937077070000000,0
FilePageCache.totalPageStoresUs,1788937017071000000,1788937077070000000,10622
DirectByteBufferAllocator.misses,1788937017071000000,1788937077070000000,1
FilePageCache.WAL.entriesFlushedOnRead,1788937017071000000,1788937077070000000,0
MappedFileStorage.totalBytesMapped,1788937017071000000,1788937077070000000,232783872
FilePageCache.pageHits,1788937017071000000,1788937077070000000,0
FilePageCache.capacityInBytes,1788937017071000000,1788937077070000000,629145600
MappedFileStorage.totalPagesMapped,1788937017071000000,1788937077070000000,8
StreamlinedBlobStorage.totalLiveRecordsPayloadBytes,1788937017071000000,1788937077070000000,0
FilePageCache.totalPageDisposalsUs,1788937017071000000,1788937077070000000,3
StreamlinedBlobStorage.recordsRelocated,1788937017071000000,1788937077070000000,0
FilePageCache.totalPageLoadsUs,1788937017071000000,1788937077070000000,210
FilePageCache.WAL.entriesFlushedOnForce,1788937017071000000,1788937077070000000,0
FilePageCache.pageLoads,1788937017071000000,1788937077070000000,1
FileChannelInterruptsRetryer.totalRetriedAttempts,1788937017071000000,1788937077070000000,0
StreamlinedBlobStorage.totalLiveRecordsCapacityBytes,1788937017071000000,1788937077070000000,0
FilePageCache.WAL.entriesFlushedOnClose,1788937017071000000,1788937077070000000,0
FilePageCache.disposedBuffers,1788937017071000000,1788937077070000000,310
FilePageCache.uncachedFileAccess,1788937017071000000,1788937077070000000,61
FilePageCache.WAL.bytesQueued,1788937017071000000,1788937077070000000,0
StorageLockContext.competingThreads.avg,1788937017071000000,1788937077070000000,0.0
DirectByteBufferAllocator.disposed,1788937017071000000,1788937077070000000,310
FilePageCache.maxCacheSizeInBytes,1788937017071000000,1788937077070000000,322977792
MappedFileStorage.totalTimeSpentOnMappingUs,1788937017071000000,1788937077070000000,178836
StreamlinedBlobStorage.recordsDeleted,1788937017071000000,1788937077070000000,0
FilePageCache.WAL.entriesFlushedOnTruncate,1788937017071000000,1788937077070000000,0
DirectByteBufferAllocator.totalSizeOfBuffersAllocatedInBytes,1788937017071000000,1788937077070000000,8192
FilePageCache.pageLoadsAboveSizeThreshold,1788937017071000000,1788937077070000000,0
FilePageCache.maxRegisteredFiles,1788937017071000000,1788937077070000000,867
cacheStateStorage.set.counter,1788937017071000000,1788937077070000000,1
cacheStateStorage.get.counter,1788937017071000000,1788937077070000000,1
cacheStateStorage.get.duration,1788937017071000000,1788937077070000000,0
cacheStateStorage.set.duration,1788937017071000000,1788937077070000000,1
jps.global.initialize.library.bridges.ms,1788937017071000000,1788937077070000000,0
workspaceModel.mutableEntityStorage.changeLog.addReplaceEventForRemovedChild.ms,1788937017071000000,1788937077070000000,0
jps.app.storage.content.reader.load.component.ms,1788937017071000000,1788937077070000000,0
workspaceModel.mutableEntityStorage.put.entity.ms,1788937017071000000,1788937077070000000,0
workspaceModel.global.apply.state.to.project.builder.ms,1788937017071000000,1788937077070000000,0
workspaceModel.mutableEntityStorage.remove.entity.ms,1788937017071000000,1788937077070000000,0
workspaceModel.mutableEntityStorage.entities.by.source.ms,1788937017071000000,1788937077070000000,0
workspaceModel.mutableEntityStorage.collect.changes.ms,1788937017071000000,1788937077070000000,0
workspaceModel.mutableEntityStorage.instances.count,1788937017071000000,1788937077070000000,0
workspaceModel.mutableEntityStorage.changeLog.addReplaceEventForNewChild.ms,1788937017071000000,1788937077070000000,0
workspaceModel.global.updates.ms,1788937017071000000,1788937077070000000,0
jps.load.initial.state.ms,1788937017071000000,1788937077070000000,0
workspaceModel.mutableEntityStorage.add.entity.ms,1788937017071000000,1788937077070000000,0
workspaceModel.mutableEntityStorage.mutable.vfurl.index.ms,1788937017071000000,1788937077070000000,0
workspaceModel.load.cache.metadata.from.file.ms,1788937017071000000,1788937077070000000,0
workspaceModel.mutableEntityStorage.has.same.entities.ms,1788937017071000000,1788937077070000000,0
workspaceModel.mutableEntityStorage.mutable.ext.mapping.ms,1788937017071000000,1788937077070000000,0
jps.global.get.library.ms,1788937017071000000,1788937077070000000,0
workspaceModel.mutableEntityStorage.entities.ms,1788937017071000000,1788937077070000000,0
workspaceModel.mutableEntityStorage.to.snapshot.ms,1788937017071000000,1788937077070000000,0
workspaceModel.mutableEntityStorage.referrers.ms,1788937017071000000,1788937077070000000,0
jps.global.get.libraries.ms,1788937017071000000,1788937077070000000,0
jps.global.handle.before.change.events.ms,1788937017071000000,1788937077070000000,0
jps.global.handle.changed.events.ms,1788937017071000000,1788937077070000000,0
workspaceModel.save.cache.to.file.ms,1788937017071000000,1788937077070000000,0
jps.global.initialize.library.bridges.after.loading.ms,1788937017071000000,1788937077070000000,0
jps.library.entities.serializer.save.entities.ms,1788937017071000000,1788937077070000000,0
workspaceModel.mutableEntityStorage.modify.entity.ms,1788937017071000000,1788937077070000000,0
workspaceModel.mutableEntityStorage.changeLog.addReplaceEventForNewParent.ms,1788937017071000000,1788937077070000000,0
workspaceModel.load.cache.from.file.ms,1788937017071000000,1788937077070000000,0
jps.save.global.entities.ms,1788937017071000000,1788937077070000000,0
workspaceModel.mutableEntityStorage.hasReferrers.ms,1788937017071000000,1788937077070000000,0
jps.library.entities.serializer.load.entities.ms,1788937017071000000,1788937077070000000,0
workspaceModel.mutableEntityStorage.changeLog.addReplaceEventForRemovedParent.ms,1788937017071000000,1788937077070000000,0
workspaceModel.mutableEntityStorage.apply.changes.from.ms,1788937017071000000,1788937077070000000,0
workspaceModel.mutableEntityStorage.replace.by.source.ms,1788937017071000000,1788937077070000000,0
workspaceModel.mutableEntityStorage.resolve.ms,1788937017071000000,1788937077070000000,0
workspaceModel.global.updates.count,1788937017071000000,1788937077070000000,0
workspaceModel.sync.entities.ms,1788937017071000000,1788937077070000000,0
workspaceModel.global.apply.state.to.project.ms,1788937017071000000,1788937077070000000,0
jps.global.get.library.by.name.ms,1788937017071000000,1788937077070000000,0
jps.app.storage.content.writer.save.component.ms,1788937017071000000,1788937077070000000,0
workspaceModel.entityStorageSnapshotImpl.instances.count,1788937017071000000,1788937077070000000,0
FlushQueue.waitingTime90PNs,1788937077070000000,1788937137070000000,757759
ReadAction.executionsCount,1788937077070000000,1788937137070000000,65
FlushQueue.executionTime90PNs,1788937077070000000,1788937137070000000,2195455
FlushQueue.queueSize90P,1788937077070000000,1788937137070000000,0
FlushQueue.queueSizeMax,1788937077070000000,1788937137070000000,1
AWTEventQueue.dispatchTime90PNs,1788937077070000000,1788937137070000000,450559
FlushQueue.queueSizeAvg,1788937077070000000,1788937137070000000,0.07142857142857142
FlushQueue.waitingTimeMaxNs,1788937077070000000,1788937137070000000,1949695
WriteAction.executionsCount,1788937077070000000,1788937137070000000,0
AWTEventQueue.dispatchTimeMaxNs,1788937077070000000,1788937137070000000,339738623
FlushQueue.tasksExecuted,1788937077070000000,1788937137070000000,28
FlushQueue.executionTimeMaxNs,1788937077070000000,1788937137070000000,2375679
FlushQueue.executionTimeAvgNs,1788937077070000000,1788937137070000000,1004630.8571428572
AWTEventQueue.eventsDispatched,1788937077070000000,1788937137070000000,2054
FlushQueue.waitingTimeAvgNs,1788937077070000000,1788937137070000000,279972.5714285714
AWTEventQueue.dispatchTimeTotalNS,1788937077070000000,1788937137070000000,1288784692
AWTEventQueue.dispatchTimeAvgNs,1788937077070000000,1788937137070000000,628388.9931840311
VFS.contentStorage.recordsRead,1788937077070000000,1788937137070000000,0
VFS.cache.filesCreated,1788937077070000000,1788937137070000000,0
VFS.ContentWriter.totalTimeSpentOnAsyncOperationsUs,1788937077070000000,1788937137070000000,0
VFS.ContentWriter.totalTasksExecutedSync,1788937077070000000,1788937137070000000,0
VFS.contentStorage.recordsStoredSize,1788937077070000000,1788937137070000000,0
VFS.invertedFileNameIndex.requests,1788937077070000000,1788937137070000000,0
VFS.folderCaseSensitivityReads,1788937077070000000,1788937137070000000,0
FileNameCache.queries,1788937077070000000,1788937137070000000,0
VFS.contentStorage.recordsReadSize,1788937077070000000,1788937137070000000,0
VFS.contentStorage.recordsStoredCompressed,1788937077070000000,1788937137070000000,0
VFS.contentStorage.recordsReadDecompressed,1788937077070000000,1788937137070000000,0
VFS.fileChildByName,1788937077070000000,1788937137070000000,0
VFS.contentStorage.recordsDecompressionTimeUs,1788937077070000000,1788937137070000000,0
FileNameCache.totalMisses,1788937077070000000,1788937137070000000,0
VFS.contentStorage.recordsDeduplicated,1788937077070000000,1788937137070000000,0
VFS.fileByIdCache.hits,1788937077070000000,1788937137070000000,0
VFS.contentStorage.recordsStored,1788937077070000000,1788937137070000000,0
VFS.contentStorage.recordsUncompressedSize,1788937077070000000,1788937137070000000,0
VFS.fileByIdCache.misses,1788937077070000000,1788937137070000000,0
VFS.cache.segments,1788937077070000000,1788937137070000000,0
VFS.cache.segmentsCreated,1788937077070000000,1788937137070000000,0
VFS.ContentWriter.totalTimeSpentOnSyncOperationsUs,1788937077070000000,1788937137070000000,0
VFS.ContentWriter.totalFlushes,1788937077070000000,1788937137070000000,0
VFS.ContentWriter.totalTasksExecutedAsync,1788937077070000000,1788937137070000000,0
VFS.rootsCount,1788937077070000000,1788937137070000000,0.0
VFS.cache.directoriesCreated,1788937077070000000,1788937137070000000,0
Indexing.writesQueuedMin,1788937077070000000,1788937137070000000,0
Indexing.writer_1.totalTimeSpentWritingMs,1788937077070000000,1788937137070000000,0
Indexing.writer_0.totalTimeSpentWritingMs,1788937077070000000,1788937137070000000,0
Indexing.writesQueuedMax,1788937077070000000,1788937137070000000,0
Indexing.cache.totalCacheMisses,1788937077070000000,1788937137070000000,0
Indexing.cache.totalCacheAccesses,1788937077070000000,1788937137070000000,0
Indexing.writer_2.totalTimeSpentWritingMs,1788937077070000000,1788937137070000000,0
Indexing.cache.totalCacheEvicted,1788937077070000000,1788937137070000000,0
Indexing.totalTimeIndexersSleptMs,1788937077070000000,1788937137070000000,0
Indexing.writesQueuedAvg,1788937077070000000,1788937137070000000,0.0
Indexing.writer_3.totalTimeSpentWritingMs,1788937077070000000,1788937137070000000,0
FilePageCache.WAL.flushesForcedByOverflow,1788937077070000000,1788937137070000000,0
MappedFileStorage.storages,1788937077070000000,1788937137070000000,8
StorageLockContext.competingThreads.90P,1788937077070000000,1788937137070000000,0
FilePageCache.pageFastCacheHits,1788937077070000000,1788937137070000000,180
DirectByteBufferAllocator.reclaimed,1788937077070000000,1788937137070000000,0
FilePageCache.WAL.bytesCopiedByApplyUnfinished,1788937077070000000,1788937137070000000,0
FilePageCache.totalBytesStored,1788937077070000000,1788937137070000000,960
StreamlinedBlobStorage.recordsAllocated,1788937077070000000,1788937137070000000,0
DirectByteBufferAllocator.hits,1788937077070000000,1788937137070000000,0
StorageLockContext.competingThreads.max,1788937077070000000,1788937137070000000,0
DirectByteBufferAllocator.totalSizeOfBuffersCachedInBytes,1788937077070000000,1788937137070000000,41959424
FilePageCache.WAL.entriesFlushed,1788937077070000000,1788937137070000000,0
FilePageCache.totalPageStoresUs,1788937077070000000,1788937137070000000,9568
DirectByteBufferAllocator.misses,1788937077070000000,1788937137070000000,0
FilePageCache.WAL.entriesFlushedOnRead,1788937077070000000,1788937137070000000,0
MappedFileStorage.totalBytesMapped,1788937077070000000,1788937137070000000,232783872
FilePageCache.pageHits,1788937077070000000,1788937137070000000,0
FilePageCache.capacityInBytes,1788937077070000000,1788937137070000000,629145600
MappedFileStorage.totalPagesMapped,1788937077070000000,1788937137070000000,8
StreamlinedBlobStorage.totalLiveRecordsPayloadBytes,1788937077070000000,1788937137070000000,0
FilePageCache.totalPageDisposalsUs,1788937077070000000,1788937137070000000,0
StreamlinedBlobStorage.recordsRelocated,1788937077070000000,1788937137070000000,0
FilePageCache.totalPageLoadsUs,1788937077070000000,1788937137070000000,0
FilePageCache.WAL.entriesFlushedOnForce,1788937077070000000,1788937137070000000,0
FilePageCache.pageLoads,1788937077070000000,1788937137070000000,0
FileChannelInterruptsRetryer.totalRetriedAttempts,1788937077070000000,1788937137070000000,0
StreamlinedBlobStorage.totalLiveRecordsCapacityBytes,1788937077070000000,1788937137070000000,0
FilePageCache.WAL.entriesFlushedOnClose,1788937077070000000,1788937137070000000,0
FilePageCache.disposedBuffers,1788937077070000000,1788937137070000000,0
FilePageCache.uncachedFileAccess,1788937077070000000,1788937137070000000,60
FilePageCache.WAL.bytesQueued,1788937077070000000,1788937137070000000,0
StorageLockContext.competingThreads.avg,1788937077070000000,1788937137070000000,0.0
DirectByteBufferAllocator.disposed,1788937077070000000,1788937137070000000,0
FilePageCache.maxCacheSizeInBytes,1788937077070000000,1788937137070000000,322977792
MappedFileStorage.totalTimeSpentOnMappingUs,1788937077070000000,1788937137070000000,178836
StreamlinedBlobStorage.recordsDeleted,1788937077070000000,1788937137070000000,0
FilePageCache.WAL.entriesFlushedOnTruncate,1788937077070000000,1788937137070000000,0
DirectByteBufferAllocator.totalSizeOfBuffersAllocatedInBytes,1788937077070000000,1788937137070000000,8192
FilePageCache.pageLoadsAboveSizeThreshold,1788937077070000000,1788937137070000000,0
FilePageCache.maxRegisteredFiles,1788937077070000000,1788937137070000000,867
cacheStateStorage.set.counter,1788937077070000000,1788937137070000000,0
cacheStateStorage.get.counter,1788937077070000000,1788937137070000000,0
cacheStateStorage.get.duration,1788937077070000000,1788937137070000000,0
cacheStateStorage.set.duration,1788937077070000000,1788937137070000000,0
jps.global.initialize.library.bridges.ms,1788937077070000000,1788937137070000000,0
workspaceModel.mutableEntityStorage.changeLog.addReplaceEventForRemovedChild.ms,1788937077070000000,1788937137070000000,0
jps.app.storage.content.reader.load.component.ms,1788937077070000000,1788937137070000000,0
workspaceModel.mutableEntityStorage.put.entity.ms,1788937077070000000,1788937137070000000,0
workspaceModel.global.apply.state.to.project.builder.ms,1788937077070000000,1788937137070000000,0
workspaceModel.mutableEntityStorage.remove.entity.ms,1788937077070000000,1788937137070000000,0
workspaceModel.mutableEntityStorage.entities.by.source.ms,1788937077070000000,1788937137070000000,0
workspaceModel.mutableEntityStorage.collect.changes.ms,1788937077070000000,1788937137070000000,0
workspaceModel.mutableEntityStorage.instances.count,1788937077070000000,1788937137070000000,0
workspaceModel.mutableEntityStorage.changeLog.addReplaceEventForNewChild.ms,1788937077070000000,1788937137070000000,0
workspaceModel.global.updates.ms,1788937077070000000,1788937137070000000,0
jps.load.initial.state.ms,1788937077070000000,1788937137070000000,0
workspaceModel.mutableEntityStorage.add.entity.ms,1788937077070000000,1788937137070000000,0
workspaceModel.mutableEntityStorage.mutable.vfurl.index.ms,1788937077070000000,1788937137070000000,0
workspaceModel.load.cache.metadata.from.file.ms,1788937077070000000,1788937137070000000,0
workspaceModel.mutableEntityStorage.has.same.entities.ms,1788937077070000000,1788937137070000000,0
workspaceModel.mutableEntityStorage.mutable.ext.mapping.ms,1788937077070000000,1788937137070000000,0
jps.global.get.library.ms,1788937077070000000,1788937137070000000,0
workspaceModel.mutableEntityStorage.entities.ms,1788937077070000000,1788937137070000000,0
workspaceModel.mutableEntityStorage.to.snapshot.ms,1788937077070000000,1788937137070000000,0
workspaceModel.mutableEntityStorage.referrers.ms,1788937077070000000,1788937137070000000,0
jps.global.get.libraries.ms,1788937077070000000,1788937137070000000,0
jps.global.handle.before.change.events.ms,1788937077070000000,1788937137070000000,0
jps.global.handle.changed.events.ms,1788937077070000000,1788937137070000000,0
workspaceModel.save.cache.to.file.ms,1788937077070000000,1788937137070000000,0
jps.global.initialize.library.bridges.after.loading.ms,1788937077070000000,1788937137070000000,0
jps.library.entities.serializer.save.entities.ms,1788937077070000000,1788937137070000000,0
workspaceModel.mutableEntityStorage.modify.entity.ms,1788937077070000000,1788937137070000000,0
workspaceModel.mutableEntityStorage.changeLog.addReplaceEventForNewParent.ms,1788937077070000000,1788937137070000000,0
workspaceModel.load.cache.from.file.ms,1788937077070000000,1788937137070000000,0
jps.save.global.entities.ms,1788937077070000000,1788937137070000000,0
workspaceModel.mutableEntityStorage.hasReferrers.ms,1788937077070000000,1788937137070000000,0
jps.library.entities.serializer.load.entities.ms,1788937077070000000,1788937137070000000,0
workspaceModel.mutableEntityStorage.changeLog.addReplaceEventForRemovedParent.ms,1788937077070000000,1788937137070000000,0
workspaceModel.mutableEntityStorage.apply.changes.from.ms,1788937077070000000,1788937137070000000,0
workspaceModel.mutableEntityStorage.replace.by.source.ms,1788937077070000000,1788937137070000000,0
workspaceModel.mutableEntityStorage.resolve.ms,1788937077070000000,1788937137070000000,0
workspaceModel.global.updates.count,1788937077070000000,1788937137070000000,0
workspaceModel.sync.entities.ms,1788937077070000000,1788937137070000000,0
workspaceModel.global.apply.state.to.project.ms,1788937077070000000,1788937137070000000,0
jps.global.get.library.by.name.ms,1788937077070000000,1788937137070000000,0
jps.app.storage.content.writer.save.component.ms,1788937077070000000,1788937137070000000,0
workspaceModel.entityStorageSnapshotImpl.instances.count,1788937077070000000,1788937137070000000,0
FlushQueue.waitingTime90PNs,1788937137070000000,1788937197070000000,219135
ReadAction.executionsCount,1788937137070000000,1788937197070000000,156
FlushQueue.executionTime90PNs,1788937137070000000,1788937197070000000,540671
FlushQueue.queueSize90P,1788937137070000000,1788937197070000000,0
FlushQueue.queueSizeMax,1788937137070000000,1788937197070000000,1
AWTEventQueue.dispatchTime90PNs,1788937137070000000,1788937197070000000,358399
FlushQueue.queueSizeAvg,1788937137070000000,1788937197070000000,0.008849557522123894
FlushQueue.waitingTimeMaxNs,1788937137070000000,1788937197070000000,16187391
WriteAction.executionsCount,1788937137070000000,1788937197070000000,0
AWTEventQueue.dispatchTimeMaxNs,1788937137070000000,1788937197070000000,203423743
FlushQueue.tasksExecuted,1788937137070000000,1788937197070000000,113
FlushQueue.executionTimeMaxNs,1788937137070000000,1788937197070000000,1442840575
FlushQueue.executionTimeAvgNs,1788937137070000000,1788937197070000000,1.3480561274336284E7
AWTEventQueue.eventsDispatched,1788937137070000000,1788937197070000000,5075
FlushQueue.waitingTimeAvgNs,1788937137070000000,1788937197070000000,403307.610619469
AWTEventQueue.dispatchTimeTotalNS,1788937137070000000,1788937197070000000,1694245543
AWTEventQueue.dispatchTimeAvgNs,1788937137070000000,1788937197070000000,333887.85261083744
VFS.contentStorage.recordsRead,1788937137070000000,1788937197070000000,0
VFS.cache.filesCreated,1788937137070000000,1788937197070000000,0
VFS.ContentWriter.totalTimeSpentOnAsyncOperationsUs,1788937137070000000,1788937197070000000,0
VFS.ContentWriter.totalTasksExecutedSync,1788937137070000000,1788937197070000000,0
VFS.contentStorage.recordsStoredSize,1788937137070000000,1788937197070000000,0
VFS.invertedFileNameIndex.requests,1788937137070000000,1788937197070000000,0
VFS.folderCaseSensitivityReads,1788937137070000000,1788937197070000000,0
FileNameCache.queries,1788937137070000000,1788937197070000000,0
VFS.contentStorage.recordsReadSize,1788937137070000000,1788937197070000000,0
VFS.contentStorage.recordsStoredCompressed,1788937137070000000,1788937197070000000,0
VFS.contentStorage.recordsReadDecompressed,1788937137070000000,1788937197070000000,0
VFS.fileChildByName,1788937137070000000,1788937197070000000,0
VFS.contentStorage.recordsDecompressionTimeUs,1788937137070000000,1788937197070000000,0
FileNameCache.totalMisses,1788937137070000000,1788937197070000000,0
VFS.contentStorage.recordsDeduplicated,1788937137070000000,1788937197070000000,0
VFS.fileByIdCache.hits,1788937137070000000,1788937197070000000,0
VFS.contentStorage.recordsStored,1788937137070000000,1788937197070000000,0
VFS.contentStorage.recordsUncompressedSize,1788937137070000000,1788937197070000000,0
VFS.fileByIdCache.misses,1788937137070000000,1788937197070000000,0
VFS.cache.segments,1788937137070000000,1788937197070000000,0
VFS.cache.segmentsCreated,1788937137070000000,1788937197070000000,0
VFS.ContentWriter.totalTimeSpentOnSyncOperationsUs,1788937137070000000,1788937197070000000,0
VFS.ContentWriter.totalFlushes,1788937137070000000,1788937197070000000,0
VFS.ContentWriter.totalTasksExecutedAsync,1788937137070000000,1788937197070000000,0
VFS.rootsCount,1788937137070000000,1788937197070000000,0.0
VFS.cache.directoriesCreated,1788937137070000000,1788937197070000000,0
Indexing.writesQueuedMin,1788937137070000000,1788937197070000000,0
Indexing.writer_1.totalTimeSpentWritingMs,1788937137070000000,1788937197070000000,0
Indexing.writer_0.totalTimeSpentWritingMs,1788937137070000000,1788937197070000000,0
Indexing.writesQueuedMax,1788937137070000000,1788937197070000000,0
Indexing.cache.totalCacheMisses,1788937137070000000,1788937197070000000,0
Indexing.cache.totalCacheAccesses,1788937137070000000,1788937197070000000,0
Indexing.writer_2.totalTimeSpentWritingMs,1788937137070000000,1788937197070000000,0
Indexing.cache.totalCacheEvicted,1788937137070000000,1788937197070000000,0
Indexing.totalTimeIndexersSleptMs,1788937137070000000,1788937197070000000,0
Indexing.writesQueuedAvg,1788937137070000000,1788937197070000000,0.0
Indexing.writer_3.totalTimeSpentWritingMs,1788937137070000000,1788937197070000000,0
FilePageCache.WAL.flushesForcedByOverflow,1788937137070000000,1788937197070000000,0
MappedFileStorage.storages,1788937137070000000,1788937197070000000,8
StorageLockContext.competingThreads.90P,1788937137070000000,1788937197070000000,0
FilePageCache.pageFastCacheHits,1788937137070000000,1788937197070000000,180
DirectByteBufferAllocator.reclaimed,1788937137070000000,1788937197070000000,0
FilePageCache.WAL.bytesCopiedByApplyUnfinished,1788937137070000000,1788937197070000000,0
FilePageCache.totalBytesStored,1788937137070000000,1788937197070000000,960
StreamlinedBlobStorage.recordsAllocated,1788937137070000000,1788937197070000000,0
DirectByteBufferAllocator.hits,1788937137070000000,1788937197070000000,0
StorageLockContext.competingThreads.max,1788937137070000000,1788937197070000000,0
DirectByteBufferAllocator.totalSizeOfBuffersCachedInBytes,1788937137070000000,1788937197070000000,41959424
FilePageCache.WAL.entriesFlushed,1788937137070000000,1788937197070000000,0
FilePageCache.totalPageStoresUs,1788937137070000000,1788937197070000000,9674
DirectByteBufferAllocator.misses,1788937137070000000,1788937197070000000,0
FilePageCache.WAL.entriesFlushedOnRead,1788937137070000000,1788937197070000000,0
MappedFileStorage.totalBytesMapped,1788937137070000000,1788937197070000000,232783872
FilePageCache.pageHits,1788937137070000000,1788937197070000000,0
FilePageCache.capacityInBytes,1788937137070000000,1788937197070000000,629145600
MappedFileStorage.totalPagesMapped,1788937137070000000,1788937197070000000,8
StreamlinedBlobStorage.totalLiveRecordsPayloadBytes,1788937137070000000,1788937197070000000,0
FilePageCache.totalPageDisposalsUs,1788937137070000000,1788937197070000000,0
StreamlinedBlobStorage.recordsRelocated,1788937137070000000,1788937197070000000,0
FilePageCache.totalPageLoadsUs,1788937137070000000,1788937197070000000,0
FilePageCache.WAL.entriesFlushedOnForce,1788937137070000000,1788937197070000000,0
FilePageCache.pageLoads,1788937137070000000,1788937197070000000,0
FileChannelInterruptsRetryer.totalRetriedAttempts,1788937137070000000,1788937197070000000,0
StreamlinedBlobStorage.totalLiveRecordsCapacityBytes,1788937137070000000,1788937197070000000,0
FilePageCache.WAL.entriesFlushedOnClose,1788937137070000000,1788937197070000000,0
FilePageCache.disposedBuffers,1788937137070000000,1788937197070000000,0
FilePageCache.uncachedFileAccess,1788937137070000000,1788937197070000000,60
FilePageCache.WAL.bytesQueued,1788937137070000000,1788937197070000000,0
StorageLockContext.competingThreads.avg,1788937137070000000,1788937197070000000,0.0
DirectByteBufferAllocator.disposed,1788937137070000000,1788937197070000000,0
FilePageCache.maxCacheSizeInBytes,1788937137070000000,1788937197070000000,322977792
MappedFileStorage.totalTimeSpentOnMappingUs,1788937137070000000,1788937197070000000,178836
StreamlinedBlobStorage.recordsDeleted,1788937137070000000,1788937197070000000,0
FilePageCache.WAL.entriesFlushedOnTruncate,1788937137070000000,1788937197070000000,0
DirectByteBufferAllocator.totalSizeOfBuffersAllocatedInBytes,1788937137070000000,1788937197070000000,8192
FilePageCache.pageLoadsAboveSizeThreshold,1788937137070000000,1788937197070000000,0
FilePageCache.maxRegisteredFiles,1788937137070000000,1788937197070000000,867
cacheStateStorage.set.counter,1788937137070000000,1788937197070000000,3
cacheStateStorage.get.counter,1788937137070000000,1788937197070000000,0
cacheStateStorage.get.duration,1788937137070000000,1788937197070000000,0
cacheStateStorage.set.duration,1788937137070000000,1788937197070000000,2
jps.global.initialize.library.bridges.ms,1788937137070000000,1788937197070000000,0
workspaceModel.mutableEntityStorage.changeLog.addReplaceEventForRemovedChild.ms,1788937137070000000,1788937197070000000,0
jps.app.storage.content.reader.load.component.ms,1788937137070000000,1788937197070000000,0
workspaceModel.mutableEntityStorage.put.entity.ms,1788937137070000000,1788937197070000000,0
workspaceModel.global.apply.state.to.project.builder.ms,1788937137070000000,1788937197070000000,0
workspaceModel.mutableEntityStorage.remove.entity.ms,1788937137070000000,1788937197070000000,0
workspaceModel.mutableEntityStorage.entities.by.source.ms,1788937137070000000,1788937197070000000,0
workspaceModel.mutableEntityStorage.collect.changes.ms,1788937137070000000,1788937197070000000,0
workspaceModel.mutableEntityStorage.instances.count,1788937137070000000,1788937197070000000,0
workspaceModel.mutableEntityStorage.changeLog.addReplaceEventForNewChild.ms,1788937137070000000,1788937197070000000,0
workspaceModel.global.updates.ms,1788937137070000000,1788937197070000000,0
jps.load.initial.state.ms,1788937137070000000,1788937197070000000,0
workspaceModel.mutableEntityStorage.add.entity.ms,1788937137070000000,1788937197070000000,0
workspaceModel.mutableEntityStorage.mutable.vfurl.index.ms,1788937137070000000,1788937197070000000,0
workspaceModel.load.cache.metadata.from.file.ms,1788937137070000000,1788937197070000000,0
workspaceModel.mutableEntityStorage.has.same.entities.ms,1788937137070000000,1788937197070000000,0
workspaceModel.mutableEntityStorage.mutable.ext.mapping.ms,1788937137070000000,1788937197070000000,0
jps.global.get.library.ms,1788937137070000000,1788937197070000000,0
workspaceModel.mutableEntityStorage.entities.ms,1788937137070000000,1788937197070000000,0
workspaceModel.mutableEntityStorage.to.snapshot.ms,1788937137070000000,1788937197070000000,0
workspaceModel.mutableEntityStorage.referrers.ms,1788937137070000000,1788937197070000000,0
jps.global.get.libraries.ms,1788937137070000000,1788937197070000000,0
jps.global.handle.before.change.events.ms,1788937137070000000,1788937197070000000,0
jps.global.handle.changed.events.ms,1788937137070000000,1788937197070000000,0
workspaceModel.save.cache.to.file.ms,1788937137070000000,1788937197070000000,0
jps.global.initialize.library.bridges.after.loading.ms,1788937137070000000,1788937197070000000,0
jps.library.entities.serializer.save.entities.ms,1788937137070000000,1788937197070000000,0
workspaceModel.mutableEntityStorage.modify.entity.ms,1788937137070000000,1788937197070000000,0
workspaceModel.mutableEntityStorage.changeLog.addReplaceEventForNewParent.ms,1788937137070000000,1788937197070000000,0
workspaceModel.load.cache.from.file.ms,1788937137070000000,1788937197070000000,0
jps.save.global.entities.ms,1788937137070000000,1788937197070000000,1
workspaceModel.mutableEntityStorage.hasReferrers.ms,1788937137070000000,1788937197070000000,0
jps.library.entities.serializer.load.entities.ms,1788937137070000000,1788937197070000000,0
workspaceModel.mutableEntityStorage.changeLog.addReplaceEventForRemovedParent.ms,1788937137070000000,1788937197070000000,0
workspaceModel.mutableEntityStorage.apply.changes.from.ms,1788937137070000000,1788937197070000000,0
workspaceModel.mutableEntityStorage.replace.by.source.ms,1788937137070000000,1788937197070000000,0
workspaceModel.mutableEntityStorage.resolve.ms,1788937137070000000,1788937197070000000,0
workspaceModel.global.updates.count,1788937137070000000,1788937197070000000,0
workspaceModel.sync.entities.ms,1788937137070000000,1788937197070000000,0
workspaceModel.global.apply.state.to.project.ms,1788937137070000000,1788937197070000000,0
jps.global.get.library.by.name.ms,1788937137070000000,1788937197070000000,0
jps.app.storage.content.writer.save.component.ms,1788937137070000000,1788937197070000000,0
workspaceModel.entityStorageSnapshotImpl.instances.count,1788937137070000000,1788937197070000000,0
FlushQueue.waitingTime90PNs,1788937197070000000,1788937257070000000,5668863
ReadAction.executionsCount,1788937197070000000,1788937257070000000,60
FlushQueue.executionTime90PNs,1788937197070000000,1788937257070000000,14417919
FlushQueue.queueSize90P,1788937197070000000,1788937257070000000,1
FlushQueue.queueSizeMax,1788937197070000000,1788937257070000000,1
AWTEventQueue.dispatchTime90PNs,1788937197070000000,1788937257070000000,317439
FlushQueue.queueSizeAvg,1788937197070000000,1788937257070000000,0.27586206896551724
FlushQueue.waitingTimeMaxNs,1788937197070000000,1788937257070000000,11468799
WriteAction.executionsCount,1788937197070000000,1788937257070000000,0
AWTEventQueue.dispatchTimeMaxNs,1788937197070000000,1788937257070000000,186646527
FlushQueue.tasksExecuted,1788937197070000000,1788937257070000000,29
FlushQueue.executionTimeMaxNs,1788937197070000000,1788937257070000000,47185919
FlushQueue.executionTimeAvgNs,1788937197070000000,1788937257070000000,3078603.0344827585
AWTEventQueue.eventsDispatched,1788937197070000000,1788937257070000000,1293
FlushQueue.waitingTimeAvgNs,1788937197070000000,1788937257070000000,1707648.0
AWTEventQueue.dispatchTimeTotalNS,1788937197070000000,1788937257070000000,1498077115
AWTEventQueue.dispatchTimeAvgNs,1788937197070000000,1788937257070000000,1158730.6759474091
VFS.contentStorage.recordsRead,1788937197070000000,1788937257070000000,0
VFS.cache.filesCreated,1788937197070000000,1788937257070000000,0
VFS.ContentWriter.totalTimeSpentOnAsyncOperationsUs,1788937197070000000,1788937257070000000,0
VFS.ContentWriter.totalTasksExecutedSync,1788937197070000000,1788937257070000000,0
VFS.contentStorage.recordsStoredSize,1788937197070000000,1788937257070000000,0
VFS.invertedFileNameIndex.requests,1788937197070000000,1788937257070000000,0
VFS.folderCaseSensitivityReads,1788937197070000000,1788937257070000000,0
FileNameCache.queries,1788937197070000000,1788937257070000000,0
VFS.contentStorage.recordsReadSize,1788937197070000000,1788937257070000000,0
VFS.contentStorage.recordsStoredCompressed,1788937197070000000,1788937257070000000,0
VFS.contentStorage.recordsReadDecompressed,1788937197070000000,1788937257070000000,0
VFS.fileChildByName,1788937197070000000,1788937257070000000,0
VFS.contentStorage.recordsDecompressionTimeUs,1788937197070000000,1788937257070000000,0
FileNameCache.totalMisses,1788937197070000000,1788937257070000000,0
VFS.contentStorage.recordsDeduplicated,1788937197070000000,1788937257070000000,0
VFS.fileByIdCache.hits,1788937197070000000,1788937257070000000,0
VFS.contentStorage.recordsStored,1788937197070000000,1788937257070000000,0
VFS.contentStorage.recordsUncompressedSize,1788937197070000000,1788937257070000000,0
VFS.fileByIdCache.misses,1788937197070000000,1788937257070000000,0
VFS.cache.segments,1788937197070000000,1788937257070000000,0
VFS.cache.segmentsCreated,1788937197070000000,1788937257070000000,0
VFS.ContentWriter.totalTimeSpentOnSyncOperationsUs,1788937197070000000,1788937257070000000,0
VFS.ContentWriter.totalFlushes,1788937197070000000,1788937257070000000,0
VFS.ContentWriter.totalTasksExecutedAsync,1788937197070000000,1788937257070000000,0
VFS.rootsCount,1788937197070000000,1788937257070000000,0.0
VFS.cache.directoriesCreated,1788937197070000000,1788937257070000000,0
Indexing.writesQueuedMin,1788937197070000000,1788937257070000000,0
Indexing.writer_1.totalTimeSpentWritingMs,1788937197070000000,1788937257070000000,0
Indexing.writer_0.totalTimeSpentWritingMs,1788937197070000000,1788937257070000000,0
Indexing.writesQueuedMax,1788937197070000000,1788937257070000000,0
Indexing.cache.totalCacheMisses,1788937197070000000,1788937257070000000,0
Indexing.cache.totalCacheAccesses,1788937197070000000,1788937257070000000,0
Indexing.writer_2.totalTimeSpentWritingMs,1788937197070000000,1788937257070000000,0
Indexing.cache.totalCacheEvicted,1788937197070000000,1788937257070000000,0
Indexing.totalTimeIndexersSleptMs,1788937197070000000,1788937257070000000,0
Indexing.writesQueuedAvg,1788937197070000000,1788937257070000000,0.0
Indexing.writer_3.totalTimeSpentWritingMs,1788937197070000000,1788937257070000000,0
FilePageCache.WAL.flushesForcedByOverflow,1788937197070000000,1788937257070000000,0
MappedFileStorage.storages,1788937197070000000,1788937257070000000,8
StorageLockContext.competingThreads.90P,1788937197070000000,1788937257070000000,0
FilePageCache.pageFastCacheHits,1788937197070000000,1788937257070000000,180
DirectByteBufferAllocator.reclaimed,1788937197070000000,1788937257070000000,0
FilePageCache.WAL.bytesCopiedByApplyUnfinished,1788937197070000000,1788937257070000000,0
FilePageCache.totalBytesStored,1788937197070000000,1788937257070000000,960
StreamlinedBlobStorage.recordsAllocated,1788937197070000000,1788937257070000000,0
DirectByteBufferAllocator.hits,1788937197070000000,1788937257070000000,0
StorageLockContext.competingThreads.max,1788937197070000000,1788937257070000000,0
DirectByteBufferAllocator.totalSizeOfBuffersCachedInBytes,1788937197070000000,1788937257070000000,41959424
FilePageCache.WAL.entriesFlushed,1788937197070000000,1788937257070000000,0
FilePageCache.totalPageStoresUs,1788937197070000000,1788937257070000000,9899
DirectByteBufferAllocator.misses,1788937197070000000,1788937257070000000,0
FilePageCache.WAL.entriesFlushedOnRead,1788937197070000000,1788937257070000000,0
MappedFileStorage.totalBytesMapped,1788937197070000000,1788937257070000000,232783872
FilePageCache.pageHits,1788937197070000000,1788937257070000000,0
FilePageCache.capacityInBytes,1788937197070000000,1788937257070000000,629145600
MappedFileStorage.totalPagesMapped,1788937197070000000,1788937257070000000,8
StreamlinedBlobStorage.totalLiveRecordsPayloadBytes,1788937197070000000,1788937257070000000,0
FilePageCache.totalPageDisposalsUs,1788937197070000000,1788937257070000000,0
StreamlinedBlobStorage.recordsRelocated,1788937197070000000,1788937257070000000,0
FilePageCache.totalPageLoadsUs,1788937197070000000,1788937257070000000,0
FilePageCache.WAL.entriesFlushedOnForce,1788937197070000000,1788937257070000000,0
FilePageCache.pageLoads,1788937197070000000,1788937257070000000,0
FileChannelInterruptsRetryer.totalRetriedAttempts,1788937197070000000,1788937257070000000,0
StreamlinedBlobStorage.totalLiveRecordsCapacityBytes,1788937197070000000,1788937257070000000,0
FilePageCache.WAL.entriesFlushedOnClose,1788937197070000000,1788937257070000000,0
FilePageCache.disposedBuffers,1788937197070000000,1788937257070000000,0
FilePageCache.uncachedFileAccess,1788937197070000000,1788937257070000000,60
FilePageCache.WAL.bytesQueued,1788937197070000000,1788937257070000000,0
StorageLockContext.competingThreads.avg,1788937197070000000,1788937257070000000,0.0
DirectByteBufferAllocator.disposed,1788937197070000000,1788937257070000000,0
FilePageCache.maxCacheSizeInBytes,1788937197070000000,1788937257070000000,322977792
MappedFileStorage.totalTimeSpentOnMappingUs,1788937197070000000,1788937257070000000,178836
StreamlinedBlobStorage.recordsDeleted,1788937197070000000,1788937257070000000,0
FilePageCache.WAL.entriesFlushedOnTruncate,1788937197070000000,1788937257070000000,0
DirectByteBufferAllocator.totalSizeOfBuffersAllocatedInBytes,1788937197070000000,1788937257070000000,8192
FilePageCache.pageLoadsAboveSizeThreshold,1788937197070000000,1788937257070000000,0
FilePageCache.maxRegisteredFiles,1788937197070000000,1788937257070000000,867
cacheStateStorage.set.counter,1788937197070000000,1788937257070000000,0
cacheStateStorage.get.counter,1788937197070000000,1788937257070000000,0
cacheStateStorage.get.duration,1788937197070000000,1788937257070000000,0
cacheStateStorage.set.duration,1788937197070000000,1788937257070000000,0
jps.global.initialize.library.bridges.ms,1788937197070000000,1788937257070000000,0
workspaceModel.mutableEntityStorage.changeLog.addReplaceEventForRemovedChild.ms,1788937197070000000,1788937257070000000,0
jps.app.storage.content.reader.load.component.ms,1788937197070000000,1788937257070000000,0
workspaceModel.mutableEntityStorage.put.entity.ms,1788937197070000000,1788937257070000000,0
workspaceModel.global.apply.state.to.project.builder.ms,1788937197070000000,1788937257070000000,0
workspaceModel.mutableEntityStorage.remove.entity.ms,1788937197070000000,1788937257070000000,0
workspaceModel.mutableEntityStorage.entities.by.source.ms,1788937197070000000,1788937257070000000,0
workspaceModel.mutableEntityStorage.collect.changes.ms,1788937197070000000,1788937257070000000,0
workspaceModel.mutableEntityStorage.instances.count,1788937197070000000,1788937257070000000,0
workspaceModel.mutableEntityStorage.changeLog.addReplaceEventForNewChild.ms,1788937197070000000,1788937257070000000,0
workspaceModel.global.updates.ms,1788937197070000000,1788937257070000000,0
jps.load.initial.state.ms,1788937197070000000,1788937257070000000,0
workspaceModel.mutableEntityStorage.add.entity.ms,1788937197070000000,1788937257070000000,0
workspaceModel.mutableEntityStorage.mutable.vfurl.index.ms,1788937197070000000,1788937257070000000,0
workspaceModel.load.cache.metadata.from.file.ms,1788937197070000000,1788937257070000000,0
workspaceModel.mutableEntityStorage.has.same.entities.ms,1788937197070000000,1788937257070000000,0
workspaceModel.mutableEntityStorage.mutable.ext.mapping.ms,1788937197070000000,1788937257070000000,0
jps.global.get.library.ms,1788937197070000000,1788937257070000000,0
workspaceModel.mutableEntityStorage.entities.ms,1788937197070000000,1788937257070000000,0
workspaceModel.mutableEntityStorage.to.snapshot.ms,1788937197070000000,1788937257070000000,0
workspaceModel.mutableEntityStorage.referrers.ms,1788937197070000000,1788937257070000000,0
jps.global.get.libraries.ms,1788937197070000000,1788937257070000000,0
jps.global.handle.before.change.events.ms,1788937197070000000,1788937257070000000,0
jps.global.handle.changed.events.ms,1788937197070000000,1788937257070000000,0
workspaceModel.save.cache.to.file.ms,1788937197070000000,1788937257070000000,0
jps.global.initialize.library.bridges.after.loading.ms,1788937197070000000,1788937257070000000,0
jps.library.entities.serializer.save.entities.ms,1788937197070000000,1788937257070000000,0
workspaceModel.mutableEntityStorage.modify.entity.ms,1788937197070000000,1788937257070000000,0
workspaceModel.mutableEntityStorage.changeLog.addReplaceEventForNewParent.ms,1788937197070000000,1788937257070000000,0
workspaceModel.load.cache.from.file.ms,1788937197070000000,1788937257070000000,0
jps.save.global.entities.ms,1788937197070000000,1788937257070000000,0
workspaceModel.mutableEntityStorage.hasReferrers.ms,1788937197070000000,1788937257070000000,0
jps.library.entities.serializer.load.entities.ms,1788937197070000000,1788937257070000000,0
workspaceModel.mutableEntityStorage.changeLog.addReplaceEventForRemovedParent.ms,1788937197070000000,1788937257070000000,0
workspaceModel.mutableEntityStorage.apply.changes.from.ms,1788937197070000000,1788937257070000000,0
workspaceModel.mutableEntityStorage.replace.by.source.ms,1788937197070000000,1788937257070000000,0
workspaceModel.mutableEntityStorage.resolve.ms,1788937197070000000,1788937257070000000,0
workspaceModel.global.updates.count,1788937197070000000,1788937257070000000,0
workspaceModel.sync.entities.ms,1788937197070000000,1788937257070000000,0
workspaceModel.global.apply.state.to.project.ms,1788937197070000000,1788937257070000000,0
jps.global.get.library.by.name.ms,1788937197070000000,1788937257070000000,0
jps.app.storage.content.writer.save.component.ms,1788937197070000000,1788937257070000000,0
workspaceModel.entityStorageSnapshotImpl.instances.count,1788937197070000000,1788937257070000000,0
FlushQueue.waitingTime90PNs,1788937257070000000,1788937317070000000,721420287
ReadAction.executionsCount,1788937257070000000,1788937317070000000,213
FlushQueue.executionTime90PNs,1788937257070000000,1788937317070000000,3342335
FlushQueue.queueSize90P,1788937257070000000,1788937317070000000,43
FlushQueue.queueSizeMax,1788937257070000000,1788937317070000000,51
AWTEventQueue.dispatchTime90PNs,1788937257070000000,1788937317070000000,1318911
FlushQueue.queueSizeAvg,1788937257070000000,1788937317070000000,23.235294117647058
FlushQueue.waitingTimeMaxNs,1788937257070000000,1788937317070000000,721420287
WriteAction.executionsCount,1788937257070000000,1788937317070000000,3
AWTEventQueue.dispatchTimeMaxNs,1788937257070000000,1788937317070000000,771751935
FlushQueue.tasksExecuted,1788937257070000000,1788937317070000000,153
FlushQueue.executionTimeMaxNs,1788937257070000000,1788937317070000000,214748364799
FlushQueue.executionTimeAvgNs,1788937257070000000,1788937317070000000,1.4262504819346404E9
AWTEventQueue.eventsDispatched,1788937257070000000,1788937317070000000,357
FlushQueue.waitingTimeAvgNs,1788937257070000000,1788937317070000000,2.826714465882353E8
AWTEventQueue.dispatchTimeTotalNS,1788937257070000000,1788937317070000000,2122905743
AWTEventQueue.dispatchTimeAvgNs,1788937257070000000,1788937317070000000,5940042.240896358
VFS.contentStorage.recordsRead,1788937257070000000,1788937317070000000,0
VFS.cache.filesCreated,1788937257070000000,1788937317070000000,0
VFS.ContentWriter.totalTimeSpentOnAsyncOperationsUs,1788937257070000000,1788937317070000000,0
VFS.ContentWriter.totalTasksExecutedSync,1788937257070000000,1788937317070000000,0
VFS.contentStorage.recordsStoredSize,1788937257070000000,1788937317070000000,0
VFS.invertedFileNameIndex.requests,1788937257070000000,1788937317070000000,0
VFS.folderCaseSensitivityReads,1788937257070000000,1788937317070000000,0
FileNameCache.queries,1788937257070000000,1788937317070000000,0
VFS.contentStorage.recordsReadSize,1788937257070000000,1788937317070000000,0
VFS.contentStorage.recordsStoredCompressed,1788937257070000000,1788937317070000000,0
VFS.contentStorage.recordsReadDecompressed,1788937257070000000,1788937317070000000,0
VFS.fileChildByName,1788937257070000000,1788937317070000000,0
VFS.contentStorage.recordsDecompressionTimeUs,1788937257070000000,1788937317070000000,0
FileNameCache.totalMisses,1788937257070000000,1788937317070000000,0
VFS.contentStorage.recordsDeduplicated,1788937257070000000,1788937317070000000,0
VFS.fileByIdCache.hits,1788937257070000000,1788937317070000000,0
VFS.contentStorage.recordsStored,1788937257070000000,1788937317070000000,0
VFS.contentStorage.recordsUncompressedSize,1788937257070000000,1788937317070000000,0
VFS.fileByIdCache.misses,1788937257070000000,1788937317070000000,0
VFS.cache.segments,1788937257070000000,1788937317070000000,0
VFS.cache.segmentsCreated,1788937257070000000,1788937317070000000,0
VFS.ContentWriter.totalTimeSpentOnSyncOperationsUs,1788937257070000000,1788937317070000000,0
VFS.ContentWriter.totalFlushes,1788937257070000000,1788937317070000000,0
VFS.ContentWriter.totalTasksExecutedAsync,1788937257070000000,1788937317070000000,0
VFS.rootsCount,1788937257070000000,1788937317070000000,0.0
VFS.cache.directoriesCreated,1788937257070000000,1788937317070000000,0
Indexing.writesQueuedMin,1788937257070000000,1788937317070000000,0
Indexing.writer_1.totalTimeSpentWritingMs,1788937257070000000,1788937317070000000,0
Indexing.writer_0.totalTimeSpentWritingMs,1788937257070000000,1788937317070000000,0
Indexing.writesQueuedMax,1788937257070000000,1788937317070000000,0
Indexing.cache.totalCacheMisses,1788937257070000000,1788937317070000000,0
Indexing.cache.totalCacheAccesses,1788937257070000000,1788937317070000000,0
Indexing.writer_2.totalTimeSpentWritingMs,1788937257070000000,1788937317070000000,0
Indexing.cache.totalCacheEvicted,1788937257070000000,1788937317070000000,0
Indexing.totalTimeIndexersSleptMs,1788937257070000000,1788937317070000000,0
Indexing.writesQueuedAvg,1788937257070000000,1788937317070000000,0.0
Indexing.writer_3.totalTimeSpentWritingMs,1788937257070000000,1788937317070000000,0
FilePageCache.WAL.flushesForcedByOverflow,1788937257070000000,1788937317070000000,0
MappedFileStorage.storages,1788937257070000000,1788937317070000000,8
StorageLockContext.competingThreads.90P,1788937257070000000,1788937317070000000,0
FilePageCache.pageFastCacheHits,1788937257070000000,1788937317070000000,18519
DirectByteBufferAllocator.reclaimed,1788937257070000000,1788937317070000000,46
FilePageCache.WAL.bytesCopiedByApplyUnfinished,1788937257070000000,1788937317070000000,0
FilePageCache.totalBytesStored,1788937257070000000,1788937317070000000,383957
StreamlinedBlobStorage.recordsAllocated,1788937257070000000,1788937317070000000,0
DirectByteBufferAllocator.hits,1788937257070000000,1788937317070000000,46
StorageLockContext.competingThreads.max,1788937257070000000,1788937317070000000,3
DirectByteBufferAllocator.totalSizeOfBuffersCachedInBytes,1788937257070000000,1788937317070000000,41959424
FilePageCache.WAL.entriesFlushed,1788937257070000000,1788937317070000000,76
FilePageCache.totalPageStoresUs,1788937257070000000,1788937317070000000,19671
DirectByteBufferAllocator.misses,1788937257070000000,1788937317070000000,644
FilePageCache.WAL.entriesFlushedOnRead,1788937257070000000,1788937317070000000,5
MappedFileStorage.totalBytesMapped,1788937257070000000,1788937317070000000,232783872
FilePageCache.pageHits,1788937257070000000,1788937317070000000,0
FilePageCache.capacityInBytes,1788937257070000000,1788937317070000000,629145600
MappedFileStorage.totalPagesMapped,1788937257070000000,1788937317070000000,8
StreamlinedBlobStorage.totalLiveRecordsPayloadBytes,1788937257070000000,1788937317070000000,0
FilePageCache.totalPageDisposalsUs,1788937257070000000,1788937317070000000,8033
StreamlinedBlobStorage.recordsRelocated,1788937257070000000,1788937317070000000,0
FilePageCache.totalPageLoadsUs,1788937257070000000,1788937317070000000,313274
FilePageCache.WAL.entriesFlushedOnForce,1788937257070000000,1788937317070000000,0
FilePageCache.pageLoads,1788937257070000000,1788937317070000000,690
FileChannelInterruptsRetryer.totalRetriedAttempts,1788937257070000000,1788937317070000000,0
StreamlinedBlobStorage.totalLiveRecordsCapacityBytes,1788937257070000000,1788937317070000000,0
FilePageCache.WAL.entriesFlushedOnClose,1788937257070000000,1788937317070000000,0
FilePageCache.disposedBuffers,1788937257070000000,1788937317070000000,308
FilePageCache.uncachedFileAccess,1788937257070000000,1788937317070000000,995
FilePageCache.WAL.bytesQueued,1788937257070000000,1788937317070000000,155686
StorageLockContext.competingThreads.avg,1788937257070000000,1788937317070000000,0.03333333333333333
DirectByteBufferAllocator.disposed,1788937257070000000,1788937317070000000,262
FilePageCache.maxCacheSizeInBytes,1788937257070000000,1788937317070000000,400564224
MappedFileStorage.totalTimeSpentOnMappingUs,1788937257070000000,1788937317070000000,179239
StreamlinedBlobStorage.recordsDeleted,1788937257070000000,1788937317070000000,0
FilePageCache.WAL.entriesFlushedOnTruncate,1788937257070000000,1788937317070000000,0
DirectByteBufferAllocator.totalSizeOfBuffersAllocatedInBytes,1788937257070000000,1788937317070000000,400564224
FilePageCache.pageLoadsAboveSizeThreshold,1788937257070000000,1788937317070000000,0
FilePageCache.maxRegisteredFiles,1788937257070000000,1788937317070000000,1072
cacheStateStorage.set.counter,1788937257070000000,1788937317070000000,3
cacheStateStorage.get.counter,1788937257070000000,1788937317070000000,0
cacheStateStorage.get.duration,1788937257070000000,1788937317070000000,0
cacheStateStorage.set.duration,1788937257070000000,1788937317070000000,0
jps.global.initialize.library.bridges.ms,1788937257070000000,1788937317070000000,0
workspaceModel.mutableEntityStorage.changeLog.addReplaceEventForRemovedChild.ms,1788937257070000000,1788937317070000000,0
jps.app.storage.content.reader.load.component.ms,1788937257070000000,1788937317070000000,0
workspaceModel.mutableEntityStorage.put.entity.ms,1788937257070000000,1788937317070000000,0
workspaceModel.global.apply.state.to.project.builder.ms,1788937257070000000,1788937317070000000,0
workspaceModel.mutableEntityStorage.remove.entity.ms,1788937257070000000,1788937317070000000,0
workspaceModel.mutableEntityStorage.entities.by.source.ms,1788937257070000000,1788937317070000000,0
workspaceModel.mutableEntityStorage.collect.changes.ms,1788937257070000000,1788937317070000000,0
workspaceModel.mutableEntityStorage.instances.count,1788937257070000000,1788937317070000000,0
workspaceModel.mutableEntityStorage.changeLog.addReplaceEventForNewChild.ms,1788937257070000000,1788937317070000000,0
workspaceModel.global.updates.ms,1788937257070000000,1788937317070000000,0
jps.load.initial.state.ms,1788937257070000000,1788937317070000000,0
workspaceModel.mutableEntityStorage.add.entity.ms,1788937257070000000,1788937317070000000,0
workspaceModel.mutableEntityStorage.mutable.vfurl.index.ms,1788937257070000000,1788937317070000000,0
workspaceModel.load.cache.metadata.from.file.ms,1788937257070000000,1788937317070000000,0
workspaceModel.mutableEntityStorage.has.same.entities.ms,1788937257070000000,1788937317070000000,0
workspaceModel.mutableEntityStorage.mutable.ext.mapping.ms,1788937257070000000,1788937317070000000,0
jps.global.get.library.ms,1788937257070000000,1788937317070000000,0
workspaceModel.mutableEntityStorage.entities.ms,1788937257070000000,1788937317070000000,0
workspaceModel.mutableEntityStorage.to.snapshot.ms,1788937257070000000,1788937317070000000,0
workspaceModel.mutableEntityStorage.referrers.ms,1788937257070000000,1788937317070000000,0
jps.global.get.libraries.ms,1788937257070000000,1788937317070000000,0
jps.global.handle.before.change.events.ms,1788937257070000000,1788937317070000000,0
jps.global.handle.changed.events.ms,1788937257070000000,1788937317070000000,0
workspaceModel.save.cache.to.file.ms,1788937257070000000,1788937317070000000,0
jps.global.initialize.library.bridges.after.loading.ms,1788937257070000000,1788937317070000000,0
jps.library.entities.serializer.save.entities.ms,1788937257070000000,1788937317070000000,0
workspaceModel.mutableEntityStorage.modify.entity.ms,1788937257070000000,1788937317070000000,0
workspaceModel.mutableEntityStorage.changeLog.addReplaceEventForNewParent.ms,1788937257070000000,1788937317070000000,0
workspaceModel.load.cache.from.file.ms,1788937257070000000,1788937317070000000,0
jps.save.global.entities.ms,1788937257070000000,1788937317070000000,1
workspaceModel.mutableEntityStorage.hasReferrers.ms,1788937257070000000,1788937317070000000,0
jps.library.entities.serializer.load.entities.ms,1788937257070000000,1788937317070000000,0
workspaceModel.mutableEntityStorage.changeLog.addReplaceEventForRemovedParent.ms,1788937257070000000,1788937317070000000,0
workspaceModel.mutableEntityStorage.apply.changes.from.ms,1788937257070000000,1788937317070000000,0
workspaceModel.mutableEntityStorage.replace.by.source.ms,1788937257070000000,1788937317070000000,0
workspaceModel.mutableEntityStorage.resolve.ms,1788937257070000000,1788937317070000000,0
workspaceModel.global.updates.count,1788937257070000000,1788937317070000000,0
workspaceModel.sync.entities.ms,1788937257070000000,1788937317070000000,0
workspaceModel.global.apply.state.to.project.ms,1788937257070000000,1788937317070000000,0
jps.global.get.library.by.name.ms,1788937257070000000,1788937317070000000,0
jps.app.storage.content.writer.save.component.ms,1788937257070000000,1788937317070000000,0
workspaceModel.entityStorageSnapshotImpl.instances.count,1788937257070000000,1788937317070000000,0
writeAction.median.wait.ms,1788937257070000000,1788937317070000000,0
writeAction.wait.ms,1788937257070000000,1788937317070000000,2
writeAction.max.wait.ms,1788937257070000000,1788937317070000000,1
writeAction.count,1788937257070000000,1788937317070000000,3
FlushQueue.waitingTime90PNs,1788937317070000000,1788937377070000000,239615
ReadAction.executionsCount,1788937317070000000,1788937377070000000,60
FlushQueue.executionTime90PNs,1788937317070000000,1788937377070000000,638975
FlushQueue.queueSize90P,1788937317070000000,1788937377070000000,0
FlushQueue.queueSizeMax,1788937317070000000,1788937377070000000,0
AWTEventQueue.dispatchTime90PNs,1788937317070000000,1788937377070000000,159743
FlushQueue.queueSizeAvg,1788937317070000000,1788937377070000000,0.0
FlushQueue.waitingTimeMaxNs,1788937317070000000,1788937377070000000,239615
WriteAction.executionsCount,1788937317070000000,1788937377070000000,0
AWTEventQueue.dispatchTimeMaxNs,1788937317070000000,1788937377070000000,778239
FlushQueue.tasksExecuted,1788937317070000000,1788937377070000000,1
FlushQueue.executionTimeMaxNs,1788937317070000000,1788937377070000000,638975
FlushQueue.executionTimeAvgNs,1788937317070000000,1788937377070000000,636928.0
AWTEventQueue.eventsDispatched,1788937317070000000,1788937377070000000,182
FlushQueue.waitingTimeAvgNs,1788937317070000000,1788937377070000000,239104.0
AWTEventQueue.dispatchTimeTotalNS,1788937317070000000,1788937377070000000,23792522
AWTEventQueue.dispatchTimeAvgNs,1788937317070000000,1788937377070000000,130715.42857142857
VFS.contentStorage.recordsRead,1788937317070000000,1788937377070000000,0
VFS.cache.filesCreated,1788937317070000000,1788937377070000000,0
VFS.ContentWriter.totalTimeSpentOnAsyncOperationsUs,1788937317070000000,1788937377070000000,0
VFS.ContentWriter.totalTasksExecutedSync,1788937317070000000,1788937377070000000,0
VFS.contentStorage.recordsStoredSize,1788937317070000000,1788937377070000000,0
VFS.invertedFileNameIndex.requests,1788937317070000000,1788937377070000000,0
VFS.folderCaseSensitivityReads,1788937317070000000,1788937377070000000,0
FileNameCache.queries,1788937317070000000,1788937377070000000,0
VFS.contentStorage.recordsReadSize,1788937317070000000,1788937377070000000,0
VFS.contentStorage.recordsStoredCompressed,1788937317070000000,1788937377070000000,0
VFS.contentStorage.recordsReadDecompressed,1788937317070000000,1788937377070000000,0
VFS.fileChildByName,1788937317070000000,1788937377070000000,0
VFS.contentStorage.recordsDecompressionTimeUs,1788937317070000000,1788937377070000000,0
FileNameCache.totalMisses,1788937317070000000,1788937377070000000,0
VFS.contentStorage.recordsDeduplicated,1788937317070000000,1788937377070000000,0
VFS.fileByIdCache.hits,1788937317070000000,1788937377070000000,0
VFS.contentStorage.recordsStored,1788937317070000000,1788937377070000000,0
VFS.contentStorage.recordsUncompressedSize,1788937317070000000,1788937377070000000,0
VFS.fileByIdCache.misses,1788937317070000000,1788937377070000000,0
VFS.cache.segments,1788937317070000000,1788937377070000000,0
VFS.cache.segmentsCreated,1788937317070000000,1788937377070000000,0
VFS.ContentWriter.totalTimeSpentOnSyncOperationsUs,1788937317070000000,1788937377070000000,0
VFS.ContentWriter.totalFlushes,1788937317070000000,1788937377070000000,0
VFS.ContentWriter.totalTasksExecutedAsync,1788937317070000000,1788937377070000000,0
VFS.rootsCount,1788937317070000000,1788937377070000000,0.0
VFS.cache.directoriesCreated,1788937317070000000,1788937377070000000,0
Indexing.writesQueuedMin,1788937317070000000,1788937377070000000,0
Indexing.writer_1.totalTimeSpentWritingMs,1788937317070000000,1788937377070000000,0
Indexing.writer_0.totalTimeSpentWritingMs,1788937317070000000,1788937377070000000,0
Indexing.writesQueuedMax,1788937317070000000,1788937377070000000,0
Indexing.cache.totalCacheMisses,1788937317070000000,1788937377070000000,0
Indexing.cache.totalCacheAccesses,1788937317070000000,1788937377070000000,0
Indexing.writer_2.totalTimeSpentWritingMs,1788937317070000000,1788937377070000000,0
Indexing.cache.totalCacheEvicted,1788937317070000000,1788937377070000000,0
Indexing.totalTimeIndexersSleptMs,1788937317070000000,1788937377070000000,0
Indexing.writesQueuedAvg,1788937317070000000,1788937377070000000,0.0
Indexing.writer_3.totalTimeSpentWritingMs,1788937317070000000,1788937377070000000,0
FilePageCache.WAL.flushesForcedByOverflow,1788937317070000000,1788937377070000000,0
MappedFileStorage.storages,1788937317070000000,1788937377070000000,8
StorageLockContext.competingThreads.90P,1788937317070000000,1788937377070000000,0
FilePageCache.pageFastCacheHits,1788937317070000000,1788937377070000000,180
DirectByteBufferAllocator.reclaimed,1788937317070000000,1788937377070000000,0
FilePageCache.WAL.bytesCopiedByApplyUnfinished,1788937317070000000,1788937377070000000,0
FilePageCache.totalBytesStored,1788937317070000000,1788937377070000000,960
StreamlinedBlobStorage.recordsAllocated,1788937317070000000,1788937377070000000,0
DirectByteBufferAllocator.hits,1788937317070000000,1788937377070000000,0
StorageLockContext.competingThreads.max,1788937317070000000,1788937377070000000,0
DirectByteBufferAllocator.totalSizeOfBuffersCachedInBytes,1788937317070000000,1788937377070000000,41959424
FilePageCache.WAL.entriesFlushed,1788937317070000000,1788937377070000000,0
FilePageCache.totalPageStoresUs,1788937317070000000,1788937377070000000,9082
DirectByteBufferAllocator.misses,1788937317070000000,1788937377070000000,0
FilePageCache.WAL.entriesFlushedOnRead,1788937317070000000,1788937377070000000,0
MappedFileStorage.totalBytesMapped,1788937317070000000,1788937377070000000,232783872
FilePageCache.pageHits,1788937317070000000,1788937377070000000,0
FilePageCache.capacityInBytes,1788937317070000000,1788937377070000000,629145600
MappedFileStorage.totalPagesMapped,1788937317070000000,1788937377070000000,8
StreamlinedBlobStorage.totalLiveRecordsPayloadBytes,1788937317070000000,1788937377070000000,0
FilePageCache.totalPageDisposalsUs,1788937317070000000,1788937377070000000,0
StreamlinedBlobStorage.recordsRelocated,1788937317070000000,1788937377070000000,0
FilePageCache.totalPageLoadsUs,1788937317070000000,1788937377070000000,0
FilePageCache.WAL.entriesFlushedOnForce,1788937317070000000,1788937377070000000,0
FilePageCache.pageLoads,1788937317070000000,1788937377070000000,0
FileChannelInterruptsRetryer.totalRetriedAttempts,1788937317070000000,1788937377070000000,0
StreamlinedBlobStorage.totalLiveRecordsCapacityBytes,1788937317070000000,1788937377070000000,0
FilePageCache.WAL.entriesFlushedOnClose,1788937317070000000,1788937377070000000,0
FilePageCache.disposedBuffers,1788937317070000000,1788937377070000000,0
FilePageCache.uncachedFileAccess,1788937317070000000,1788937377070000000,60
FilePageCache.WAL.bytesQueued,1788937317070000000,1788937377070000000,0
StorageLockContext.competingThreads.avg,1788937317070000000,1788937377070000000,0.0
DirectByteBufferAllocator.disposed,1788937317070000000,1788937377070000000,0
FilePageCache.maxCacheSizeInBytes,1788937317070000000,1788937377070000000,400564224
MappedFileStorage.totalTimeSpentOnMappingUs,1788937317070000000,1788937377070000000,179239
StreamlinedBlobStorage.recordsDeleted,1788937317070000000,1788937377070000000,0
FilePageCache.WAL.entriesFlushedOnTruncate,1788937317070000000,1788937377070000000,0
DirectByteBufferAllocator.totalSizeOfBuffersAllocatedInBytes,1788937317070000000,1788937377070000000,400564224
FilePageCache.pageLoadsAboveSizeThreshold,1788937317070000000,1788937377070000000,0
FilePageCache.maxRegisteredFiles,1788937317070000000,1788937377070000000,1072
cacheStateStorage.set.counter,1788937317070000000,1788937377070000000,0
cacheStateStorage.get.counter,1788937317070000000,1788937377070000000,0
cacheStateStorage.get.duration,1788937317070000000,1788937377070000000,0
cacheStateStorage.set.duration,1788937317070000000,1788937377070000000,0
jps.global.initialize.library.bridges.ms,1788937317070000000,1788937377070000000,0
workspaceModel.mutableEntityStorage.changeLog.addReplaceEventForRemovedChild.ms,1788937317070000000,1788937377070000000,0
jps.app.storage.content.reader.load.component.ms,1788937317070000000,1788937377070000000,0
workspaceModel.mutableEntityStorage.put.entity.ms,1788937317070000000,1788937377070000000,0
workspaceModel.global.apply.state.to.project.builder.ms,1788937317070000000,1788937377070000000,0
workspaceModel.mutableEntityStorage.remove.entity.ms,1788937317070000000,1788937377070000000,0
workspaceModel.mutableEntityStorage.entities.by.source.ms,1788937317070000000,1788937377070000000,0
workspaceModel.mutableEntityStorage.collect.changes.ms,1788937317070000000,1788937377070000000,0
workspaceModel.mutableEntityStorage.instances.count,1788937317070000000,1788937377070000000,0
workspaceModel.mutableEntityStorage.changeLog.addReplaceEventForNewChild.ms,1788937317070000000,1788937377070000000,0
workspaceModel.global.updates.ms,1788937317070000000,1788937377070000000,0
jps.load.initial.state.ms,1788937317070000000,1788937377070000000,0
workspaceModel.mutableEntityStorage.add.entity.ms,1788937317070000000,1788937377070000000,0
workspaceModel.mutableEntityStorage.mutable.vfurl.index.ms,1788937317070000000,1788937377070000000,0
workspaceModel.load.cache.metadata.from.file.ms,1788937317070000000,1788937377070000000,0
workspaceModel.mutableEntityStorage.has.same.entities.ms,1788937317070000000,1788937377070000000,0
workspaceModel.mutableEntityStorage.mutable.ext.mapping.ms,1788937317070000000,1788937377070000000,0
jps.global.get.library.ms,1788937317070000000,1788937377070000000,0
workspaceModel.mutableEntityStorage.entities.ms,1788937317070000000,1788937377070000000,0
workspaceModel.mutableEntityStorage.to.snapshot.ms,1788937317070000000,1788937377070000000,0
workspaceModel.mutableEntityStorage.referrers.ms,1788937317070000000,1788937377070000000,0
jps.global.get.libraries.ms,1788937317070000000,1788937377070000000,0
jps.global.handle.before.change.events.ms,1788937317070000000,1788937377070000000,0
jps.global.handle.changed.events.ms,1788937317070000000,1788937377070000000,0
workspaceModel.save.cache.to.file.ms,1788937317070000000,1788937377070000000,0
jps.global.initialize.library.bridges.after.loading.ms,1788937317070000000,1788937377070000000,0
jps.library.entities.serializer.save.entities.ms,1788937317070000000,1788937377070000000,0
workspaceModel.mutableEntityStorage.modify.entity.ms,1788937317070000000,1788937377070000000,0
workspaceModel.mutableEntityStorage.changeLog.addReplaceEventForNewParent.ms,1788937317070000000,1788937377070000000,0
workspaceModel.load.cache.from.file.ms,1788937317070000000,1788937377070000000,0
jps.save.global.entities.ms,1788937317070000000,1788937377070000000,0
workspaceModel.mutableEntityStorage.hasReferrers.ms,1788937317070000000,1788937377070000000,0
jps.library.entities.serializer.load.entities.ms,1788937317070000000,1788937377070000000,0
workspaceModel.mutableEntityStorage.changeLog.addReplaceEventForRemovedParent.ms,1788937317070000000,1788937377070000000,0
workspaceModel.mutableEntityStorage.apply.changes.from.ms,1788937317070000000,1788937377070000000,0
workspaceModel.mutableEntityStorage.replace.by.source.ms,1788937317070000000,1788937377070000000,0
workspaceModel.mutableEntityStorage.resolve.ms,1788937317070000000,1788937377070000000,0
workspaceModel.global.updates.count,1788937317070000000,1788937377070000000,0
workspaceModel.sync.entities.ms,1788937317070000000,1788937377070000000,0
workspaceModel.global.apply.state.to.project.ms,1788937317070000000,1788937377070000000,0
jps.global.get.library.by.name.ms,1788937317070000000,1788937377070000000,0
jps.app.storage.content.writer.save.component.ms,1788937317070000000,1788937377070000000,0
workspaceModel.entityStorageSnapshotImpl.instances.count,1788937317070000000,1788937377070000000,0
writeAction.median.wait.ms,1788937317070000000,1788937377070000000,0
writeAction.wait.ms,1788937317070000000,1788937377070000000,0
writeAction.max.wait.ms,1788937317070000000,1788937377070000000,1
writeAction.count,1788937317070000000,1788937377070000000,0
FlushQueue.waitingTime90PNs,1788937377070000000,1788937437070000000,0
ReadAction.executionsCount,1788937377070000000,1788937437070000000,60
FlushQueue.executionTime90PNs,1788937377070000000,1788937437070000000,0
FlushQueue.queueSize90P,1788937377070000000,1788937437070000000,0
FlushQueue.queueSizeMax,1788937377070000000,1788937437070000000,0
AWTEventQueue.dispatchTime90PNs,1788937377070000000,1788937437070000000,142335
FlushQueue.queueSizeAvg,1788937377070000000,1788937437070000000,0.0
FlushQueue.waitingTimeMaxNs,1788937377070000000,1788937437070000000,0
WriteAction.executionsCount,1788937377070000000,1788937437070000000,0
AWTEventQueue.dispatchTimeMaxNs,1788937377070000000,1788937437070000000,2473983
FlushQueue.tasksExecuted,1788937377070000000,1788937437070000000,0
FlushQueue.executionTimeMaxNs,1788937377070000000,1788937437070000000,0
FlushQueue.executionTimeAvgNs,1788937377070000000,1788937437070000000,0.0
AWTEventQueue.eventsDispatched,1788937377070000000,1788937437070000000,180
FlushQueue.waitingTimeAvgNs,1788937377070000000,1788937437070000000,0.0
AWTEventQueue.dispatchTimeTotalNS,1788937377070000000,1788937437070000000,23712608
AWTEventQueue.dispatchTimeAvgNs,1788937377070000000,1788937437070000000,131761.77777777778
VFS.contentStorage.recordsRead,1788937377070000000,1788937437070000000,0
VFS.cache.filesCreated,1788937377070000000,1788937437070000000,0
VFS.ContentWriter.totalTimeSpentOnAsyncOperationsUs,1788937377070000000,1788937437070000000,0
VFS.ContentWriter.totalTasksExecutedSync,1788937377070000000,1788937437070000000,0
VFS.contentStorage.recordsStoredSize,1788937377070000000,1788937437070000000,0
VFS.invertedFileNameIndex.requests,1788937377070000000,1788937437070000000,0
VFS.folderCaseSensitivityReads,1788937377070000000,1788937437070000000,0
FileNameCache.queries,1788937377070000000,1788937437070000000,0
VFS.contentStorage.recordsReadSize,1788937377070000000,1788937437070000000,0
VFS.contentStorage.recordsStoredCompressed,1788937377070000000,1788937437070000000,0
VFS.contentStorage.recordsReadDecompressed,1788937377070000000,1788937437070000000,0
VFS.fileChildByName,1788937377070000000,1788937437070000000,0
VFS.contentStorage.recordsDecompressionTimeUs,1788937377070000000,1788937437070000000,0
FileNameCache.totalMisses,1788937377070000000,1788937437070000000,0
VFS.contentStorage.recordsDeduplicated,1788937377070000000,1788937437070000000,0
VFS.fileByIdCache.hits,1788937377070000000,1788937437070000000,0
VFS.contentStorage.recordsStored,1788937377070000000,1788937437070000000,0
VFS.contentStorage.recordsUncompressedSize,1788937377070000000,1788937437070000000,0
VFS.fileByIdCache.misses,1788937377070000000,1788937437070000000,0
VFS.cache.segments,1788937377070000000,1788937437070000000,0
VFS.cache.segmentsCreated,1788937377070000000,1788937437070000000,0
VFS.ContentWriter.totalTimeSpentOnSyncOperationsUs,1788937377070000000,1788937437070000000,0
VFS.ContentWriter.totalFlushes,1788937377070000000,1788937437070000000,0
VFS.ContentWriter.totalTasksExecutedAsync,1788937377070000000,1788937437070000000,0
VFS.rootsCount,1788937377070000000,1788937437070000000,0.0
VFS.cache.directoriesCreated,1788937377070000000,1788937437070000000,0
Indexing.writesQueuedMin,1788937377070000000,1788937437070000000,0
Indexing.writer_1.totalTimeSpentWritingMs,1788937377070000000,1788937437070000000,0
Indexing.writer_0.totalTimeSpentWritingMs,1788937377070000000,1788937437070000000,0
Indexing.writesQueuedMax,1788937377070000000,1788937437070000000,0
Indexing.cache.totalCacheMisses,1788937377070000000,1788937437070000000,0
Indexing.cache.totalCacheAccesses,1788937377070000000,1788937437070000000,0
Indexing.writer_2.totalTimeSpentWritingMs,1788937377070000000,1788937437070000000,0
Indexing.cache.totalCacheEvicted,1788937377070000000,1788937437070000000,0
Indexing.totalTimeIndexersSleptMs,1788937377070000000,1788937437070000000,0
Indexing.writesQueuedAvg,1788937377070000000,1788937437070000000,0.0
Indexing.writer_3.totalTimeSpentWritingMs,1788937377070000000,1788937437070000000,0
FilePageCache.WAL.flushesForcedByOverflow,1788937377070000000,1788937437070000000,0
MappedFileStorage.storages,1788937377070000000,1788937437070000000,8
StorageLockContext.competingThreads.90P,1788937377070000000,1788937437070000000,0
FilePageCache.pageFastCacheHits,1788937377070000000,1788937437070000000,180
DirectByteBufferAllocator.reclaimed,1788937377070000000,1788937437070000000,0
FilePageCache.WAL.bytesCopiedByApplyUnfinished,1788937377070000000,1788937437070000000,0
FilePageCache.totalBytesStored,1788937377070000000,1788937437070000000,960
StreamlinedBlobStorage.recordsAllocated,1788937377070000000,1788937437070000000,0
DirectByteBufferAllocator.hits,1788937377070000000,1788937437070000000,0
StorageLockContext.competingThreads.max,1788937377070000000,1788937437070000000,0
DirectByteBufferAllocator.totalSizeOfBuffersCachedInBytes,1788937377070000000,1788937437070000000,41959424
FilePageCache.WAL.entriesFlushed,1788937377070000000,1788937437070000000,0
FilePageCache.totalPageStoresUs,1788937377070000000,1788937437070000000,9101
DirectByteBufferAllocator.misses,1788937377070000000,1788937437070000000,0
FilePageCache.WAL.entriesFlushedOnRead,1788937377070000000,1788937437070000000,0
MappedFileStorage.totalBytesMapped,1788937377070000000,1788937437070000000,232783872
FilePageCache.pageHits,1788937377070000000,1788937437070000000,0
FilePageCache.capacityInBytes,1788937377070000000,1788937437070000000,629145600
MappedFileStorage.totalPagesMapped,1788937377070000000,1788937437070000000,8
StreamlinedBlobStorage.totalLiveRecordsPayloadBytes,1788937377070000000,1788937437070000000,0
FilePageCache.totalPageDisposalsUs,1788937377070000000,1788937437070000000,0
StreamlinedBlobStorage.recordsRelocated,1788937377070000000,1788937437070000000,0
FilePageCache.totalPageLoadsUs,1788937377070000000,1788937437070000000,0
FilePageCache.WAL.entriesFlushedOnForce,1788937377070000000,1788937437070000000,0
FilePageCache.pageLoads,1788937377070000000,1788937437070000000,0
FileChannelInterruptsRetryer.totalRetriedAttempts,1788937377070000000,1788937437070000000,0
StreamlinedBlobStorage.totalLiveRecordsCapacityBytes,1788937377070000000,1788937437070000000,0
FilePageCache.WAL.entriesFlushedOnClose,1788937377070000000,1788937437070000000,0
FilePageCache.disposedBuffers,1788937377070000000,1788937437070000000,0
FilePageCache.uncachedFileAccess,1788937377070000000,1788937437070000000,60
FilePageCache.WAL.bytesQueued,1788937377070000000,1788937437070000000,0
StorageLockContext.competingThreads.avg,1788937377070000000,1788937437070000000,0.0
DirectByteBufferAllocator.disposed,1788937377070000000,1788937437070000000,0
FilePageCache.maxCacheSizeInBytes,1788937377070000000,1788937437070000000,400564224
MappedFileStorage.totalTimeSpentOnMappingUs,1788937377070000000,1788937437070000000,179239
StreamlinedBlobStorage.recordsDeleted,1788937377070000000,1788937437070000000,0
FilePageCache.WAL.entriesFlushedOnTruncate,1788937377070000000,1788937437070000000,0
DirectByteBufferAllocator.totalSizeOfBuffersAllocatedInBytes,1788937377070000000,1788937437070000000,400564224
FilePageCache.pageLoadsAboveSizeThreshold,1788937377070000000,1788937437070000000,0
FilePageCache.maxRegisteredFiles,1788937377070000000,1788937437070000000,1072
cacheStateStorage.set.counter,1788937377070000000,1788937437070000000,0
cacheStateStorage.get.counter,1788937377070000000,1788937437070000000,0
cacheStateStorage.get.duration,1788937377070000000,1788937437070000000,0
cacheStateStorage.set.duration,1788937377070000000,1788937437070000000,0
jps.global.initialize.library.bridges.ms,1788937377070000000,1788937437070000000,0
workspaceModel.mutableEntityStorage.changeLog.addReplaceEventForRemovedChild.ms,1788937377070000000,1788937437070000000,0
jps.app.storage.content.reader.load.component.ms,1788937377070000000,1788937437070000000,0
workspaceModel.mutableEntityStorage.put.entity.ms,1788937377070000000,1788937437070000000,0
workspaceModel.global.apply.state.to.project.builder.ms,1788937377070000000,1788937437070000000,0
workspaceModel.mutableEntityStorage.remove.entity.ms,1788937377070000000,1788937437070000000,0
workspaceModel.mutableEntityStorage.entities.by.source.ms,1788937377070000000,1788937437070000000,0
workspaceModel.mutableEntityStorage.collect.changes.ms,1788937377070000000,1788937437070000000,0
workspaceModel.mutableEntityStorage.instances.count,1788937377070000000,1788937437070000000,0
workspaceModel.mutableEntityStorage.changeLog.addReplaceEventForNewChild.ms,1788937377070000000,1788937437070000000,0
workspaceModel.global.updates.ms,1788937377070000000,1788937437070000000,0
jps.load.initial.state.ms,1788937377070000000,1788937437070000000,0
workspaceModel.mutableEntityStorage.add.entity.ms,1788937377070000000,1788937437070000000,0
workspaceModel.mutableEntityStorage.mutable.vfurl.index.ms,1788937377070000000,1788937437070000000,0
workspaceModel.load.cache.metadata.from.file.ms,1788937377070000000,1788937437070000000,0
workspaceModel.mutableEntityStorage.has.same.entities.ms,1788937377070000000,1788937437070000000,0
workspaceModel.mutableEntityStorage.mutable.ext.mapping.ms,1788937377070000000,1788937437070000000,0
jps.global.get.library.ms,1788937377070000000,1788937437070000000,0
workspaceModel.mutableEntityStorage.entities.ms,1788937377070000000,1788937437070000000,0
workspaceModel.mutableEntityStorage.to.snapshot.ms,1788937377070000000,1788937437070000000,0
workspaceModel.mutableEntityStorage.referrers.ms,1788937377070000000,1788937437070000000,0
jps.global.get.libraries.ms,1788937377070000000,1788937437070000000,0
jps.global.handle.before.change.events.ms,1788937377070000000,1788937437070000000,0
jps.global.handle.changed.events.ms,1788937377070000000,1788937437070000000,0
workspaceModel.save.cache.to.file.ms,1788937377070000000,1788937437070000000,0
jps.global.initialize.library.bridges.after.loading.ms,1788937377070000000,1788937437070000000,0
jps.library.entities.serializer.save.entities.ms,1788937377070000000,1788937437070000000,0
workspaceModel.mutableEntityStorage.modify.entity.ms,1788937377070000000,1788937437070000000,0
workspaceModel.mutableEntityStorage.changeLog.addReplaceEventForNewParent.ms,1788937377070000000,1788937437070000000,0
workspaceModel.load.cache.from.file.ms,1788937377070000000,1788937437070000000,0
jps.save.global.entities.ms,1788937377070000000,1788937437070000000,0
workspaceModel.mutableEntityStorage.hasReferrers.ms,1788937377070000000,1788937437070000000,0
jps.library.entities.serializer.load.entities.ms,1788937377070000000,1788937437070000000,0
workspaceModel.mutableEntityStorage.changeLog.addReplaceEventForRemovedParent.ms,1788937377070000000,1788937437070000000,0
workspaceModel.mutableEntityStorage.apply.changes.from.ms,1788937377070000000,1788937437070000000,0
workspaceModel.mutableEntityStorage.replace.by.source.ms,1788937377070000000,1788937437070000000,0
workspaceModel.mutableEntityStorage.resolve.ms,1788937377070000000,1788937437070000000,0
workspaceModel.global.updates.count,1788937377070000000,1788937437070000000,0
workspaceModel.sync.entities.ms,1788937377070000000,1788937437070000000,0
workspaceModel.global.apply.state.to.project.ms,1788937377070000000,1788937437070000000,0
jps.global.get.library.by.name.ms,1788937377070000000,1788937437070000000,0
jps.app.storage.content.writer.save.component.ms,1788937377070000000,1788937437070000000,0
workspaceModel.entityStorageSnapshotImpl.instances.count,1788937377070000000,1788937437070000000,0
writeAction.median.wait.ms,1788937377070000000,1788937437070000000,0
writeAction.wait.ms,1788937377070000000,1788937437070000000,0
writeAction.max.wait.ms,1788937377070000000,1788937437070000000,1
writeAction.count,1788937377070000000,1788937437070000000,0
FlushQueue.waitingTime90PNs,1788937437070000000,1788937497070000000,0
ReadAction.executionsCount,1788937437070000000,1788937497070000000,60
FlushQueue.executionTime90PNs,1788937437070000000,1788937497070000000,0
FlushQueue.queueSize90P,1788937437070000000,1788937497070000000,0
FlushQueue.queueSizeMax,1788937437070000000,1788937497070000000,0
AWTEventQueue.dispatchTime90PNs,1788937437070000000,1788937497070000000,142335
FlushQueue.queueSizeAvg,1788937437070000000,1788937497070000000,0.0
FlushQueue.waitingTimeMaxNs,1788937437070000000,1788937497070000000,0
WriteAction.executionsCount,1788937437070000000,1788937497070000000,0
AWTEventQueue.dispatchTimeMaxNs,1788937437070000000,1788937497070000000,450559
FlushQueue.tasksExecuted,1788937437070000000,1788937497070000000,0
FlushQueue.executionTimeMaxNs,1788937437070000000,1788937497070000000,0
FlushQueue.executionTimeAvgNs,1788937437070000000,1788937497070000000,0.0
AWTEventQueue.eventsDispatched,1788937437070000000,1788937497070000000,180
FlushQueue.waitingTimeAvgNs,1788937437070000000,1788937497070000000,0.0
AWTEventQueue.dispatchTimeTotalNS,1788937437070000000,1788937497070000000,20762607
AWTEventQueue.dispatchTimeAvgNs,1788937437070000000,1788937497070000000,115357.15555555555
VFS.contentStorage.recordsRead,1788937437070000000,1788937497070000000,0
VFS.cache.filesCreated,1788937437070000000,1788937497070000000,0
VFS.ContentWriter.totalTimeSpentOnAsyncOperationsUs,1788937437070000000,1788937497070000000,0
VFS.ContentWriter.totalTasksExecutedSync,1788937437070000000,1788937497070000000,0
VFS.contentStorage.recordsStoredSize,1788937437070000000,1788937497070000000,0
VFS.invertedFileNameIndex.requests,1788937437070000000,1788937497070000000,0
VFS.folderCaseSensitivityReads,1788937437070000000,1788937497070000000,0
FileNameCache.queries,1788937437070000000,1788937497070000000,0
VFS.contentStorage.recordsReadSize,1788937437070000000,1788937497070000000,0
VFS.contentStorage.recordsStoredCompressed,1788937437070000000,1788937497070000000,0
VFS.contentStorage.recordsReadDecompressed,1788937437070000000,1788937497070000000,0
VFS.fileChildByName,1788937437070000000,1788937497070000000,0
VFS.contentStorage.recordsDecompressionTimeUs,1788937437070000000,1788937497070000000,0
FileNameCache.totalMisses,1788937437070000000,1788937497070000000,0
VFS.contentStorage.recordsDeduplicated,1788937437070000000,1788937497070000000,0
VFS.fileByIdCache.hits,1788937437070000000,1788937497070000000,0
VFS.contentStorage.recordsStored,1788937437070000000,1788937497070000000,0
VFS.contentStorage.recordsUncompressedSize,1788937437070000000,1788937497070000000,0
VFS.fileByIdCache.misses,1788937437070000000,1788937497070000000,0
VFS.cache.segments,1788937437070000000,1788937497070000000,0
VFS.cache.segmentsCreated,1788937437070000000,1788937497070000000,0
VFS.ContentWriter.totalTimeSpentOnSyncOperationsUs,1788937437070000000,1788937497070000000,0
VFS.ContentWriter.totalFlushes,1788937437070000000,1788937497070000000,0
VFS.ContentWriter.totalTasksExecutedAsync,1788937437070000000,1788937497070000000,0
VFS.rootsCount,1788937437070000000,1788937497070000000,0.0
VFS.cache.directoriesCreated,1788937437070000000,1788937497070000000,0
Indexing.writesQueuedMin,1788937437070000000,1788937497070000000,0
Indexing.writer_1.totalTimeSpentWritingMs,1788937437070000000,1788937497070000000,0
Indexing.writer_0.totalTimeSpentWritingMs,1788937437070000000,1788937497070000000,0
Indexing.writesQueuedMax,1788937437070000000,1788937497070000000,0
Indexing.cache.totalCacheMisses,1788937437070000000,1788937497070000000,0
Indexing.cache.totalCacheAccesses,1788937437070000000,1788937497070000000,0
Indexing.writer_2.totalTimeSpentWritingMs,1788937437070000000,1788937497070000000,0
Indexing.cache.totalCacheEvicted,1788937437070000000,1788937497070000000,0
Indexing.totalTimeIndexersSleptMs,1788937437070000000,1788937497070000000,0
Indexing.writesQueuedAvg,1788937437070000000,1788937497070000000,0.0
Indexing.writer_3.totalTimeSpentWritingMs,1788937437070000000,1788937497070000000,0
FilePageCache.WAL.flushesForcedByOverflow,1788937437070000000,1788937497070000000,0
MappedFileStorage.storages,1788937437070000000,1788937497070000000,8
StorageLockContext.competingThreads.90P,1788937437070000000,1788937497070000000,0
FilePageCache.pageFastCacheHits,1788937437070000000,1788937497070000000,180
DirectByteBufferAllocator.reclaimed,1788937437070000000,1788937497070000000,0
FilePageCache.WAL.bytesCopiedByApplyUnfinished,1788937437070000000,1788937497070000000,0
FilePageCache.totalBytesStored,1788937437070000000,1788937497070000000,960
StreamlinedBlobStorage.recordsAllocated,1788937437070000000,1788937497070000000,0
DirectByteBufferAllocator.hits,1788937437070000000,1788937497070000000,0
StorageLockContext.competingThreads.max,1788937437070000000,1788937497070000000,0
DirectByteBufferAllocator.totalSizeOfBuffersCachedInBytes,1788937437070000000,1788937497070000000,41959424
FilePageCache.WAL.entriesFlushed,1788937437070000000,1788937497070000000,0
FilePageCache.totalPageStoresUs,1788937437070000000,1788937497070000000,8814
DirectByteBufferAllocator.misses,1788937437070000000,1788937497070000000,0
FilePageCache.WAL.entriesFlushedOnRead,1788937437070000000,1788937497070000000,0
MappedFileStorage.totalBytesMapped,1788937437070000000,1788937497070000000,232783872
FilePageCache.pageHits,1788937437070000000,1788937497070000000,0
FilePageCache.capacityInBytes,1788937437070000000,1788937497070000000,629145600
MappedFileStorage.totalPagesMapped,1788937437070000000,1788937497070000000,8
StreamlinedBlobStorage.totalLiveRecordsPayloadBytes,1788937437070000000,1788937497070000000,0
FilePageCache.totalPageDisposalsUs,1788937437070000000,1788937497070000000,0
StreamlinedBlobStorage.recordsRelocated,1788937437070000000,1788937497070000000,0
FilePageCache.totalPageLoadsUs,1788937437070000000,1788937497070000000,0
FilePageCache.WAL.entriesFlushedOnForce,1788937437070000000,1788937497070000000,0
FilePageCache.pageLoads,1788937437070000000,1788937497070000000,0
FileChannelInterruptsRetryer.totalRetriedAttempts,1788937437070000000,1788937497070000000,0
StreamlinedBlobStorage.totalLiveRecordsCapacityBytes,1788937437070000000,1788937497070000000,0
FilePageCache.WAL.entriesFlushedOnClose,1788937437070000000,1788937497070000000,0
FilePageCache.disposedBuffers,1788937437070000000,1788937497070000000,0
FilePageCache.uncachedFileAccess,1788937437070000000,1788937497070000000,60
FilePageCache.WAL.bytesQueued,1788937437070000000,1788937497070000000,0
StorageLockContext.competingThreads.avg,1788937437070000000,1788937497070000000,0.0
DirectByteBufferAllocator.disposed,1788937437070000000,1788937497070000000,0
FilePageCache.maxCacheSizeInBytes,1788937437070000000,1788937497070000000,400564224
MappedFileStorage.totalTimeSpentOnMappingUs,1788937437070000000,1788937497070000000,179239
StreamlinedBlobStorage.recordsDeleted,1788937437070000000,1788937497070000000,0
FilePageCache.WAL.entriesFlushedOnTruncate,1788937437070000000,1788937497070000000,0
DirectByteBufferAllocator.totalSizeOfBuffersAllocatedInBytes,1788937437070000000,1788937497070000000,400564224
FilePageCache.pageLoadsAboveSizeThreshold,1788937437070000000,1788937497070000000,0
FilePageCache.maxRegisteredFiles,1788937437070000000,1788937497070000000,1072
cacheStateStorage.set.counter,1788937437070000000,1788937497070000000,0
cacheStateStorage.get.counter,1788937437070000000,1788937497070000000,0
cacheStateStorage.get.duration,1788937437070000000,1788937497070000000,0
cacheStateStorage.set.duration,1788937437070000000,1788937497070000000,0
jps.global.initialize.library.bridges.ms,1788937437070000000,1788937497070000000,0
workspaceModel.mutableEntityStorage.changeLog.addReplaceEventForRemovedChild.ms,1788937437070000000,1788937497070000000,0
jps.app.storage.content.reader.load.component.ms,1788937437070000000,1788937497070000000,0
workspaceModel.mutableEntityStorage.put.entity.ms,1788937437070000000,1788937497070000000,0
workspaceModel.global.apply.state.to.project.builder.ms,1788937437070000000,1788937497070000000,0
workspaceModel.mutableEntityStorage.remove.entity.ms,1788937437070000000,1788937497070000000,0
workspaceModel.mutableEntityStorage.entities.by.source.ms,1788937437070000000,1788937497070000000,0
workspaceModel.mutableEntityStorage.collect.changes.ms,1788937437070000000,1788937497070000000,0
workspaceModel.mutableEntityStorage.instances.count,1788937437070000000,1788937497070000000,0
workspaceModel.mutableEntityStorage.changeLog.addReplaceEventForNewChild.ms,1788937437070000000,1788937497070000000,0
workspaceModel.global.updates.ms,1788937437070000000,1788937497070000000,0
jps.load.initial.state.ms,1788937437070000000,1788937497070000000,0
workspaceModel.mutableEntityStorage.add.entity.ms,1788937437070000000,1788937497070000000,0
workspaceModel.mutableEntityStorage.mutable.vfurl.index.ms,1788937437070000000,1788937497070000000,0
workspaceModel.load.cache.metadata.from.file.ms,1788937437070000000,1788937497070000000,0
workspaceModel.mutableEntityStorage.has.same.entities.ms,1788937437070000000,1788937497070000000,0
workspaceModel.mutableEntityStorage.mutable.ext.mapping.ms,1788937437070000000,1788937497070000000,0
jps.global.get.library.ms,1788937437070000000,1788937497070000000,0
workspaceModel.mutableEntityStorage.entities.ms,1788937437070000000,1788937497070000000,0
workspaceModel.mutableEntityStorage.to.snapshot.ms,1788937437070000000,1788937497070000000,0
workspaceModel.mutableEntityStorage.referrers.ms,1788937437070000000,1788937497070000000,0
jps.global.get.libraries.ms,1788937437070000000,1788937497070000000,0
jps.global.handle.before.change.events.ms,1788937437070000000,1788937497070000000,0
jps.global.handle.changed.events.ms,1788937437070000000,1788937497070000000,0
workspaceModel.save.cache.to.file.ms,1788937437070000000,1788937497070000000,0
jps.global.initialize.library.bridges.after.loading.ms,1788937437070000000,1788937497070000000,0
jps.library.entities.serializer.save.entities.ms,1788937437070000000,1788937497070000000,0
workspaceModel.mutableEntityStorage.modify.entity.ms,1788937437070000000,1788937497070000000,0
workspaceModel.mutableEntityStorage.changeLog.addReplaceEventForNewParent.ms,1788937437070000000,1788937497070000000,0
workspaceModel.load.cache.from.file.ms,1788937437070000000,1788937497070000000,0
jps.save.global.entities.ms,1788937437070000000,1788937497070000000,0
workspaceModel.mutableEntityStorage.hasReferrers.ms,1788937437070000000,1788937497070000000,0
jps.library.entities.serializer.load.entities.ms,1788937437070000000,1788937497070000000,0
workspaceModel.mutableEntityStorage.changeLog.addReplaceEventForRemovedParent.ms,1788937437070000000,1788937497070000000,0
workspaceModel.mutableEntityStorage.apply.changes.from.ms,1788937437070000000,1788937497070000000,0
workspaceModel.mutableEntityStorage.replace.by.source.ms,1788937437070000000,1788937497070000000,0
workspaceModel.mutableEntityStorage.resolve.ms,1788937437070000000,1788937497070000000,0
workspaceModel.global.updates.count,1788937437070000000,1788937497070000000,0
workspaceModel.sync.entities.ms,1788937437070000000,1788937497070000000,0
workspaceModel.global.apply.state.to.project.ms,1788937437070000000,1788937497070000000,0
jps.global.get.library.by.name.ms,1788937437070000000,1788937497070000000,0
jps.app.storage.content.writer.save.component.ms,1788937437070000000,1788937497070000000,0
workspaceModel.entityStorageSnapshotImpl.instances.count,1788937437070000000,1788937497070000000,0
writeAction.median.wait.ms,1788937437070000000,1788937497070000000,0
writeAction.wait.ms,1788937437070000000,1788937497070000000,0
writeAction.max.wait.ms,1788937437070000000,1788937497070000000,1
writeAction.count,1788937437070000000,1788937497070000000,0
FlushQueue.waitingTime90PNs,1788937497070000000,1788937557070000000,0
ReadAction.executionsCount,1788937497070000000,1788937557070000000,60
FlushQueue.executionTime90PNs,1788937497070000000,1788937557070000000,0
FlushQueue.queueSize90P,1788937497070000000,1788937557070000000,0
FlushQueue.queueSizeMax,1788937497070000000,1788937557070000000,0
AWTEventQueue.dispatchTime90PNs,1788937497070000000,1788937557070000000,142335
FlushQueue.queueSizeAvg,1788937497070000000,1788937557070000000,0.0
FlushQueue.waitingTimeMaxNs,1788937497070000000,1788937557070000000,0
WriteAction.executionsCount,1788937497070000000,1788937557070000000,0
AWTEventQueue.dispatchTimeMaxNs,1788937497070000000,1788937557070000000,165887
FlushQueue.tasksExecuted,1788937497070000000,1788937557070000000,0
FlushQueue.executionTimeMaxNs,1788937497070000000,1788937557070000000,0
FlushQueue.executionTimeAvgNs,1788937497070000000,1788937557070000000,0.0
AWTEventQueue.eventsDispatched,1788937497070000000,1788937557070000000,179
FlushQueue.waitingTimeAvgNs,1788937497070000000,1788937557070000000,0.0
AWTEventQueue.dispatchTimeTotalNS,1788937497070000000,1788937557070000000,19639656
AWTEventQueue.dispatchTimeAvgNs,1788937497070000000,1788937557070000000,109731.03910614525
VFS.contentStorage.recordsRead,1788937497070000000,1788937557070000000,0
VFS.cache.filesCreated,1788937497070000000,1788937557070000000,0
VFS.ContentWriter.totalTimeSpentOnAsyncOperationsUs,1788937497070000000,1788937557070000000,0
VFS.ContentWriter.totalTasksExecutedSync,1788937497070000000,1788937557070000000,0
VFS.contentStorage.recordsStoredSize,1788937497070000000,1788937557070000000,0
VFS.invertedFileNameIndex.requests,1788937497070000000,1788937557070000000,0
VFS.folderCaseSensitivityReads,1788937497070000000,1788937557070000000,0
FileNameCache.queries,1788937497070000000,1788937557070000000,0
VFS.contentStorage.recordsReadSize,1788937497070000000,1788937557070000000,0
VFS.contentStorage.recordsStoredCompressed,1788937497070000000,1788937557070000000,0
VFS.contentStorage.recordsReadDecompressed,1788937497070000000,1788937557070000000,0
VFS.fileChildByName,1788937497070000000,1788937557070000000,0
VFS.contentStorage.recordsDecompressionTimeUs,1788937497070000000,1788937557070000000,0
FileNameCache.totalMisses,1788937497070000000,1788937557070000000,0
VFS.contentStorage.recordsDeduplicated,1788937497070000000,1788937557070000000,0
VFS.fileByIdCache.hits,1788937497070000000,1788937557070000000,0
VFS.contentStorage.recordsStored,1788937497070000000,1788937557070000000,0
VFS.contentStorage.recordsUncompressedSize,1788937497070000000,1788937557070000000,0
VFS.fileByIdCache.misses,1788937497070000000,1788937557070000000,0
VFS.cache.segments,1788937497070000000,1788937557070000000,0
VFS.cache.segmentsCreated,1788937497070000000,1788937557070000000,0
VFS.ContentWriter.totalTimeSpentOnSyncOperationsUs,1788937497070000000,1788937557070000000,0
VFS.ContentWriter.totalFlushes,1788937497070000000,1788937557070000000,0
VFS.ContentWriter.totalTasksExecutedAsync,1788937497070000000,1788937557070000000,0
VFS.rootsCount,1788937497070000000,1788937557070000000,0.0
VFS.cache.directoriesCreated,1788937497070000000,1788937557070000000,0
Indexing.writesQueuedMin,1788937497070000000,1788937557070000000,0
Indexing.writer_1.totalTimeSpentWritingMs,1788937497070000000,1788937557070000000,0
Indexing.writer_0.totalTimeSpentWritingMs,1788937497070000000,1788937557070000000,0
Indexing.writesQueuedMax,1788937497070000000,1788937557070000000,0
Indexing.cache.totalCacheMisses,1788937497070000000,1788937557070000000,0
Indexing.cache.totalCacheAccesses,1788937497070000000,1788937557070000000,0
Indexing.writer_2.totalTimeSpentWritingMs,1788937497070000000,1788937557070000000,0
Indexing.cache.totalCacheEvicted,1788937497070000000,1788937557070000000,0
Indexing.totalTimeIndexersSleptMs,1788937497070000000,1788937557070000000,0
Indexing.writesQueuedAvg,1788937497070000000,1788937557070000000,0.0
Indexing.writer_3.totalTimeSpentWritingMs,1788937497070000000,1788937557070000000,0
FilePageCache.WAL.flushesForcedByOverflow,1788937497070000000,1788937557070000000,0
MappedFileStorage.storages,1788937497070000000,1788937557070000000,8
StorageLockContext.competingThreads.90P,1788937497070000000,1788937557070000000,0
FilePageCache.pageFastCacheHits,1788937497070000000,1788937557070000000,180
DirectByteBufferAllocator.reclaimed,1788937497070000000,1788937557070000000,0
FilePageCache.WAL.bytesCopiedByApplyUnfinished,1788937497070000000,1788937557070000000,0
FilePageCache.totalBytesStored,1788937497070000000,1788937557070000000,960
StreamlinedBlobStorage.recordsAllocated,1788937497070000000,1788937557070000000,0
DirectByteBufferAllocator.hits,1788937497070000000,1788937557070000000,0
StorageLockContext.competingThreads.max,1788937497070000000,1788937557070000000,0
DirectByteBufferAllocator.totalSizeOfBuffersCachedInBytes,1788937497070000000,1788937557070000000,41959424
FilePageCache.WAL.entriesFlushed,1788937497070000000,1788937557070000000,0
FilePageCache.totalPageStoresUs,1788937497070000000,1788937557070000000,9281
DirectByteBufferAllocator.misses,1788937497070000000,1788937557070000000,0
FilePageCache.WAL.entriesFlushedOnRead,1788937497070000000,1788937557070000000,0
MappedFileStorage.totalBytesMapped,1788937497070000000,1788937557070000000,232783872
FilePageCache.pageHits,1788937497070000000,1788937557070000000,0
FilePageCache.capacityInBytes,1788937497070000000,1788937557070000000,629145600
MappedFileStorage.totalPagesMapped,1788937497070000000,1788937557070000000,8
StreamlinedBlobStorage.totalLiveRecordsPayloadBytes,1788937497070000000,1788937557070000000,0
FilePageCache.totalPageDisposalsUs,1788937497070000000,1788937557070000000,0
StreamlinedBlobStorage.recordsRelocated,1788937497070000000,1788937557070000000,0
FilePageCache.totalPageLoadsUs,1788937497070000000,1788937557070000000,0
FilePageCache.WAL.entriesFlushedOnForce,1788937497070000000,1788937557070000000,0
FilePageCache.pageLoads,1788937497070000000,1788937557070000000,0
FileChannelInterruptsRetryer.totalRetriedAttempts,1788937497070000000,1788937557070000000,0
StreamlinedBlobStorage.totalLiveRecordsCapacityBytes,1788937497070000000,1788937557070000000,0
FilePageCache.WAL.entriesFlushedOnClose,1788937497070000000,1788937557070000000,0
FilePageCache.disposedBuffers,1788937497070000000,1788937557070000000,0
FilePageCache.uncachedFileAccess,1788937497070000000,1788937557070000000,60
FilePageCache.WAL.bytesQueued,1788937497070000000,1788937557070000000,0
StorageLockContext.competingThreads.avg,1788937497070000000,1788937557070000000,0.0
DirectByteBufferAllocator.disposed,1788937497070000000,1788937557070000000,0
FilePageCache.maxCacheSizeInBytes,1788937497070000000,1788937557070000000,400564224
MappedFileStorage.totalTimeSpentOnMappingUs,1788937497070000000,1788937557070000000,179239
StreamlinedBlobStorage.recordsDeleted,1788937497070000000,1788937557070000000,0
FilePageCache.WAL.entriesFlushedOnTruncate,1788937497070000000,1788937557070000000,0
DirectByteBufferAllocator.totalSizeOfBuffersAllocatedInBytes,1788937497070000000,1788937557070000000,400564224
FilePageCache.pageLoadsAboveSizeThreshold,1788937497070000000,1788937557070000000,0
FilePageCache.maxRegisteredFiles,1788937497070000000,1788937557070000000,1072
cacheStateStorage.set.counter,1788937497070000000,1788937557070000000,0
cacheStateStorage.get.counter,1788937497070000000,1788937557070000000,0
cacheStateStorage.get.duration,1788937497070000000,1788937557070000000,0
cacheStateStorage.set.duration,1788937497070000000,1788937557070000000,0
jps.global.initialize.library.bridges.ms,1788937497070000000,1788937557070000000,0
workspaceModel.mutableEntityStorage.changeLog.addReplaceEventForRemovedChild.ms,1788937497070000000,1788937557070000000,0
jps.app.storage.content.reader.load.component.ms,1788937497070000000,1788937557070000000,0
workspaceModel.mutableEntityStorage.put.entity.ms,1788937497070000000,1788937557070000000,0
workspaceModel.global.apply.state.to.project.builder.ms,1788937497070000000,1788937557070000000,0
workspaceModel.mutableEntityStorage.remove.entity.ms,1788937497070000000,1788937557070000000,0
workspaceModel.mutableEntityStorage.entities.by.source.ms,1788937497070000000,1788937557070000000,0
workspaceModel.mutableEntityStorage.collect.changes.ms,1788937497070000000,1788937557070000000,0
workspaceModel.mutableEntityStorage.instances.count,1788937497070000000,1788937557070000000,0
workspaceModel.mutableEntityStorage.changeLog.addReplaceEventForNewChild.ms,1788937497070000000,1788937557070000000,0
workspaceModel.global.updates.ms,1788937497070000000,1788937557070000000,0
jps.load.initial.state.ms,1788937497070000000,1788937557070000000,0
workspaceModel.mutableEntityStorage.add.entity.ms,1788937497070000000,1788937557070000000,0
workspaceModel.mutableEntityStorage.mutable.vfurl.index.ms,1788937497070000000,1788937557070000000,0
workspaceModel.load.cache.metadata.from.file.ms,1788937497070000000,1788937557070000000,0
workspaceModel.mutableEntityStorage.has.same.entities.ms,1788937497070000000,1788937557070000000,0
workspaceModel.mutableEntityStorage.mutable.ext.mapping.ms,1788937497070000000,1788937557070000000,0
jps.global.get.library.ms,1788937497070000000,1788937557070000000,0
workspaceModel.mutableEntityStorage.entities.ms,1788937497070000000,1788937557070000000,0
workspaceModel.mutableEntityStorage.to.snapshot.ms,1788937497070000000,1788937557070000000,0
workspaceModel.mutableEntityStorage.referrers.ms,1788937497070000000,1788937557070000000,0
jps.global.get.libraries.ms,1788937497070000000,1788937557070000000,0
jps.global.handle.before.change.events.ms,1788937497070000000,1788937557070000000,0
jps.global.handle.changed.events.ms,1788937497070000000,1788937557070000000,0
workspaceModel.save.cache.to.file.ms,1788937497070000000,1788937557070000000,0
jps.global.initialize.library.bridges.after.loading.ms,1788937497070000000,1788937557070000000,0
jps.library.entities.serializer.save.entities.ms,1788937497070000000,1788937557070000000,0
workspaceModel.mutableEntityStorage.modify.entity.ms,1788937497070000000,1788937557070000000,0
workspaceModel.mutableEntityStorage.changeLog.addReplaceEventForNewParent.ms,1788937497070000000,1788937557070000000,0
workspaceModel.load.cache.from.file.ms,1788937497070000000,1788937557070000000,0
jps.save.global.entities.ms,1788937497070000000,1788937557070000000,0
workspaceModel.mutableEntityStorage.hasReferrers.ms,1788937497070000000,1788937557070000000,0
jps.library.entities.serializer.load.entities.ms,1788937497070000000,1788937557070000000,0
workspaceModel.mutableEntityStorage.changeLog.addReplaceEventForRemovedParent.ms,1788937497070000000,1788937557070000000,0
workspaceModel.mutableEntityStorage.apply.changes.from.ms,1788937497070000000,1788937557070000000,0
workspaceModel.mutableEntityStorage.replace.by.source.ms,1788937497070000000,1788937557070000000,0
workspaceModel.mutableEntityStorage.resolve.ms,1788937497070000000,1788937557070000000,0
workspaceModel.global.updates.count,1788937497070000000,1788937557070000000,0
workspaceModel.sync.entities.ms,1788937497070000000,1788937557070000000,0
workspaceModel.global.apply.state.to.project.ms,1788937497070000000,1788937557070000000,0
jps.global.get.library.by.name.ms,1788937497070000000,1788937557070000000,0
jps.app.storage.content.writer.save.component.ms,1788937497070000000,1788937557070000000,0
workspaceModel.entityStorageSnapshotImpl.instances.count,1788937497070000000,1788937557070000000,0
writeAction.median.wait.ms,1788937497070000000,1788937557070000000,0
writeAction.wait.ms,1788937497070000000,1788937557070000000,0
writeAction.max.wait.ms,1788937497070000000,1788937557070000000,1
writeAction.count,1788937497070000000,1788937557070000000,0
FlushQueue.waitingTime90PNs,1788937557070000000,1788937617070000000,0
ReadAction.executionsCount,1788937557070000000,1788937617070000000,60
FlushQueue.executionTime90PNs,1788937557070000000,1788937617070000000,0
FlushQueue.queueSize90P,1788937557070000000,1788937617070000000,0
FlushQueue.queueSizeMax,1788937557070000000,1788937617070000000,0
AWTEventQueue.dispatchTime90PNs,1788937557070000000,1788937617070000000,137215
FlushQueue.queueSizeAvg,1788937557070000000,1788937617070000000,0.0
FlushQueue.waitingTimeMaxNs,1788937557070000000,1788937617070000000,0
WriteAction.executionsCount,1788937557070000000,1788937617070000000,0
AWTEventQueue.dispatchTimeMaxNs,1788937557070000000,1788937617070000000,507903
FlushQueue.tasksExecuted,1788937557070000000,1788937617070000000,0
FlushQueue.executionTimeMaxNs,1788937557070000000,1788937617070000000,0
FlushQueue.executionTimeAvgNs,1788937557070000000,1788937617070000000,0.0
AWTEventQueue.eventsDispatched,1788937557070000000,1788937617070000000,180
FlushQueue.waitingTimeAvgNs,1788937557070000000,1788937617070000000,0.0
AWTEventQueue.dispatchTimeTotalNS,1788937557070000000,1788937617070000000,20064360
AWTEventQueue.dispatchTimeAvgNs,1788937557070000000,1788937617070000000,111475.2
VFS.contentStorage.recordsRead,1788937557070000000,1788937617070000000,0
VFS.cache.filesCreated,1788937557070000000,1788937617070000000,0
VFS.ContentWriter.totalTimeSpentOnAsyncOperationsUs,1788937557070000000,1788937617070000000,0
VFS.ContentWriter.totalTasksExecutedSync,1788937557070000000,1788937617070000000,0
VFS.contentStorage.recordsStoredSize,1788937557070000000,1788937617070000000,0
VFS.invertedFileNameIndex.requests,1788937557070000000,1788937617070000000,0
VFS.folderCaseSensitivityReads,1788937557070000000,1788937617070000000,0
FileNameCache.queries,1788937557070000000,1788937617070000000,0
VFS.contentStorage.recordsReadSize,1788937557070000000,1788937617070000000,0
VFS.contentStorage.recordsStoredCompressed,1788937557070000000,1788937617070000000,0
VFS.contentStorage.recordsReadDecompressed,1788937557070000000,1788937617070000000,0
VFS.fileChildByName,1788937557070000000,1788937617070000000,0
VFS.contentStorage.recordsDecompressionTimeUs,1788937557070000000,1788937617070000000,0
FileNameCache.totalMisses,1788937557070000000,1788937617070000000,0
VFS.contentStorage.recordsDeduplicated,1788937557070000000,1788937617070000000,0
VFS.fileByIdCache.hits,1788937557070000000,1788937617070000000,0
VFS.contentStorage.recordsStored,1788937557070000000,1788937617070000000,0
VFS.contentStorage.recordsUncompressedSize,1788937557070000000,1788937617070000000,0
VFS.fileByIdCache.misses,1788937557070000000,1788937617070000000,0
VFS.cache.segments,1788937557070000000,1788937617070000000,0
VFS.cache.segmentsCreated,1788937557070000000,1788937617070000000,0
VFS.ContentWriter.totalTimeSpentOnSyncOperationsUs,1788937557070000000,1788937617070000000,0
VFS.ContentWriter.totalFlushes,1788937557070000000,1788937617070000000,0
VFS.ContentWriter.totalTasksExecutedAsync,1788937557070000000,1788937617070000000,0
VFS.rootsCount,1788937557070000000,1788937617070000000,0.0
VFS.cache.directoriesCreated,1788937557070000000,1788937617070000000,0
Indexing.writesQueuedMin,1788937557070000000,1788937617070000000,0
Indexing.writer_1.totalTimeSpentWritingMs,1788937557070000000,1788937617070000000,0
Indexing.writer_0.totalTimeSpentWritingMs,1788937557070000000,1788937617070000000,0
Indexing.writesQueuedMax,1788937557070000000,1788937617070000000,0
Indexing.cache.totalCacheMisses,1788937557070000000,1788937617070000000,0
Indexing.cache.totalCacheAccesses,1788937557070000000,1788937617070000000,0
Indexing.writer_2.totalTimeSpentWritingMs,1788937557070000000,1788937617070000000,0
Indexing.cache.totalCacheEvicted,1788937557070000000,1788937617070000000,0
Indexing.totalTimeIndexersSleptMs,1788937557070000000,1788937617070000000,0
Indexing.writesQueuedAvg,1788937557070000000,1788937617070000000,0.0
Indexing.writer_3.totalTimeSpentWritingMs,1788937557070000000,1788937617070000000,0
FilePageCache.WAL.flushesForcedByOverflow,1788937557070000000,1788937617070000000,0
MappedFileStorage.storages,1788937557070000000,1788937617070000000,8
StorageLockContext.competingThreads.90P,1788937557070000000,1788937617070000000,0
FilePageCache.pageFastCacheHits,1788937557070000000,1788937617070000000,180
DirectByteBufferAllocator.reclaimed,1788937557070000000,1788937617070000000,0
FilePageCache.WAL.bytesCopiedByApplyUnfinished,1788937557070000000,1788937617070000000,0
FilePageCache.totalBytesStored,1788937557070000000,1788937617070000000,960
StreamlinedBlobStorage.recordsAllocated,1788937557070000000,1788937617070000000,0
DirectByteBufferAllocator.hits,1788937557070000000,1788937617070000000,0
StorageLockContext.competingThreads.max,1788937557070000000,1788937617070000000,0
DirectByteBufferAllocator.totalSizeOfBuffersCachedInBytes,1788937557070000000,1788937617070000000,41959424
FilePageCache.WAL.entriesFlushed,1788937557070000000,1788937617070000000,0
FilePageCache.totalPageStoresUs,1788937557070000000,1788937617070000000,8961
DirectByteBufferAllocator.misses,1788937557070000000,1788937617070000000,0
FilePageCache.WAL.entriesFlushedOnRead,1788937557070000000,1788937617070000000,0
MappedFileStorage.totalBytesMapped,1788937557070000000,1788937617070000000,232783872
FilePageCache.pageHits,1788937557070000000,1788937617070000000,0
FilePageCache.capacityInBytes,1788937557070000000,1788937617070000000,629145600
MappedFileStorage.totalPagesMapped,1788937557070000000,1788937617070000000,8
StreamlinedBlobStorage.totalLiveRecordsPayloadBytes,1788937557070000000,1788937617070000000,0
FilePageCache.totalPageDisposalsUs,1788937557070000000,1788937617070000000,0
StreamlinedBlobStorage.recordsRelocated,1788937557070000000,1788937617070000000,0
FilePageCache.totalPageLoadsUs,1788937557070000000,1788937617070000000,0
FilePageCache.WAL.entriesFlushedOnForce,1788937557070000000,1788937617070000000,0
FilePageCache.pageLoads,1788937557070000000,1788937617070000000,0
FileChannelInterruptsRetryer.totalRetriedAttempts,1788937557070000000,1788937617070000000,0
StreamlinedBlobStorage.totalLiveRecordsCapacityBytes,1788937557070000000,1788937617070000000,0
FilePageCache.WAL.entriesFlushedOnClose,1788937557070000000,1788937617070000000,0
FilePageCache.disposedBuffers,1788937557070000000,1788937617070000000,0
FilePageCache.uncachedFileAccess,1788937557070000000,1788937617070000000,60
FilePageCache.WAL.bytesQueued,1788937557070000000,1788937617070000000,0
StorageLockContext.competingThreads.avg,1788937557070000000,1788937617070000000,0.0
DirectByteBufferAllocator.disposed,1788937557070000000,1788937617070000000,0
FilePageCache.maxCacheSizeInBytes,1788937557070000000,1788937617070000000,400564224
MappedFileStorage.totalTimeSpentOnMappingUs,1788937557070000000,1788937617070000000,179239
StreamlinedBlobStorage.recordsDeleted,1788937557070000000,1788937617070000000,0
FilePageCache.WAL.entriesFlushedOnTruncate,1788937557070000000,1788937617070000000,0
DirectByteBufferAllocator.totalSizeOfBuffersAllocatedInBytes,1788937557070000000,1788937617070000000,400564224
FilePageCache.pageLoadsAboveSizeThreshold,1788937557070000000,1788937617070000000,0
FilePageCache.maxRegisteredFiles,1788937557070000000,1788937617070000000,1072
cacheStateStorage.set.counter,1788937557070000000,1788937617070000000,0
cacheStateStorage.get.counter,1788937557070000000,1788937617070000000,0
cacheStateStorage.get.duration,1788937557070000000,1788937617070000000,0
cacheStateStorage.set.duration,1788937557070000000,1788937617070000000,0
jps.global.initialize.library.bridges.ms,1788937557070000000,1788937617070000000,0
workspaceModel.mutableEntityStorage.changeLog.addReplaceEventForRemovedChild.ms,1788937557070000000,1788937617070000000,0
jps.app.storage.content.reader.load.component.ms,1788937557070000000,1788937617070000000,0
workspaceModel.mutableEntityStorage.put.entity.ms,1788937557070000000,1788937617070000000,0
workspaceModel.global.apply.state.to.project.builder.ms,1788937557070000000,1788937617070000000,0
workspaceModel.mutableEntityStorage.remove.entity.ms,1788937557070000000,1788937617070000000,0
workspaceModel.mutableEntityStorage.entities.by.source.ms,1788937557070000000,1788937617070000000,0
workspaceModel.mutableEntityStorage.collect.changes.ms,1788937557070000000,1788937617070000000,0
workspaceModel.mutableEntityStorage.instances.count,1788937557070000000,1788937617070000000,0
workspaceModel.mutableEntityStorage.changeLog.addReplaceEventForNewChild.ms,1788937557070000000,1788937617070000000,0
workspaceModel.global.updates.ms,1788937557070000000,1788937617070000000,0
jps.load.initial.state.ms,1788937557070000000,1788937617070000000,0
workspaceModel.mutableEntityStorage.add.entity.ms,1788937557070000000,1788937617070000000,0
workspaceModel.mutableEntityStorage.mutable.vfurl.index.ms,1788937557070000000,1788937617070000000,0
workspaceModel.load.cache.metadata.from.file.ms,1788937557070000000,1788937617070000000,0
workspaceModel.mutableEntityStorage.has.same.entities.ms,1788937557070000000,1788937617070000000,0
workspaceModel.mutableEntityStorage.mutable.ext.mapping.ms,1788937557070000000,1788937617070000000,0
jps.global.get.library.ms,1788937557070000000,1788937617070000000,0
workspaceModel.mutableEntityStorage.entities.ms,1788937557070000000,1788937617070000000,0
workspaceModel.mutableEntityStorage.to.snapshot.ms,1788937557070000000,1788937617070000000,0
workspaceModel.mutableEntityStorage.referrers.ms,1788937557070000000,1788937617070000000,0
jps.global.get.libraries.ms,1788937557070000000,1788937617070000000,0
jps.global.handle.before.change.events.ms,1788937557070000000,1788937617070000000,0
jps.global.handle.changed.events.ms,1788937557070000000,1788937617070000000,0
workspaceModel.save.cache.to.file.ms,1788937557070000000,1788937617070000000,0
jps.global.initialize.library.bridges.after.loading.ms,1788937557070000000,1788937617070000000,0
jps.library.entities.serializer.save.entities.ms,1788937557070000000,1788937617070000000,0
workspaceModel.mutableEntityStorage.modify.entity.ms,1788937557070000000,1788937617070000000,0
workspaceModel.mutableEntityStorage.changeLog.addReplaceEventForNewParent.ms,1788937557070000000,1788937617070000000,0
workspaceModel.load.cache.from.file.ms,1788937557070000000,1788937617070000000,0
jps.save.global.entities.ms,1788937557070000000,1788937617070000000,0
workspaceModel.mutableEntityStorage.hasReferrers.ms,1788937557070000000,1788937617070000000,0
jps.library.entities.serializer.load.entities.ms,1788937557070000000,1788937617070000000,0
workspaceModel.mutableEntityStorage.changeLog.addReplaceEventForRemovedParent.ms,1788937557070000000,1788937617070000000,0
workspaceModel.mutableEntityStorage.apply.changes.from.ms,1788937557070000000,1788937617070000000,0
workspaceModel.mutableEntityStorage.replace.by.source.ms,1788937557070000000,1788937617070000000,0
workspaceModel.mutableEntityStorage.resolve.ms,1788937557070000000,1788937617070000000,0
workspaceModel.global.updates.count,1788937557070000000,1788937617070000000,0
workspaceModel.sync.entities.ms,1788937557070000000,1788937617070000000,0
workspaceModel.global.apply.state.to.project.ms,1788937557070000000,1788937617070000000,0
jps.global.get.library.by.name.ms,1788937557070000000,1788937617070000000,0
jps.app.storage.content.writer.save.component.ms,1788937557070000000,1788937617070000000,0
workspaceModel.entityStorageSnapshotImpl.instances.count,1788937557070000000,1788937617070000000,0
writeAction.median.wait.ms,1788937557070000000,1788937617070000000,0
writeAction.wait.ms,1788937557070000000,1788937617070000000,0
writeAction.max.wait.ms,1788937557070000000,1788937617070000000,1
writeAction.count,1788937557070000000,1788937617070000000,0
FlushQueue.waitingTime90PNs,1788937617070000000,1788937677070000000,0
ReadAction.executionsCount,1788937617070000000,1788937677070000000,61
FlushQueue.executionTime90PNs,1788937617070000000,1788937677070000000,0
FlushQueue.queueSize90P,1788937617070000000,1788937677070000000,0
FlushQueue.queueSizeMax,1788937617070000000,1788937677070000000,0
AWTEventQueue.dispatchTime90PNs,1788937617070000000,1788937677070000000,155647
FlushQueue.queueSizeAvg,1788937617070000000,1788937677070000000,0.0
FlushQueue.waitingTimeMaxNs,1788937617070000000,1788937677070000000,0
WriteAction.executionsCount,1788937617070000000,1788937677070000000,0
AWTEventQueue.dispatchTimeMaxNs,1788937617070000000,1788937677070000000,1785855
FlushQueue.tasksExecuted,1788937617070000000,1788937677070000000,0
FlushQueue.executionTimeMaxNs,1788937617070000000,1788937677070000000,0
FlushQueue.executionTimeAvgNs,1788937617070000000,1788937677070000000,0.0
AWTEventQueue.eventsDispatched,1788937617070000000,1788937677070000000,179
FlushQueue.waitingTimeAvgNs,1788937617070000000,1788937677070000000,0.0
AWTEventQueue.dispatchTimeTotalNS,1788937617070000000,1788937677070000000,24245851
AWTEventQueue.dispatchTimeAvgNs,1788937617070000000,1788937677070000000,135454.74860335197
VFS.contentStorage.recordsRead,1788937617070000000,1788937677070000000,0
VFS.cache.filesCreated,1788937617070000000,1788937677070000000,0
VFS.ContentWriter.totalTimeSpentOnAsyncOperationsUs,1788937617070000000,1788937677070000000,0
VFS.ContentWriter.totalTasksExecutedSync,1788937617070000000,1788937677070000000,0
VFS.contentStorage.recordsStoredSize,1788937617070000000,1788937677070000000,0
VFS.invertedFileNameIndex.requests,1788937617070000000,1788937677070000000,0
VFS.folderCaseSensitivityReads,1788937617070000000,1788937677070000000,0
FileNameCache.queries,1788937617070000000,1788937677070000000,0
VFS.contentStorage.recordsReadSize,1788937617070000000,1788937677070000000,0
VFS.contentStorage.recordsStoredCompressed,1788937617070000000,1788937677070000000,0
VFS.contentStorage.recordsReadDecompressed,1788937617070000000,1788937677070000000,0
VFS.fileChildByName,1788937617070000000,1788937677070000000,0
VFS.contentStorage.recordsDecompressionTimeUs,1788937617070000000,1788937677070000000,0
FileNameCache.totalMisses,1788937617070000000,1788937677070000000,0
VFS.contentStorage.recordsDeduplicated,1788937617070000000,1788937677070000000,0
VFS.fileByIdCache.hits,1788937617070000000,1788937677070000000,0
VFS.contentStorage.recordsStored,1788937617070000000,1788937677070000000,0
VFS.contentStorage.recordsUncompressedSize,1788937617070000000,1788937677070000000,0
VFS.fileByIdCache.misses,1788937617070000000,1788937677070000000,0
VFS.cache.segments,1788937617070000000,1788937677070000000,0
VFS.cache.segmentsCreated,1788937617070000000,1788937677070000000,0
VFS.ContentWriter.totalTimeSpentOnSyncOperationsUs,1788937617070000000,1788937677070000000,0
VFS.ContentWriter.totalFlushes,1788937617070000000,1788937677070000000,0
VFS.ContentWriter.totalTasksExecutedAsync,1788937617070000000,1788937677070000000,0
VFS.rootsCount,1788937617070000000,1788937677070000000,0.0
VFS.cache.directoriesCreated,1788937617070000000,1788937677070000000,0
Indexing.writesQueuedMin,1788937617070000000,1788937677070000000,0
Indexing.writer_1.totalTimeSpentWritingMs,1788937617070000000,1788937677070000000,0
Indexing.writer_0.totalTimeSpentWritingMs,1788937617070000000,1788937677070000000,0
Indexing.writesQueuedMax,1788937617070000000,1788937677070000000,0
Indexing.cache.totalCacheMisses,1788937617070000000,1788937677070000000,0
Indexing.cache.totalCacheAccesses,1788937617070000000,1788937677070000000,0
Indexing.writer_2.totalTimeSpentWritingMs,1788937617070000000,1788937677070000000,0
Indexing.cache.totalCacheEvicted,1788937617070000000,1788937677070000000,0
Indexing.totalTimeIndexersSleptMs,1788937617070000000,1788937677070000000,0
Indexing.writesQueuedAvg,1788937617070000000,1788937677070000000,0.0
Indexing.writer_3.totalTimeSpentWritingMs,1788937617070000000,1788937677070000000,0
FilePageCache.WAL.flushesForcedByOverflow,1788937617070000000,1788937677070000000,0
MappedFileStorage.storages,1788937617070000000,1788937677070000000,8
StorageLockContext.competingThreads.90P,1788937617070000000,1788937677070000000,0
FilePageCache.pageFastCacheHits,1788937617070000000,1788937677070000000,180
DirectByteBufferAllocator.reclaimed,1788937617070000000,1788937677070000000,0
FilePageCache.WAL.bytesCopiedByApplyUnfinished,1788937617070000000,1788937677070000000,0
FilePageCache.totalBytesStored,1788937617070000000,1788937677070000000,960
StreamlinedBlobStorage.recordsAllocated,1788937617070000000,1788937677070000000,0
DirectByteBufferAllocator.hits,1788937617070000000,1788937677070000000,0
StorageLockContext.competingThreads.max,1788937617070000000,1788937677070000000,0
DirectByteBufferAllocator.totalSizeOfBuffersCachedInBytes,1788937617070000000,1788937677070000000,41959424
FilePageCache.WAL.entriesFlushed,1788937617070000000,1788937677070000000,0
FilePageCache.totalPageStoresUs,1788937617070000000,1788937677070000000,8822
DirectByteBufferAllocator.misses,1788937617070000000,1788937677070000000,0
FilePageCache.WAL.entriesFlushedOnRead,1788937617070000000,1788937677070000000,0
MappedFileStorage.totalBytesMapped,1788937617070000000,1788937677070000000,232783872
FilePageCache.pageHits,1788937617070000000,1788937677070000000,0
FilePageCache.capacityInBytes,1788937617070000000,1788937677070000000,629145600
MappedFileStorage.totalPagesMapped,1788937617070000000,1788937677070000000,8
StreamlinedBlobStorage.totalLiveRecordsPayloadBytes,1788937617070000000,1788937677070000000,0
FilePageCache.totalPageDisposalsUs,1788937617070000000,1788937677070000000,0
StreamlinedBlobStorage.recordsRelocated,1788937617070000000,1788937677070000000,0
FilePageCache.totalPageLoadsUs,1788937617070000000,1788937677070000000,0
FilePageCache.WAL.entriesFlushedOnForce,1788937617070000000,1788937677070000000,0
FilePageCache.pageLoads,1788937617070000000,1788937677070000000,0
FileChannelInterruptsRetryer.totalRetriedAttempts,1788937617070000000,1788937677070000000,0
StreamlinedBlobStorage.totalLiveRecordsCapacityBytes,1788937617070000000,1788937677070000000,0
FilePageCache.WAL.entriesFlushedOnClose,1788937617070000000,1788937677070000000,0
FilePageCache.disposedBuffers,1788937617070000000,1788937677070000000,0
FilePageCache.uncachedFileAccess,1788937617070000000,1788937677070000000,60
FilePageCache.WAL.bytesQueued,1788937617070000000,1788937677070000000,0
StorageLockContext.competingThreads.avg,1788937617070000000,1788937677070000000,0.0
DirectByteBufferAllocator.disposed,1788937617070000000,1788937677070000000,0
FilePageCache.maxCacheSizeInBytes,1788937617070000000,1788937677070000000,400564224
MappedFileStorage.totalTimeSpentOnMappingUs,1788937617070000000,1788937677070000000,179239
StreamlinedBlobStorage.recordsDeleted,1788937617070000000,1788937677070000000,0
FilePageCache.WAL.entriesFlushedOnTruncate,1788937617070000000,1788937677070000000,0
DirectByteBufferAllocator.totalSizeOfBuffersAllocatedInBytes,1788937617070000000,1788937677070000000,400564224
FilePageCache.pageLoadsAboveSizeThreshold,1788937617070000000,1788937677070000000,0
FilePageCache.maxRegisteredFiles,1788937617070000000,1788937677070000000,1072
cacheStateStorage.set.counter,1788937617070000000,1788937677070000000,0
cacheStateStorage.get.counter,1788937617070000000,1788937677070000000,0
cacheStateStorage.get.duration,1788937617070000000,1788937677070000000,0
cacheStateStorage.set.duration,1788937617070000000,1788937677070000000,0
jps.global.initialize.library.bridges.ms,1788937617070000000,1788937677070000000,0
workspaceModel.mutableEntityStorage.changeLog.addReplaceEventForRemovedChild.ms,1788937617070000000,1788937677070000000,0
jps.app.storage.content.reader.load.component.ms,1788937617070000000,1788937677070000000,0
workspaceModel.mutableEntityStorage.put.entity.ms,1788937617070000000,1788937677070000000,0
workspaceModel.global.apply.state.to.project.builder.ms,1788937617070000000,1788937677070000000,0
workspaceModel.mutableEntityStorage.remove.entity.ms,1788937617070000000,1788937677070000000,0
workspaceModel.mutableEntityStorage.entities.by.source.ms,1788937617070000000,1788937677070000000,0
workspaceModel.mutableEntityStorage.collect.changes.ms,1788937617070000000,1788937677070000000,0
workspaceModel.mutableEntityStorage.instances.count,1788937617070000000,1788937677070000000,0
workspaceModel.mutableEntityStorage.changeLog.addReplaceEventForNewChild.ms,1788937617070000000,1788937677070000000,0
workspaceModel.global.updates.ms,1788937617070000000,1788937677070000000,0
jps.load.initial.state.ms,1788937617070000000,1788937677070000000,0
workspaceModel.mutableEntityStorage.add.entity.ms,1788937617070000000,1788937677070000000,0
workspaceModel.mutableEntityStorage.mutable.vfurl.index.ms,1788937617070000000,1788937677070000000,0
workspaceModel.load.cache.metadata.from.file.ms,1788937617070000000,1788937677070000000,0
workspaceModel.mutableEntityStorage.has.same.entities.ms,1788937617070000000,1788937677070000000,0
workspaceModel.mutableEntityStorage.mutable.ext.mapping.ms,1788937617070000000,1788937677070000000,0
jps.global.get.library.ms,1788937617070000000,1788937677070000000,0
workspaceModel.mutableEntityStorage.entities.ms,1788937617070000000,1788937677070000000,0
workspaceModel.mutableEntityStorage.to.snapshot.ms,1788937617070000000,1788937677070000000,0
workspaceModel.mutableEntityStorage.referrers.ms,1788937617070000000,1788937677070000000,0
jps.global.get.libraries.ms,1788937617070000000,1788937677070000000,0
jps.global.handle.before.change.events.ms,1788937617070000000,1788937677070000000,0
jps.global.handle.changed.events.ms,1788937617070000000,1788937677070000000,0
workspaceModel.save.cache.to.file.ms,1788937617070000000,1788937677070000000,0
jps.global.initialize.library.bridges.after.loading.ms,1788937617070000000,1788937677070000000,0
jps.library.entities.serializer.save.entities.ms,1788937617070000000,1788937677070000000,0
workspaceModel.mutableEntityStorage.modify.entity.ms,1788937617070000000,1788937677070000000,0
workspaceModel.mutableEntityStorage.changeLog.addReplaceEventForNewParent.ms,1788937617070000000,1788937677070000000,0
workspaceModel.load.cache.from.file.ms,1788937617070000000,1788937677070000000,0
jps.save.global.entities.ms,1788937617070000000,1788937677070000000,0
workspaceModel.mutableEntityStorage.hasReferrers.ms,1788937617070000000,1788937677070000000,0
jps.library.entities.serializer.load.entities.ms,1788937617070000000,1788937677070000000,0
workspaceModel.mutableEntityStorage.changeLog.addReplaceEventForRemovedParent.ms,1788937617070000000,1788937677070000000,0
workspaceModel.mutableEntityStorage.apply.changes.from.ms,1788937617070000000,1788937677070000000,0
workspaceModel.mutableEntityStorage.replace.by.source.ms,1788937617070000000,1788937677070000000,0
workspaceModel.mutableEntityStorage.resolve.ms,1788937617070000000,1788937677070000000,0
workspaceModel.global.updates.count,1788937617070000000,1788937677070000000,0
workspaceModel.sync.entities.ms,1788937617070000000,1788937677070000000,0
workspaceModel.global.apply.state.to.project.ms,1788937617070000000,1788937677070000000,0
jps.global.get.library.by.name.ms,1788937617070000000,1788937677070000000,0
jps.app.storage.content.writer.save.component.ms,1788937617070000000,1788937677070000000,0
workspaceModel.entityStorageSnapshotImpl.instances.count,1788937617070000000,1788937677070000000,0
writeAction.median.wait.ms,1788937617070000000,1788937677070000000,0
writeAction.wait.ms,1788937617070000000,1788937677070000000,0
writeAction.max.wait.ms,1788937617070000000,1788937677070000000,1
writeAction.count,1788937617070000000,1788937677070000000,0
FlushQueue.waitingTime90PNs,1788937677070000000,1788937737070000000,0
ReadAction.executionsCount,1788937677070000000,1788937737070000000,60
FlushQueue.executionTime90PNs,1788937677070000000,1788937737070000000,0
FlushQueue.queueSize90P,1788937677070000000,1788937737070000000,0
FlushQueue.queueSizeMax,1788937677070000000,1788937737070000000,0
AWTEventQueue.dispatchTime90PNs,1788937677070000000,1788937737070000000,125439
FlushQueue.queueSizeAvg,1788937677070000000,1788937737070000000,0.0
FlushQueue.waitingTimeMaxNs,1788937677070000000,1788937737070000000,0
WriteAction.executionsCount,1788937677070000000,1788937737070000000,0
AWTEventQueue.dispatchTimeMaxNs,1788937677070000000,1788937737070000000,268287
FlushQueue.tasksExecuted,1788937677070000000,1788937737070000000,0
FlushQueue.executionTimeMaxNs,1788937677070000000,1788937737070000000,0
FlushQueue.executionTimeAvgNs,1788937677070000000,1788937737070000000,0.0
AWTEventQueue.eventsDispatched,1788937677070000000,1788937737070000000,180
FlushQueue.waitingTimeAvgNs,1788937677070000000,1788937737070000000,0.0
AWTEventQueue.dispatchTimeTotalNS,1788937677070000000,1788937737070000000,18629911
AWTEventQueue.dispatchTimeAvgNs,1788937677070000000,1788937737070000000,103504.35555555555
VFS.contentStorage.recordsRead,1788937677070000000,1788937737070000000,0
VFS.cache.filesCreated,1788937677070000000,1788937737070000000,0
VFS.ContentWriter.totalTimeSpentOnAsyncOperationsUs,1788937677070000000,1788937737070000000,0
VFS.ContentWriter.totalTasksExecutedSync,1788937677070000000,1788937737070000000,0
VFS.contentStorage.recordsStoredSize,1788937677070000000,1788937737070000000,0
VFS.invertedFileNameIndex.requests,1788937677070000000,1788937737070000000,0
VFS.folderCaseSensitivityReads,1788937677070000000,1788937737070000000,0
FileNameCache.queries,1788937677070000000,1788937737070000000,0
VFS.contentStorage.recordsReadSize,1788937677070000000,1788937737070000000,0
VFS.contentStorage.recordsStoredCompressed,1788937677070000000,1788937737070000000,0
VFS.contentStorage.recordsReadDecompressed,1788937677070000000,1788937737070000000,0
VFS.fileChildByName,1788937677070000000,1788937737070000000,0
VFS.contentStorage.recordsDecompressionTimeUs,1788937677070000000,1788937737070000000,0
FileNameCache.totalMisses,1788937677070000000,1788937737070000000,0
VFS.contentStorage.recordsDeduplicated,1788937677070000000,1788937737070000000,0
VFS.fileByIdCache.hits,1788937677070000000,1788937737070000000,0
VFS.contentStorage.recordsStored,1788937677070000000,1788937737070000000,0
VFS.contentStorage.recordsUncompressedSize,1788937677070000000,1788937737070000000,0
VFS.fileByIdCache.misses,1788937677070000000,1788937737070000000,0
VFS.cache.segments,1788937677070000000,1788937737070000000,0
VFS.cache.segmentsCreated,1788937677070000000,1788937737070000000,0
VFS.ContentWriter.totalTimeSpentOnSyncOperationsUs,1788937677070000000,1788937737070000000,0
VFS.ContentWriter.totalFlushes,1788937677070000000,1788937737070000000,0
VFS.ContentWriter.totalTasksExecutedAsync,1788937677070000000,1788937737070000000,0
VFS.rootsCount,1788937677070000000,1788937737070000000,0.0
VFS.cache.directoriesCreated,1788937677070000000,1788937737070000000,0
Indexing.writesQueuedMin,1788937677070000000,1788937737070000000,0
Indexing.writer_1.totalTimeSpentWritingMs,1788937677070000000,1788937737070000000,0
Indexing.writer_0.totalTimeSpentWritingMs,1788937677070000000,1788937737070000000,0
Indexing.writesQueuedMax,1788937677070000000,1788937737070000000,0
Indexing.cache.totalCacheMisses,1788937677070000000,1788937737070000000,0
Indexing.cache.totalCacheAccesses,1788937677070000000,1788937737070000000,0
Indexing.writer_2.totalTimeSpentWritingMs,1788937677070000000,1788937737070000000,0
Indexing.cache.totalCacheEvicted,1788937677070000000,1788937737070000000,0
Indexing.totalTimeIndexersSleptMs,1788937677070000000,1788937737070000000,0
Indexing.writesQueuedAvg,1788937677070000000,1788937737070000000,0.0
Indexing.writer_3.totalTimeSpentWritingMs,1788937677070000000,1788937737070000000,0
FilePageCache.WAL.flushesForcedByOverflow,1788937677070000000,1788937737070000000,0
MappedFileStorage.storages,1788937677070000000,1788937737070000000,8
StorageLockContext.competingThreads.90P,1788937677070000000,1788937737070000000,0
FilePageCache.pageFastCacheHits,1788937677070000000,1788937737070000000,180
DirectByteBufferAllocator.reclaimed,1788937677070000000,1788937737070000000,0
FilePageCache.WAL.bytesCopiedByApplyUnfinished,1788937677070000000,1788937737070000000,0
FilePageCache.totalBytesStored,1788937677070000000,1788937737070000000,960
StreamlinedBlobStorage.recordsAllocated,1788937677070000000,1788937737070000000,0
DirectByteBufferAllocator.hits,1788937677070000000,1788937737070000000,0
StorageLockContext.competingThreads.max,1788937677070000000,1788937737070000000,0
DirectByteBufferAllocator.totalSizeOfBuffersCachedInBytes,1788937677070000000,1788937737070000000,41959424
FilePageCache.WAL.entriesFlushed,1788937677070000000,1788937737070000000,0
FilePageCache.totalPageStoresUs,1788937677070000000,1788937737070000000,9075
DirectByteBufferAllocator.misses,1788937677070000000,1788937737070000000,0
FilePageCache.WAL.entriesFlushedOnRead,1788937677070000000,1788937737070000000,0
MappedFileStorage.totalBytesMapped,1788937677070000000,1788937737070000000,232783872
FilePageCache.pageHits,1788937677070000000,1788937737070000000,0
FilePageCache.capacityInBytes,1788937677070000000,1788937737070000000,629145600
MappedFileStorage.totalPagesMapped,1788937677070000000,1788937737070000000,8
StreamlinedBlobStorage.totalLiveRecordsPayloadBytes,1788937677070000000,1788937737070000000,0
FilePageCache.totalPageDisposalsUs,1788937677070000000,1788937737070000000,0
StreamlinedBlobStorage.recordsRelocated,1788937677070000000,1788937737070000000,0
FilePageCache.totalPageLoadsUs,1788937677070000000,1788937737070000000,0
FilePageCache.WAL.entriesFlushedOnForce,1788937677070000000,1788937737070000000,0
FilePageCache.pageLoads,1788937677070000000,1788937737070000000,0
FileChannelInterruptsRetryer.totalRetriedAttempts,1788937677070000000,1788937737070000000,0
StreamlinedBlobStorage.totalLiveRecordsCapacityBytes,1788937677070000000,1788937737070000000,0
FilePageCache.WAL.entriesFlushedOnClose,1788937677070000000,1788937737070000000,0
FilePageCache.disposedBuffers,1788937677070000000,1788937737070000000,0
FilePageCache.uncachedFileAccess,1788937677070000000,1788937737070000000,60
FilePageCache.WAL.bytesQueued,1788937677070000000,1788937737070000000,0
StorageLockContext.competingThreads.avg,1788937677070000000,1788937737070000000,0.0
DirectByteBufferAllocator.disposed,1788937677070000000,1788937737070000000,0
FilePageCache.maxCacheSizeInBytes,1788937677070000000,1788937737070000000,400564224
MappedFileStorage.totalTimeSpentOnMappingUs,1788937677070000000,1788937737070000000,179239
StreamlinedBlobStorage.recordsDeleted,1788937677070000000,1788937737070000000,0
FilePageCache.WAL.entriesFlushedOnTruncate,1788937677070000000,1788937737070000000,0
DirectByteBufferAllocator.totalSizeOfBuffersAllocatedInBytes,1788937677070000000,1788937737070000000,400564224
FilePageCache.pageLoadsAboveSizeThreshold,1788937677070000000,1788937737070000000,0
FilePageCache.maxRegisteredFiles,1788937677070000000,1788937737070000000,1072
cacheStateStorage.set.counter,1788937677070000000,1788937737070000000,0
cacheStateStorage.get.counter,1788937677070000000,1788937737070000000,0
cacheStateStorage.get.duration,1788937677070000000,1788937737070000000,0
cacheStateStorage.set.duration,1788937677070000000,1788937737070000000,0
jps.global.initialize.library.bridges.ms,1788937677070000000,1788937737070000000,0
workspaceModel.mutableEntityStorage.changeLog.addReplaceEventForRemovedChild.ms,1788937677070000000,1788937737070000000,0
jps.app.storage.content.reader.load.component.ms,1788937677070000000,1788937737070000000,0
workspaceModel.mutableEntityStorage.put.entity.ms,1788937677070000000,1788937737070000000,0
workspaceModel.global.apply.state.to.project.builder.ms,1788937677070000000,1788937737070000000,0
workspaceModel.mutableEntityStorage.remove.entity.ms,1788937677070000000,1788937737070000000,0
workspaceModel.mutableEntityStorage.entities.by.source.ms,1788937677070000000,1788937737070000000,0
workspaceModel.mutableEntityStorage.collect.changes.ms,1788937677070000000,1788937737070000000,0
workspaceModel.mutableEntityStorage.instances.count,1788937677070000000,1788937737070000000,0
workspaceModel.mutableEntityStorage.changeLog.addReplaceEventForNewChild.ms,1788937677070000000,1788937737070000000,0
workspaceModel.global.updates.ms,1788937677070000000,1788937737070000000,0
jps.load.initial.state.ms,1788937677070000000,1788937737070000000,0
workspaceModel.mutableEntityStorage.add.entity.ms,1788937677070000000,1788937737070000000,0
workspaceModel.mutableEntityStorage.mutable.vfurl.index.ms,1788937677070000000,1788937737070000000,0
workspaceModel.load.cache.metadata.from.file.ms,1788937677070000000,1788937737070000000,0
workspaceModel.mutableEntityStorage.has.same.entities.ms,1788937677070000000,1788937737070000000,0
workspaceModel.mutableEntityStorage.mutable.ext.mapping.ms,1788937677070000000,1788937737070000000,0
jps.global.get.library.ms,1788937677070000000,1788937737070000000,0
workspaceModel.mutableEntityStorage.entities.ms,1788937677070000000,1788937737070000000,0
workspaceModel.mutableEntityStorage.to.snapshot.ms,1788937677070000000,1788937737070000000,0
workspaceModel.mutableEntityStorage.referrers.ms,1788937677070000000,1788937737070000000,0
jps.global.get.libraries.ms,1788937677070000000,1788937737070000000,0
jps.global.handle.before.change.events.ms,1788937677070000000,1788937737070000000,0
jps.global.handle.changed.events.ms,1788937677070000000,1788937737070000000,0
workspaceModel.save.cache.to.file.ms,1788937677070000000,1788937737070000000,0
jps.global.initialize.library.bridges.after.loading.ms,1788937677070000000,1788937737070000000,0
jps.library.entities.serializer.save.entities.ms,1788937677070000000,1788937737070000000,0
workspaceModel.mutableEntityStorage.modify.entity.ms,1788937677070000000,1788937737070000000,0
workspaceModel.mutableEntityStorage.changeLog.addReplaceEventForNewParent.ms,1788937677070000000,1788937737070000000,0
workspaceModel.load.cache.from.file.ms,1788937677070000000,1788937737070000000,0
jps.save.global.entities.ms,1788937677070000000,1788937737070000000,0
workspaceModel.mutableEntityStorage.hasReferrers.ms,1788937677070000000,1788937737070000000,0
jps.library.entities.serializer.load.entities.ms,1788937677070000000,1788937737070000000,0
workspaceModel.mutableEntityStorage.changeLog.addReplaceEventForRemovedParent.ms,1788937677070000000,1788937737070000000,0
workspaceModel.mutableEntityStorage.apply.changes.from.ms,1788937677070000000,1788937737070000000,0
workspaceModel.mutableEntityStorage.replace.by.source.ms,1788937677070000000,1788937737070000000,0
workspaceModel.mutableEntityStorage.resolve.ms,1788937677070000000,1788937737070000000,0
workspaceModel.global.updates.count,1788937677070000000,1788937737070000000,0
workspaceModel.sync.entities.ms,1788937677070000000,1788937737070000000,0
workspaceModel.global.apply.state.to.project.ms,1788937677070000000,1788937737070000000,0
jps.global.get.library.by.name.ms,1788937677070000000,1788937737070000000,0
jps.app.storage.content.writer.save.component.ms,1788937677070000000,1788937737070000000,0
workspaceModel.entityStorageSnapshotImpl.instances.count,1788937677070000000,1788937737070000000,0
writeAction.median.wait.ms,1788937677070000000,1788937737070000000,0
writeAction.wait.ms,1788937677070000000,1788937737070000000,0
writeAction.max.wait.ms,1788937677070000000,1788937737070000000,1
writeAction.count,1788937677070000000,1788937737070000000,0
FlushQueue.waitingTime90PNs,1788937737070000000,1788937797070000000,0
ReadAction.executionsCount,1788937737070000000,1788937797070000000,60
FlushQueue.executionTime90PNs,1788937737070000000,1788937797070000000,0
FlushQueue.queueSize90P,1788937737070000000,1788937797070000000,0
FlushQueue.queueSizeMax,1788937737070000000,1788937797070000000,0
AWTEventQueue.dispatchTime90PNs,1788937737070000000,1788937797070000000,130559
FlushQueue.queueSizeAvg,1788937737070000000,1788937797070000000,0.0
FlushQueue.waitingTimeMaxNs,1788937737070000000,1788937797070000000,0
WriteAction.executionsCount,1788937737070000000,1788937797070000000,0
AWTEventQueue.dispatchTimeMaxNs,1788937737070000000,1788937797070000000,168959
FlushQueue.tasksExecuted,1788937737070000000,1788937797070000000,0
FlushQueue.executionTimeMaxNs,1788937737070000000,1788937797070000000,0
FlushQueue.executionTimeAvgNs,1788937737070000000,1788937797070000000,0.0
AWTEventQueue.eventsDispatched,1788937737070000000,1788937797070000000,180
FlushQueue.waitingTimeAvgNs,1788937737070000000,1788937797070000000,0.0
AWTEventQueue.dispatchTimeTotalNS,1788937737070000000,1788937797070000000,18335634
AWTEventQueue.dispatchTimeAvgNs,1788937737070000000,1788937797070000000,101846.75555555556
VFS.contentStorage.recordsRead,1788937737070000000,1788937797070000000,0
VFS.cache.filesCreated,1788937737070000000,1788937797070000000,0
VFS.ContentWriter.totalTimeSpentOnAsyncOperationsUs,1788937737070000000,1788937797070000000,0
VFS.ContentWriter.totalTasksExecutedSync,1788937737070000000,1788937797070000000,0
VFS.contentStorage.recordsStoredSize,1788937737070000000,1788937797070000000,0
VFS.invertedFileNameIndex.requests,1788937737070000000,1788937797070000000,0
VFS.folderCaseSensitivityReads,1788937737070000000,1788937797070000000,0
FileNameCache.queries,1788937737070000000,1788937797070000000,0
VFS.contentStorage.recordsReadSize,1788937737070000000,1788937797070000000,0
VFS.contentStorage.recordsStoredCompressed,1788937737070000000,1788937797070000000,0
VFS.contentStorage.recordsReadDecompressed,1788937737070000000,1788937797070000000,0
VFS.fileChildByName,1788937737070000000,1788937797070000000,0
VFS.contentStorage.recordsDecompressionTimeUs,1788937737070000000,1788937797070000000,0
FileNameCache.totalMisses,1788937737070000000,1788937797070000000,0
VFS.contentStorage.recordsDeduplicated,1788937737070000000,1788937797070000000,0
VFS.fileByIdCache.hits,1788937737070000000,1788937797070000000,0
VFS.contentStorage.recordsStored,1788937737070000000,1788937797070000000,0
VFS.contentStorage.recordsUncompressedSize,1788937737070000000,1788937797070000000,0
VFS.fileByIdCache.misses,1788937737070000000,1788937797070000000,0
VFS.cache.segments,1788937737070000000,1788937797070000000,0
VFS.cache.segmentsCreated,1788937737070000000,1788937797070000000,0
VFS.ContentWriter.totalTimeSpentOnSyncOperationsUs,1788937737070000000,1788937797070000000,0
VFS.ContentWriter.totalFlushes,1788937737070000000,1788937797070000000,0
VFS.ContentWriter.totalTasksExecutedAsync,1788937737070000000,1788937797070000000,0
VFS.rootsCount,1788937737070000000,1788937797070000000,0.0
VFS.cache.directoriesCreated,1788937737070000000,1788937797070000000,0
Indexing.writesQueuedMin,1788937737070000000,1788937797070000000,0
Indexing.writer_1.totalTimeSpentWritingMs,1788937737070000000,1788937797070000000,0
Indexing.writer_0.totalTimeSpentWritingMs,1788937737070000000,1788937797070000000,0
Indexing.writesQueuedMax,1788937737070000000,1788937797070000000,0
Indexing.cache.totalCacheMisses,1788937737070000000,1788937797070000000,0
Indexing.cache.totalCacheAccesses,1788937737070000000,1788937797070000000,0
Indexing.writer_2.totalTimeSpentWritingMs,1788937737070000000,1788937797070000000,0
Indexing.cache.totalCacheEvicted,1788937737070000000,1788937797070000000,0
Indexing.totalTimeIndexersSleptMs,1788937737070000000,1788937797070000000,0
Indexing.writesQueuedAvg,1788937737070000000,1788937797070000000,0.0
Indexing.writer_3.totalTimeSpentWritingMs,1788937737070000000,1788937797070000000,0
FilePageCache.WAL.flushesForcedByOverflow,1788937737070000000,1788937797070000000,0
MappedFileStorage.storages,1788937737070000000,1788937797070000000,8
StorageLockContext.competingThreads.90P,1788937737070000000,1788937797070000000,0
FilePageCache.pageFastCacheHits,1788937737070000000,1788937797070000000,180
DirectByteBufferAllocator.reclaimed,1788937737070000000,1788937797070000000,0
FilePageCache.WAL.bytesCopiedByApplyUnfinished,1788937737070000000,1788937797070000000,0
FilePageCache.totalBytesStored,1788937737070000000,1788937797070000000,960
StreamlinedBlobStorage.recordsAllocated,1788937737070000000,1788937797070000000,0
DirectByteBufferAllocator.hits,1788937737070000000,1788937797070000000,0
StorageLockContext.competingThreads.max,1788937737070000000,1788937797070000000,0
DirectByteBufferAllocator.totalSizeOfBuffersCachedInBytes,1788937737070000000,1788937797070000000,41959424
FilePageCache.WAL.entriesFlushed,1788937737070000000,1788937797070000000,0
FilePageCache.totalPageStoresUs,1788937737070000000,1788937797070000000,8954
DirectByteBufferAllocator.misses,1788937737070000000,1788937797070000000,0
FilePageCache.WAL.entriesFlushedOnRead,1788937737070000000,1788937797070000000,0
MappedFileStorage.totalBytesMapped,1788937737070000000,1788937797070000000,232783872
FilePageCache.pageHits,1788937737070000000,1788937797070000000,0
FilePageCache.capacityInBytes,1788937737070000000,1788937797070000000,629145600
MappedFileStorage.totalPagesMapped,1788937737070000000,1788937797070000000,8
StreamlinedBlobStorage.totalLiveRecordsPayloadBytes,1788937737070000000,1788937797070000000,0
FilePageCache.totalPageDisposalsUs,1788937737070000000,1788937797070000000,0
StreamlinedBlobStorage.recordsRelocated,1788937737070000000,1788937797070000000,0
FilePageCache.totalPageLoadsUs,1788937737070000000,1788937797070000000,0
FilePageCache.WAL.entriesFlushedOnForce,1788937737070000000,1788937797070000000,0
FilePageCache.pageLoads,1788937737070000000,1788937797070000000,0
FileChannelInterruptsRetryer.totalRetriedAttempts,1788937737070000000,1788937797070000000,0
StreamlinedBlobStorage.totalLiveRecordsCapacityBytes,1788937737070000000,1788937797070000000,0
FilePageCache.WAL.entriesFlushedOnClose,1788937737070000000,1788937797070000000,0
FilePageCache.disposedBuffers,1788937737070000000,1788937797070000000,0
FilePageCache.uncachedFileAccess,1788937737070000000,1788937797070000000,60
FilePageCache.WAL.bytesQueued,1788937737070000000,1788937797070000000,0
StorageLockContext.competingThreads.avg,1788937737070000000,1788937797070000000,0.0
DirectByteBufferAllocator.disposed,1788937737070000000,1788937797070000000,0
FilePageCache.maxCacheSizeInBytes,1788937737070000000,1788937797070000000,400564224
MappedFileStorage.totalTimeSpentOnMappingUs,1788937737070000000,1788937797070000000,179239
StreamlinedBlobStorage.recordsDeleted,1788937737070000000,1788937797070000000,0
FilePageCache.WAL.entriesFlushedOnTruncate,1788937737070000000,1788937797070000000,0
DirectByteBufferAllocator.totalSizeOfBuffersAllocatedInBytes,1788937737070000000,1788937797070000000,400564224
FilePageCache.pageLoadsAboveSizeThreshold,1788937737070000000,1788937797070000000,0
FilePageCache.maxRegisteredFiles,1788937737070000000,1788937797070000000,1072
cacheStateStorage.set.counter,1788937737070000000,1788937797070000000,0
cacheStateStorage.get.counter,1788937737070000000,1788937797070000000,0
cacheStateStorage.get.duration,1788937737070000000,1788937797070000000,0
cacheStateStorage.set.duration,1788937737070000000,1788937797070000000,0
jps.global.initialize.library.bridges.ms,1788937737070000000,1788937797070000000,0
workspaceModel.mutableEntityStorage.changeLog.addReplaceEventForRemovedChild.ms,1788937737070000000,1788937797070000000,0
jps.app.storage.content.reader.load.component.ms,1788937737070000000,1788937797070000000,0
workspaceModel.mutableEntityStorage.put.entity.ms,1788937737070000000,1788937797070000000,0
workspaceModel.global.apply.state.to.project.builder.ms,1788937737070000000,1788937797070000000,0
workspaceModel.mutableEntityStorage.remove.entity.ms,1788937737070000000,1788937797070000000,0
workspaceModel.mutableEntityStorage.entities.by.source.ms,1788937737070000000,1788937797070000000,0
workspaceModel.mutableEntityStorage.collect.changes.ms,1788937737070000000,1788937797070000000,0
workspaceModel.mutableEntityStorage.instances.count,1788937737070000000,1788937797070000000,0
workspaceModel.mutableEntityStorage.changeLog.addReplaceEventForNewChild.ms,1788937737070000000,1788937797070000000,0
workspaceModel.global.updates.ms,1788937737070000000,1788937797070000000,0
jps.load.initial.state.ms,1788937737070000000,1788937797070000000,0
workspaceModel.mutableEntityStorage.add.entity.ms,1788937737070000000,1788937797070000000,0
workspaceModel.mutableEntityStorage.mutable.vfurl.index.ms,1788937737070000000,1788937797070000000,0
workspaceModel.load.cache.metadata.from.file.ms,1788937737070000000,1788937797070000000,0
workspaceModel.mutableEntityStorage.has.same.entities.ms,1788937737070000000,1788937797070000000,0
workspaceModel.mutableEntityStorage.mutable.ext.mapping.ms,1788937737070000000,1788937797070000000,0
jps.global.get.library.ms,1788937737070000000,1788937797070000000,0
workspaceModel.mutableEntityStorage.entities.ms,1788937737070000000,1788937797070000000,0
workspaceModel.mutableEntityStorage.to.snapshot.ms,1788937737070000000,1788937797070000000,0
workspaceModel.mutableEntityStorage.referrers.ms,1788937737070000000,1788937797070000000,0
jps.global.get.libraries.ms,1788937737070000000,1788937797070000000,0
jps.global.handle.before.change.events.ms,1788937737070000000,1788937797070000000,0
jps.global.handle.changed.events.ms,1788937737070000000,1788937797070000000,0
workspaceModel.save.cache.to.file.ms,1788937737070000000,1788937797070000000,0
jps.global.initialize.library.bridges.after.loading.ms,1788937737070000000,1788937797070000000,0
jps.library.entities.serializer.save.entities.ms,1788937737070000000,1788937797070000000,0
workspaceModel.mutableEntityStorage.modify.entity.ms,1788937737070000000,1788937797070000000,0
workspaceModel.mutableEntityStorage.changeLog.addReplaceEventForNewParent.ms,1788937737070000000,1788937797070000000,0
workspaceModel.load.cache.from.file.ms,1788937737070000000,1788937797070000000,0
jps.save.global.entities.ms,1788937737070000000,1788937797070000000,0
workspaceModel.mutableEntityStorage.hasReferrers.ms,1788937737070000000,1788937797070000000,0
jps.library.entities.serializer.load.entities.ms,1788937737070000000,1788937797070000000,0
workspaceModel.mutableEntityStorage.changeLog.addReplaceEventForRemovedParent.ms,1788937737070000000,1788937797070000000,0
workspaceModel.mutableEntityStorage.apply.changes.from.ms,1788937737070000000,1788937797070000000,0
workspaceModel.mutableEntityStorage.replace.by.source.ms,1788937737070000000,1788937797070000000,0
workspaceModel.mutableEntityStorage.resolve.ms,1788937737070000000,1788937797070000000,0
workspaceModel.global.updates.count,1788937737070000000,1788937797070000000,0
workspaceModel.sync.entities.ms,1788937737070000000,1788937797070000000,0
workspaceModel.global.apply.state.to.project.ms,1788937737070000000,1788937797070000000,0
jps.global.get.library.by.name.ms,1788937737070000000,1788937797070000000,0
jps.app.storage.content.writer.save.component.ms,1788937737070000000,1788937797070000000,0
workspaceModel.entityStorageSnapshotImpl.instances.count,1788937737070000000,1788937797070000000,0
writeAction.median.wait.ms,1788937737070000000,1788937797070000000,0
writeAction.wait.ms,1788937737070000000,1788937797070000000,0
writeAction.max.wait.ms,1788937737070000000,1788937797070000000,1
writeAction.count,1788937737070000000,1788937797070000000,0
FlushQueue.waitingTime90PNs,1788937797070000000,1788937857070000000,0
ReadAction.executionsCount,1788937797070000000,1788937857070000000,60
FlushQueue.executionTime90PNs,1788937797070000000,1788937857070000000,0
FlushQueue.queueSize90P,1788937797070000000,1788937857070000000,0
FlushQueue.queueSizeMax,1788937797070000000,1788937857070000000,0
AWTEventQueue.dispatchTime90PNs,1788937797070000000,1788937857070000000,125951
FlushQueue.queueSizeAvg,1788937797070000000,1788937857070000000,0.0
FlushQueue.waitingTimeMaxNs,1788937797070000000,1788937857070000000,0
WriteAction.executionsCount,1788937797070000000,1788937857070000000,0
AWTEventQueue.dispatchTimeMaxNs,1788937797070000000,1788937857070000000,247807
FlushQueue.tasksExecuted,1788937797070000000,1788937857070000000,0
FlushQueue.executionTimeMaxNs,1788937797070000000,1788937857070000000,0
FlushQueue.executionTimeAvgNs,1788937797070000000,1788937857070000000,0.0
AWTEventQueue.eventsDispatched,1788937797070000000,1788937857070000000,180
FlushQueue.waitingTimeAvgNs,1788937797070000000,1788937857070000000,0.0
AWTEventQueue.dispatchTimeTotalNS,1788937797070000000,1788937857070000000,18531676
AWTEventQueue.dispatchTimeAvgNs,1788937797070000000,1788937857070000000,102944.0
VFS.contentStorage.recordsRead,1788937797070000000,1788937857070000000,0
VFS.cache.filesCreated,1788937797070000000,1788937857070000000,0
VFS.ContentWriter.totalTimeSpentOnAsyncOperationsUs,1788937797070000000,1788937857070000000,0
VFS.ContentWriter.totalTasksExecutedSync,1788937797070000000,1788937857070000000,0
VFS.contentStorage.recordsStoredSize,1788937797070000000,1788937857070000000,0
VFS.invertedFileNameIndex.requests,1788937797070000000,1788937857070000000,0
VFS.folderCaseSensitivityReads,1788937797070000000,1788937857070000000,0
FileNameCache.queries,1788937797070000000,1788937857070000000,0
VFS.contentStorage.recordsReadSize,1788937797070000000,1788937857070000000,0
VFS.contentStorage.recordsStoredCompressed,1788937797070000000,1788937857070000000,0
VFS.contentStorage.recordsReadDecompressed,1788937797070000000,1788937857070000000,0
VFS.fileChildByName,1788937797070000000,1788937857070000000,0
VFS.contentStorage.recordsDecompressionTimeUs,1788937797070000000,1788937857070000000,0
FileNameCache.totalMisses,1788937797070000000,1788937857070000000,0
VFS.contentStorage.recordsDeduplicated,1788937797070000000,1788937857070000000,0
VFS.fileByIdCache.hits,1788937797070000000,1788937857070000000,0
VFS.contentStorage.recordsStored,1788937797070000000,1788937857070000000,0
VFS.contentStorage.recordsUncompressedSize,1788937797070000000,1788937857070000000,0
VFS.fileByIdCache.misses,1788937797070000000,1788937857070000000,0
VFS.cache.segments,1788937797070000000,1788937857070000000,0
VFS.cache.segmentsCreated,1788937797070000000,1788937857070000000,0
VFS.ContentWriter.totalTimeSpentOnSyncOperationsUs,1788937797070000000,1788937857070000000,0
VFS.ContentWriter.totalFlushes,1788937797070000000,1788937857070000000,0
VFS.ContentWriter.totalTasksExecutedAsync,1788937797070000000,1788937857070000000,0
VFS.rootsCount,1788937797070000000,1788937857070000000,0.0
VFS.cache.directoriesCreated,1788937797070000000,1788937857070000000,0
Indexing.writesQueuedMin,1788937797070000000,1788937857070000000,0
Indexing.writer_1.totalTimeSpentWritingMs,1788937797070000000,1788937857070000000,0
Indexing.writer_0.totalTimeSpentWritingMs,1788937797070000000,1788937857070000000,0
Indexing.writesQueuedMax,1788937797070000000,1788937857070000000,0
Indexing.cache.totalCacheMisses,1788937797070000000,1788937857070000000,0
Indexing.cache.totalCacheAccesses,1788937797070000000,1788937857070000000,0
Indexing.writer_2.totalTimeSpentWritingMs,1788937797070000000,1788937857070000000,0
Indexing.cache.totalCacheEvicted,1788937797070000000,1788937857070000000,0
Indexing.totalTimeIndexersSleptMs,1788937797070000000,1788937857070000000,0
Indexing.writesQueuedAvg,1788937797070000000,1788937857070000000,0.0
Indexing.writer_3.totalTimeSpentWritingMs,1788937797070000000,1788937857070000000,0
FilePageCache.WAL.flushesForcedByOverflow,1788937797070000000,1788937857070000000,0
MappedFileStorage.storages,1788937797070000000,1788937857070000000,8
StorageLockContext.competingThreads.90P,1788937797070000000,1788937857070000000,0
FilePageCache.pageFastCacheHits,1788937797070000000,1788937857070000000,180
DirectByteBufferAllocator.reclaimed,1788937797070000000,1788937857070000000,0
FilePageCache.WAL.bytesCopiedByApplyUnfinished,1788937797070000000,1788937857070000000,0
FilePageCache.totalBytesStored,1788937797070000000,1788937857070000000,960
StreamlinedBlobStorage.recordsAllocated,1788937797070000000,1788937857070000000,0
DirectByteBufferAllocator.hits,1788937797070000000,1788937857070000000,0
StorageLockContext.competingThreads.max,1788937797070000000,1788937857070000000,0
DirectByteBufferAllocator.totalSizeOfBuffersCachedInBytes,1788937797070000000,1788937857070000000,41959424
FilePageCache.WAL.entriesFlushed,1788937797070000000,1788937857070000000,0
FilePageCache.totalPageStoresUs,1788937797070000000,1788937857070000000,8687
DirectByteBufferAllocator.misses,1788937797070000000,1788937857070000000,0
FilePageCache.WAL.entriesFlushedOnRead,1788937797070000000,1788937857070000000,0
MappedFileStorage.totalBytesMapped,1788937797070000000,1788937857070000000,232783872
FilePageCache.pageHits,1788937797070000000,1788937857070000000,0
FilePageCache.capacityInBytes,1788937797070000000,1788937857070000000,629145600
MappedFileStorage.totalPagesMapped,1788937797070000000,1788937857070000000,8
StreamlinedBlobStorage.totalLiveRecordsPayloadBytes,1788937797070000000,1788937857070000000,0
FilePageCache.totalPageDisposalsUs,1788937797070000000,1788937857070000000,0
StreamlinedBlobStorage.recordsRelocated,1788937797070000000,1788937857070000000,0
FilePageCache.totalPageLoadsUs,1788937797070000000,1788937857070000000,0
FilePageCache.WAL.entriesFlushedOnForce,1788937797070000000,1788937857070000000,0
FilePageCache.pageLoads,1788937797070000000,1788937857070000000,0
FileChannelInterruptsRetryer.totalRetriedAttempts,1788937797070000000,1788937857070000000,0
StreamlinedBlobStorage.totalLiveRecordsCapacityBytes,1788937797070000000,1788937857070000000,0
FilePageCache.WAL.entriesFlushedOnClose,1788937797070000000,1788937857070000000,0
FilePageCache.disposedBuffers,1788937797070000000,1788937857070000000,0
FilePageCache.uncachedFileAccess,1788937797070000000,1788937857070000000,60
FilePageCache.WAL.bytesQueued,1788937797070000000,1788937857070000000,0
StorageLockContext.competingThreads.avg,1788937797070000000,1788937857070000000,0.0
DirectByteBufferAllocator.disposed,1788937797070000000,1788937857070000000,0
FilePageCache.maxCacheSizeInBytes,1788937797070000000,1788937857070000000,400564224
MappedFileStorage.totalTimeSpentOnMappingUs,1788937797070000000,1788937857070000000,179239
StreamlinedBlobStorage.recordsDeleted,1788937797070000000,1788937857070000000,0
FilePageCache.WAL.entriesFlushedOnTruncate,1788937797070000000,1788937857070000000,0
DirectByteBufferAllocator.totalSizeOfBuffersAllocatedInBytes,1788937797070000000,1788937857070000000,400564224
FilePageCache.pageLoadsAboveSizeThreshold,1788937797070000000,1788937857070000000,0
FilePageCache.maxRegisteredFiles,1788937797070000000,1788937857070000000,1072
cacheStateStorage.set.counter,1788937797070000000,1788937857070000000,0
cacheStateStorage.get.counter,1788937797070000000,1788937857070000000,0
cacheStateStorage.get.duration,1788937797070000000,1788937857070000000,0
cacheStateStorage.set.duration,1788937797070000000,1788937857070000000,0
jps.global.initialize.library.bridges.ms,1788937797070000000,1788937857070000000,0
workspaceModel.mutableEntityStorage.changeLog.addReplaceEventForRemovedChild.ms,1788937797070000000,1788937857070000000,0
jps.app.storage.content.reader.load.component.ms,1788937797070000000,1788937857070000000,0
workspaceModel.mutableEntityStorage.put.entity.ms,1788937797070000000,1788937857070000000,0
workspaceModel.global.apply.state.to.project.builder.ms,1788937797070000000,1788937857070000000,0
workspaceModel.mutableEntityStorage.remove.entity.ms,1788937797070000000,1788937857070000000,0
workspaceModel.mutableEntityStorage.entities.by.source.ms,1788937797070000000,1788937857070000000,0
workspaceModel.mutableEntityStorage.collect.changes.ms,1788937797070000000,1788937857070000000,0
workspaceModel.mutableEntityStorage.instances.count,1788937797070000000,1788937857070000000,0
workspaceModel.mutableEntityStorage.changeLog.addReplaceEventForNewChild.ms,1788937797070000000,1788937857070000000,0
workspaceModel.global.updates.ms,1788937797070000000,1788937857070000000,0
jps.load.initial.state.ms,1788937797070000000,1788937857070000000,0
workspaceModel.mutableEntityStorage.add.entity.ms,1788937797070000000,1788937857070000000,0
workspaceModel.mutableEntityStorage.mutable.vfurl.index.ms,1788937797070000000,1788937857070000000,0
workspaceModel.load.cache.metadata.from.file.ms,1788937797070000000,1788937857070000000,0
workspaceModel.mutableEntityStorage.has.same.entities.ms,1788937797070000000,1788937857070000000,0
workspaceModel.mutableEntityStorage.mutable.ext.mapping.ms,1788937797070000000,1788937857070000000,0
jps.global.get.library.ms,1788937797070000000,1788937857070000000,0
workspaceModel.mutableEntityStorage.entities.ms,1788937797070000000,1788937857070000000,0
workspaceModel.mutableEntityStorage.to.snapshot.ms,1788937797070000000,1788937857070000000,0
workspaceModel.mutableEntityStorage.referrers.ms,1788937797070000000,1788937857070000000,0
jps.global.get.libraries.ms,1788937797070000000,1788937857070000000,0
jps.global.handle.before.change.events.ms,1788937797070000000,1788937857070000000,0
jps.global.handle.changed.events.ms,1788937797070000000,1788937857070000000,0
workspaceModel.save.cache.to.file.ms,1788937797070000000,1788937857070000000,0
jps.global.initialize.library.bridges.after.loading.ms,1788937797070000000,1788937857070000000,0
jps.library.entities.serializer.save.entities.ms,1788937797070000000,1788937857070000000,0
workspaceModel.mutableEntityStorage.modify.entity.ms,1788937797070000000,1788937857070000000,0
workspaceModel.mutableEntityStorage.changeLog.addReplaceEventForNewParent.ms,1788937797070000000,1788937857070000000,0
workspaceModel.load.cache.from.file.ms,1788937797070000000,1788937857070000000,0
jps.save.global.entities.ms,1788937797070000000,1788937857070000000,0
workspaceModel.mutableEntityStorage.hasReferrers.ms,1788937797070000000,1788937857070000000,0
jps.library.entities.serializer.load.entities.ms,1788937797070000000,1788937857070000000,0
workspaceModel.mutableEntityStorage.changeLog.addReplaceEventForRemovedParent.ms,1788937797070000000,1788937857070000000,0
workspaceModel.mutableEntityStorage.apply.changes.from.ms,1788937797070000000,1788937857070000000,0
workspaceModel.mutableEntityStorage.replace.by.source.ms,1788937797070000000,1788937857070000000,0
workspaceModel.mutableEntityStorage.resolve.ms,1788937797070000000,1788937857070000000,0
workspaceModel.global.updates.count,1788937797070000000,1788937857070000000,0
workspaceModel.sync.entities.ms,1788937797070000000,1788937857070000000,0
workspaceModel.global.apply.state.to.project.ms,1788937797070000000,1788937857070000000,0
jps.global.get.library.by.name.ms,1788937797070000000,1788937857070000000,0
jps.app.storage.content.writer.save.component.ms,1788937797070000000,1788937857070000000,0
workspaceModel.entityStorageSnapshotImpl.instances.count,1788937797070000000,1788937857070000000,0
writeAction.median.wait.ms,1788937797070000000,1788937857070000000,0
writeAction.wait.ms,1788937797070000000,1788937857070000000,0
writeAction.max.wait.ms,1788937797070000000,1788937857070000000,1
writeAction.count,1788937797070000000,1788937857070000000,0
FlushQueue.waitingTime90PNs,1788937857070000000,1788937917070000000,0
ReadAction.executionsCount,1788937857070000000,1788937917070000000,60
FlushQueue.executionTime90PNs,1788937857070000000,1788937917070000000,0
FlushQueue.queueSize90P,1788937857070000000,1788937917070000000,0
FlushQueue.queueSizeMax,1788937857070000000,1788937917070000000,0
AWTEventQueue.dispatchTime90PNs,1788937857070000000,1788937917070000000,133119
FlushQueue.queueSizeAvg,1788937857070000000,1788937917070000000,0.0
FlushQueue.waitingTimeMaxNs,1788937857070000000,1788937917070000000,0
WriteAction.executionsCount,1788937857070000000,1788937917070000000,0
AWTEventQueue.dispatchTimeMaxNs,1788937857070000000,1788937917070000000,268287
FlushQueue.tasksExecuted,1788937857070000000,1788937917070000000,0
FlushQueue.executionTimeMaxNs,1788937857070000000,1788937917070000000,0
FlushQueue.executionTimeAvgNs,1788937857070000000,1788937917070000000,0.0
AWTEventQueue.eventsDispatched,1788937857070000000,1788937917070000000,180
FlushQueue.waitingTimeAvgNs,1788937857070000000,1788937917070000000,0.0
AWTEventQueue.dispatchTimeTotalNS,1788937857070000000,1788937917070000000,18998886
AWTEventQueue.dispatchTimeAvgNs,1788937857070000000,1788937917070000000,105553.06666666667
VFS.contentStorage.recordsRead,1788937857070000000,1788937917070000000,0
VFS.cache.filesCreated,1788937857070000000,1788937917070000000,0
VFS.ContentWriter.totalTimeSpentOnAsyncOperationsUs,1788937857070000000,1788937917070000000,0
VFS.ContentWriter.totalTasksExecutedSync,1788937857070000000,1788937917070000000,0
VFS.contentStorage.recordsStoredSize,1788937857070000000,1788937917070000000,0
VFS.invertedFileNameIndex.requests,1788937857070000000,1788937917070000000,0
VFS.folderCaseSensitivityReads,1788937857070000000,1788937917070000000,0
FileNameCache.queries,1788937857070000000,1788937917070000000,0
VFS.contentStorage.recordsReadSize,1788937857070000000,1788937917070000000,0
VFS.contentStorage.recordsStoredCompressed,1788937857070000000,1788937917070000000,0
VFS.contentStorage.recordsReadDecompressed,1788937857070000000,1788937917070000000,0
VFS.fileChildByName,1788937857070000000,1788937917070000000,0
VFS.contentStorage.recordsDecompressionTimeUs,1788937857070000000,1788937917070000000,0
FileNameCache.totalMisses,1788937857070000000,1788937917070000000,0
VFS.contentStorage.recordsDeduplicated,1788937857070000000,1788937917070000000,0
VFS.fileByIdCache.hits,1788937857070000000,1788937917070000000,0
VFS.contentStorage.recordsStored,1788937857070000000,1788937917070000000,0
VFS.contentStorage.recordsUncompressedSize,1788937857070000000,1788937917070000000,0
VFS.fileByIdCache.misses,1788937857070000000,1788937917070000000,0
VFS.cache.segments,1788937857070000000,1788937917070000000,0
VFS.cache.segmentsCreated,1788937857070000000,1788937917070000000,0
VFS.ContentWriter.totalTimeSpentOnSyncOperationsUs,1788937857070000000,1788937917070000000,0
VFS.ContentWriter.totalFlushes,1788937857070000000,1788937917070000000,0
VFS.ContentWriter.totalTasksExecutedAsync,1788937857070000000,1788937917070000000,0
VFS.rootsCount,1788937857070000000,1788937917070000000,0.0
VFS.cache.directoriesCreated,1788937857070000000,1788937917070000000,0
Indexing.writesQueuedMin,1788937857070000000,1788937917070000000,0
Indexing.writer_1.totalTimeSpentWritingMs,1788937857070000000,1788937917070000000,0
Indexing.writer_0.totalTimeSpentWritingMs,1788937857070000000,1788937917070000000,0
Indexing.writesQueuedMax,1788937857070000000,1788937917070000000,0
Indexing.cache.totalCacheMisses,1788937857070000000,1788937917070000000,0
Indexing.cache.totalCacheAccesses,1788937857070000000,1788937917070000000,0
Indexing.writer_2.totalTimeSpentWritingMs,1788937857070000000,1788937917070000000,0
Indexing.cache.totalCacheEvicted,1788937857070000000,1788937917070000000,0
Indexing.totalTimeIndexersSleptMs,1788937857070000000,1788937917070000000,0
Indexing.writesQueuedAvg,1788937857070000000,1788937917070000000,0.0
Indexing.writer_3.totalTimeSpentWritingMs,1788937857070000000,1788937917070000000,0
FilePageCache.WAL.flushesForcedByOverflow,1788937857070000000,1788937917070000000,0
MappedFileStorage.storages,1788937857070000000,1788937917070000000,8
StorageLockContext.competingThreads.90P,1788937857070000000,1788937917070000000,0
FilePageCache.pageFastCacheHits,1788937857070000000,1788937917070000000,180
DirectByteBufferAllocator.reclaimed,1788937857070000000,1788937917070000000,0
FilePageCache.WAL.bytesCopiedByApplyUnfinished,1788937857070000000,1788937917070000000,0
FilePageCache.totalBytesStored,1788937857070000000,1788937917070000000,960
StreamlinedBlobStorage.recordsAllocated,1788937857070000000,1788937917070000000,0
DirectByteBufferAllocator.hits,1788937857070000000,1788937917070000000,0
StorageLockContext.competingThreads.max,1788937857070000000,1788937917070000000,0
DirectByteBufferAllocator.totalSizeOfBuffersCachedInBytes,1788937857070000000,1788937917070000000,41959424
FilePageCache.WAL.entriesFlushed,1788937857070000000,1788937917070000000,0
FilePageCache.totalPageStoresUs,1788937857070000000,1788937917070000000,8841
DirectByteBufferAllocator.misses,1788937857070000000,1788937917070000000,0
FilePageCache.WAL.entriesFlushedOnRead,1788937857070000000,1788937917070000000,0
MappedFileStorage.totalBytesMapped,1788937857070000000,1788937917070000000,232783872
FilePageCache.pageHits,1788937857070000000,1788937917070000000,0
FilePageCache.capacityInBytes,1788937857070000000,1788937917070000000,629145600
MappedFileStorage.totalPagesMapped,1788937857070000000,1788937917070000000,8
StreamlinedBlobStorage.totalLiveRecordsPayloadBytes,1788937857070000000,1788937917070000000,0
FilePageCache.totalPageDisposalsUs,1788937857070000000,1788937917070000000,0
StreamlinedBlobStorage.recordsRelocated,1788937857070000000,1788937917070000000,0
FilePageCache.totalPageLoadsUs,1788937857070000000,1788937917070000000,0
FilePageCache.WAL.entriesFlushedOnForce,1788937857070000000,1788937917070000000,0
FilePageCache.pageLoads,1788937857070000000,1788937917070000000,0
FileChannelInterruptsRetryer.totalRetriedAttempts,1788937857070000000,1788937917070000000,0
StreamlinedBlobStorage.totalLiveRecordsCapacityBytes,1788937857070000000,1788937917070000000,0
FilePageCache.WAL.entriesFlushedOnClose,1788937857070000000,1788937917070000000,0
FilePageCache.disposedBuffers,1788937857070000000,1788937917070000000,0
FilePageCache.uncachedFileAccess,1788937857070000000,1788937917070000000,60
FilePageCache.WAL.bytesQueued,1788937857070000000,1788937917070000000,0
StorageLockContext.competingThreads.avg,1788937857070000000,1788937917070000000,0.0
DirectByteBufferAllocator.disposed,1788937857070000000,1788937917070000000,0
FilePageCache.maxCacheSizeInBytes,1788937857070000000,1788937917070000000,400564224
MappedFileStorage.totalTimeSpentOnMappingUs,1788937857070000000,1788937917070000000,179239
StreamlinedBlobStorage.recordsDeleted,1788937857070000000,1788937917070000000,0
FilePageCache.WAL.entriesFlushedOnTruncate,1788937857070000000,1788937917070000000,0
DirectByteBufferAllocator.totalSizeOfBuffersAllocatedInBytes,1788937857070000000,1788937917070000000,400564224
FilePageCache.pageLoadsAboveSizeThreshold,1788937857070000000,1788937917070000000,0
FilePageCache.maxRegisteredFiles,1788937857070000000,1788937917070000000,1072
cacheStateStorage.set.counter,1788937857070000000,1788937917070000000,0
cacheStateStorage.get.counter,1788937857070000000,1788937917070000000,0
cacheStateStorage.get.duration,1788937857070000000,1788937917070000000,0
cacheStateStorage.set.duration,1788937857070000000,1788937917070000000,0
jps.global.initialize.library.bridges.ms,1788937857070000000,1788937917070000000,0
workspaceModel.mutableEntityStorage.changeLog.addReplaceEventForRemovedChild.ms,1788937857070000000,1788937917070000000,0
jps.app.storage.content.reader.load.component.ms,1788937857070000000,1788937917070000000,0
workspaceModel.mutableEntityStorage.put.entity.ms,1788937857070000000,1788937917070000000,0
workspaceModel.global.apply.state.to.project.builder.ms,1788937857070000000,1788937917070000000,0
workspaceModel.mutableEntityStorage.remove.entity.ms,1788937857070000000,1788937917070000000,0
workspaceModel.mutableEntityStorage.entities.by.source.ms,1788937857070000000,1788937917070000000,0
workspaceModel.mutableEntityStorage.collect.changes.ms,1788937857070000000,1788937917070000000,0
workspaceModel.mutableEntityStorage.instances.count,1788937857070000000,1788937917070000000,0
workspaceModel.mutableEntityStorage.changeLog.addReplaceEventForNewChild.ms,1788937857070000000,1788937917070000000,0
workspaceModel.global.updates.ms,1788937857070000000,1788937917070000000,0
jps.load.initial.state.ms,1788937857070000000,1788937917070000000,0
workspaceModel.mutableEntityStorage.add.entity.ms,1788937857070000000,1788937917070000000,0
workspaceModel.mutableEntityStorage.mutable.vfurl.index.ms,1788937857070000000,1788937917070000000,0
workspaceModel.load.cache.metadata.from.file.ms,1788937857070000000,1788937917070000000,0
workspaceModel.mutableEntityStorage.has.same.entities.ms,1788937857070000000,1788937917070000000,0
workspaceModel.mutableEntityStorage.mutable.ext.mapping.ms,1788937857070000000,1788937917070000000,0
jps.global.get.library.ms,1788937857070000000,1788937917070000000,0
workspaceModel.mutableEntityStorage.entities.ms,1788937857070000000,1788937917070000000,0
workspaceModel.mutableEntityStorage.to.snapshot.ms,1788937857070000000,1788937917070000000,0
workspaceModel.mutableEntityStorage.referrers.ms,1788937857070000000,1788937917070000000,0
jps.global.get.libraries.ms,1788937857070000000,1788937917070000000,0
jps.global.handle.before.change.events.ms,1788937857070000000,1788937917070000000,0
jps.global.handle.changed.events.ms,1788937857070000000,1788937917070000000,0
workspaceModel.save.cache.to.file.ms,1788937857070000000,1788937917070000000,0
jps.global.initialize.library.bridges.after.loading.ms,1788937857070000000,1788937917070000000,0
jps.library.entities.serializer.save.entities.ms,1788937857070000000,1788937917070000000,0
workspaceModel.mutableEntityStorage.modify.entity.ms,1788937857070000000,1788937917070000000,0
workspaceModel.mutableEntityStorage.changeLog.addReplaceEventForNewParent.ms,1788937857070000000,1788937917070000000,0
workspaceModel.load.cache.from.file.ms,1788937857070000000,1788937917070000000,0
jps.save.global.entities.ms,1788937857070000000,1788937917070000000,0
workspaceModel.mutableEntityStorage.hasReferrers.ms,1788937857070000000,1788937917070000000,0
jps.library.entities.serializer.load.entities.ms,1788937857070000000,1788937917070000000,0
workspaceModel.mutableEntityStorage.changeLog.addReplaceEventForRemovedParent.ms,1788937857070000000,1788937917070000000,0
workspaceModel.mutableEntityStorage.apply.changes.from.ms,1788937857070000000,1788937917070000000,0
workspaceModel.mutableEntityStorage.replace.by.source.ms,1788937857070000000,1788937917070000000,0
workspaceModel.mutableEntityStorage.resolve.ms,1788937857070000000,1788937917070000000,0
workspaceModel.global.updates.count,1788937857070000000,1788937917070000000,0
workspaceModel.sync.entities.ms,1788937857070000000,1788937917070000000,0
workspaceModel.global.apply.state.to.project.ms,1788937857070000000,1788937917070000000,0
jps.global.get.library.by.name.ms,1788937857070000000,1788937917070000000,0
jps.app.storage.content.writer.save.component.ms,1788937857070000000,1788937917070000000,0
workspaceModel.entityStorageSnapshotImpl.instances.count,1788937857070000000,1788937917070000000,0
writeAction.median.wait.ms,1788937857070000000,1788937917070000000,0
writeAction.wait.ms,1788937857070000000,1788937917070000000,0
writeAction.max.wait.ms,1788937857070000000,1788937917070000000,1
writeAction.count,1788937857070000000,1788937917070000000,0
FlushQueue.waitingTime90PNs,1788937917070000000,1788937977070000000,0
ReadAction.executionsCount,1788937917070000000,1788937977070000000,60
FlushQueue.executionTime90PNs,1788937917070000000,1788937977070000000,0
FlushQueue.queueSize90P,1788937917070000000,1788937977070000000,0
FlushQueue.queueSizeMax,1788937917070000000,1788937977070000000,0
AWTEventQueue.dispatchTime90PNs,1788937917070000000,1788937977070000000,121855
FlushQueue.queueSizeAvg,1788937917070000000,1788937977070000000,0.0
FlushQueue.waitingTimeMaxNs,1788937917070000000,1788937977070000000,0
WriteAction.executionsCount,1788937917070000000,1788937977070000000,0
AWTEventQueue.dispatchTimeMaxNs,1788937917070000000,1788937977070000000,278527
FlushQueue.tasksExecuted,1788937917070000000,1788937977070000000,0
FlushQueue.executionTimeMaxNs,1788937917070000000,1788937977070000000,0
FlushQueue.executionTimeAvgNs,1788937917070000000,1788937977070000000,0.0
AWTEventQueue.eventsDispatched,1788937917070000000,1788937977070000000,180
FlushQueue.waitingTimeAvgNs,1788937917070000000,1788937977070000000,0.0
AWTEventQueue.dispatchTimeTotalNS,1788937917070000000,1788937977070000000,18376562
AWTEventQueue.dispatchTimeAvgNs,1788937917070000000,1788937977070000000,102099.91111111111
VFS.contentStorage.recordsRead,1788937917070000000,1788937977070000000,0
VFS.cache.filesCreated,1788937917070000000,1788937977070000000,0
VFS.ContentWriter.totalTimeSpentOnAsyncOperationsUs,1788937917070000000,1788937977070000000,0
VFS.ContentWriter.totalTasksExecutedSync,1788937917070000000,1788937977070000000,0
VFS.contentStorage.recordsStoredSize,1788937917070000000,1788937977070000000,0
VFS.invertedFileNameIndex.requests,1788937917070000000,1788937977070000000,0
VFS.folderCaseSensitivityReads,1788937917070000000,1788937977070000000,0
FileNameCache.queries,1788937917070000000,1788937977070000000,0
VFS.contentStorage.recordsReadSize,1788937917070000000,1788937977070000000,0
VFS.contentStorage.recordsStoredCompressed,1788937917070000000,1788937977070000000,0
VFS.contentStorage.recordsReadDecompressed,1788937917070000000,1788937977070000000,0
VFS.fileChildByName,1788937917070000000,1788937977070000000,0
VFS.contentStorage.recordsDecompressionTimeUs,1788937917070000000,1788937977070000000,0
FileNameCache.totalMisses,1788937917070000000,1788937977070000000,0
VFS.contentStorage.recordsDeduplicated,1788937917070000000,1788937977070000000,0
VFS.fileByIdCache.hits,1788937917070000000,1788937977070000000,0
VFS.contentStorage.recordsStored,1788937917070000000,1788937977070000000,0
VFS.contentStorage.recordsUncompressedSize,1788937917070000000,1788937977070000000,0
VFS.fileByIdCache.misses,1788937917070000000,1788937977070000000,0
VFS.cache.segments,1788937917070000000,1788937977070000000,0
VFS.cache.segmentsCreated,1788937917070000000,1788937977070000000,0
VFS.ContentWriter.totalTimeSpentOnSyncOperationsUs,1788937917070000000,1788937977070000000,0
VFS.ContentWriter.totalFlushes,1788937917070000000,1788937977070000000,0
VFS.ContentWriter.totalTasksExecutedAsync,1788937917070000000,1788937977070000000,0
VFS.rootsCount,1788937917070000000,1788937977070000000,0.0
VFS.cache.directoriesCreated,1788937917070000000,1788937977070000000,0
Indexing.writesQueuedMin,1788937917070000000,1788937977070000000,0
Indexing.writer_1.totalTimeSpentWritingMs,1788937917070000000,1788937977070000000,0
Indexing.writer_0.totalTimeSpentWritingMs,1788937917070000000,1788937977070000000,0
Indexing.writesQueuedMax,1788937917070000000,1788937977070000000,0
Indexing.cache.totalCacheMisses,1788937917070000000,1788937977070000000,0
Indexing.cache.totalCacheAccesses,1788937917070000000,1788937977070000000,0
Indexing.writer_2.totalTimeSpentWritingMs,1788937917070000000,1788937977070000000,0
Indexing.cache.totalCacheEvicted,1788937917070000000,1788937977070000000,0
Indexing.totalTimeIndexersSleptMs,1788937917070000000,1788937977070000000,0
Indexing.writesQueuedAvg,1788937917070000000,1788937977070000000,0.0
Indexing.writer_3.totalTimeSpentWritingMs,1788937917070000000,1788937977070000000,0
FilePageCache.WAL.flushesForcedByOverflow,1788937917070000000,1788937977070000000,0
MappedFileStorage.storages,1788937917070000000,1788937977070000000,8
StorageLockContext.competingThreads.90P,1788937917070000000,1788937977070000000,0
FilePageCache.pageFastCacheHits,1788937917070000000,1788937977070000000,180
DirectByteBufferAllocator.reclaimed,1788937917070000000,1788937977070000000,0
FilePageCache.WAL.bytesCopiedByApplyUnfinished,1788937917070000000,1788937977070000000,0
FilePageCache.totalBytesStored,1788937917070000000,1788937977070000000,960
StreamlinedBlobStorage.recordsAllocated,1788937917070000000,1788937977070000000,0
DirectByteBufferAllocator.hits,1788937917070000000,1788937977070000000,0
StorageLockContext.competingThreads.max,1788937917070000000,1788937977070000000,0
DirectByteBufferAllocator.totalSizeOfBuffersCachedInBytes,1788937917070000000,1788937977070000000,41959424
FilePageCache.WAL.entriesFlushed,1788937917070000000,1788937977070000000,0
FilePageCache.totalPageStoresUs,1788937917070000000,1788937977070000000,8877
DirectByteBufferAllocator.misses,1788937917070000000,1788937977070000000,0
FilePageCache.WAL.entriesFlushedOnRead,1788937917070000000,1788937977070000000,0
MappedFileStorage.totalBytesMapped,1788937917070000000,1788937977070000000,232783872
FilePageCache.pageHits,1788937917070000000,1788937977070000000,0
FilePageCache.capacityInBytes,1788937917070000000,1788937977070000000,629145600
MappedFileStorage.totalPagesMapped,1788937917070000000,1788937977070000000,8
StreamlinedBlobStorage.totalLiveRecordsPayloadBytes,1788937917070000000,1788937977070000000,0
FilePageCache.totalPageDisposalsUs,1788937917070000000,1788937977070000000,0
StreamlinedBlobStorage.recordsRelocated,1788937917070000000,1788937977070000000,0
FilePageCache.totalPageLoadsUs,1788937917070000000,1788937977070000000,0
FilePageCache.WAL.entriesFlushedOnForce,1788937917070000000,1788937977070000000,0
FilePageCache.pageLoads,1788937917070000000,1788937977070000000,0
FileChannelInterruptsRetryer.totalRetriedAttempts,1788937917070000000,1788937977070000000,0
StreamlinedBlobStorage.totalLiveRecordsCapacityBytes,1788937917070000000,1788937977070000000,0
FilePageCache.WAL.entriesFlushedOnClose,1788937917070000000,1788937977070000000,0
FilePageCache.disposedBuffers,1788937917070000000,1788937977070000000,0
FilePageCache.uncachedFileAccess,1788937917070000000,1788937977070000000,60
FilePageCache.WAL.bytesQueued,1788937917070000000,1788937977070000000,0
StorageLockContext.competingThreads.avg,1788937917070000000,1788937977070000000,0.0
DirectByteBufferAllocator.disposed,1788937917070000000,1788937977070000000,0
FilePageCache.maxCacheSizeInBytes,1788937917070000000,1788937977070000000,400564224
MappedFileStorage.totalTimeSpentOnMappingUs,1788937917070000000,1788937977070000000,179239
StreamlinedBlobStorage.recordsDeleted,1788937917070000000,1788937977070000000,0
FilePageCache.WAL.entriesFlushedOnTruncate,1788937917070000000,1788937977070000000,0
DirectByteBufferAllocator.totalSizeOfBuffersAllocatedInBytes,1788937917070000000,1788937977070000000,400564224
FilePageCache.pageLoadsAboveSizeThreshold,1788937917070000000,1788937977070000000,0
FilePageCache.maxRegisteredFiles,1788937917070000000,1788937977070000000,1072
cacheStateStorage.set.counter,1788937917070000000,1788937977070000000,0
cacheStateStorage.get.counter,1788937917070000000,1788937977070000000,0
cacheStateStorage.get.duration,1788937917070000000,1788937977070000000,0
cacheStateStorage.set.duration,1788937917070000000,1788937977070000000,0
jps.global.initialize.library.bridges.ms,1788937917070000000,1788937977070000000,0
workspaceModel.mutableEntityStorage.changeLog.addReplaceEventForRemovedChild.ms,1788937917070000000,1788937977070000000,0
jps.app.storage.content.reader.load.component.ms,1788937917070000000,1788937977070000000,0
workspaceModel.mutableEntityStorage.put.entity.ms,1788937917070000000,1788937977070000000,0
workspaceModel.global.apply.state.to.project.builder.ms,1788937917070000000,1788937977070000000,0
workspaceModel.mutableEntityStorage.remove.entity.ms,1788937917070000000,1788937977070000000,0
workspaceModel.mutableEntityStorage.entities.by.source.ms,1788937917070000000,1788937977070000000,0
workspaceModel.mutableEntityStorage.collect.changes.ms,1788937917070000000,1788937977070000000,0
workspaceModel.mutableEntityStorage.instances.count,1788937917070000000,1788937977070000000,0
workspaceModel.mutableEntityStorage.changeLog.addReplaceEventForNewChild.ms,1788937917070000000,1788937977070000000,0
workspaceModel.global.updates.ms,1788937917070000000,1788937977070000000,0
jps.load.initial.state.ms,1788937917070000000,1788937977070000000,0
workspaceModel.mutableEntityStorage.add.entity.ms,1788937917070000000,1788937977070000000,0
workspaceModel.mutableEntityStorage.mutable.vfurl.index.ms,1788937917070000000,1788937977070000000,0
workspaceModel.load.cache.metadata.from.file.ms,1788937917070000000,1788937977070000000,0
workspaceModel.mutableEntityStorage.has.same.entities.ms,1788937917070000000,1788937977070000000,0
workspaceModel.mutableEntityStorage.mutable.ext.mapping.ms,1788937917070000000,1788937977070000000,0
jps.global.get.library.ms,1788937917070000000,1788937977070000000,0
workspaceModel.mutableEntityStorage.entities.ms,1788937917070000000,1788937977070000000,0
workspaceModel.mutableEntityStorage.to.snapshot.ms,1788937917070000000,1788937977070000000,0
workspaceModel.mutableEntityStorage.referrers.ms,1788937917070000000,1788937977070000000,0
jps.global.get.libraries.ms,1788937917070000000,1788937977070000000,0
jps.global.handle.before.change.events.ms,1788937917070000000,1788937977070000000,0
jps.global.handle.changed.events.ms,1788937917070000000,1788937977070000000,0
workspaceModel.save.cache.to.file.ms,1788937917070000000,1788937977070000000,0
jps.global.initialize.library.bridges.after.loading.ms,1788937917070000000,1788937977070000000,0
jps.library.entities.serializer.save.entities.ms,1788937917070000000,1788937977070000000,0
workspaceModel.mutableEntityStorage.modify.entity.ms,1788937917070000000,1788937977070000000,0
workspaceModel.mutableEntityStorage.changeLog.addReplaceEventForNewParent.ms,1788937917070000000,1788937977070000000,0
workspaceModel.load.cache.from.file.ms,1788937917070000000,1788937977070000000,0
jps.save.global.entities.ms,1788937917070000000,1788937977070000000,0
workspaceModel.mutableEntityStorage.hasReferrers.ms,1788937917070000000,1788937977070000000,0
jps.library.entities.serializer.load.entities.ms,1788937917070000000,1788937977070000000,0
workspaceModel.mutableEntityStorage.changeLog.addReplaceEventForRemovedParent.ms,1788937917070000000,1788937977070000000,0
workspaceModel.mutableEntityStorage.apply.changes.from.ms,1788937917070000000,1788937977070000000,0
workspaceModel.mutableEntityStorage.replace.by.source.ms,1788937917070000000,1788937977070000000,0
workspaceModel.mutableEntityStorage.resolve.ms,1788937917070000000,1788937977070000000,0
workspaceModel.global.updates.count,1788937917070000000,1788937977070000000,0
workspaceModel.sync.entities.ms,1788937917070000000,1788937977070000000,0
workspaceModel.global.apply.state.to.project.ms,1788937917070000000,1788937977070000000,0
jps.global.get.library.by.name.ms,1788937917070000000,1788937977070000000,0
jps.app.storage.content.writer.save.component.ms,1788937917070000000,1788937977070000000,0
workspaceModel.entityStorageSnapshotImpl.instances.count,1788937917070000000,1788937977070000000,0
writeAction.median.wait.ms,1788937917070000000,1788937977070000000,0
writeAction.wait.ms,1788937917070000000,1788937977070000000,0
writeAction.max.wait.ms,1788937917070000000,1788937977070000000,1
writeAction.count,1788937917070000000,1788937977070000000,0
FlushQueue.waitingTime90PNs,1788937977070000000,1788938037070000000,0
ReadAction.executionsCount,1788937977070000000,1788938037070000000,59
FlushQueue.executionTime90PNs,1788937977070000000,1788938037070000000,0
FlushQueue.queueSize90P,1788937977070000000,1788938037070000000,0
FlushQueue.queueSizeMax,1788937977070000000,1788938037070000000,0
AWTEventQueue.dispatchTime90PNs,1788937977070000000,1788938037070000000,114687
FlushQueue.queueSizeAvg,1788937977070000000,1788938037070000000,0.0
FlushQueue.waitingTimeMaxNs,1788937977070000000,1788938037070000000,0
WriteAction.executionsCount,1788937977070000000,1788938037070000000,0
AWTEventQueue.dispatchTimeMaxNs,1788937977070000000,1788938037070000000,141311
FlushQueue.tasksExecuted,1788937977070000000,1788938037070000000,0
FlushQueue.executionTimeMaxNs,1788937977070000000,1788938037070000000,0
FlushQueue.executionTimeAvgNs,1788937977070000000,1788938037070000000,0.0
AWTEventQueue.eventsDispatched,1788937977070000000,1788938037070000000,179
FlushQueue.waitingTimeAvgNs,1788937977070000000,1788938037070000000,0.0
AWTEventQueue.dispatchTimeTotalNS,1788937977070000000,1788938037070000000,17372339
AWTEventQueue.dispatchTimeAvgNs,1788937977070000000,1788938037070000000,97032.58100558659
VFS.contentStorage.recordsRead,1788937977070000000,1788938037070000000,0
VFS.cache.filesCreated,1788937977070000000,1788938037070000000,0
VFS.ContentWriter.totalTimeSpentOnAsyncOperationsUs,1788937977070000000,1788938037070000000,0
VFS.ContentWriter.totalTasksExecutedSync,1788937977070000000,1788938037070000000,0
VFS.contentStorage.recordsStoredSize,1788937977070000000,1788938037070000000,0
VFS.invertedFileNameIndex.requests,1788937977070000000,1788938037070000000,0
VFS.folderCaseSensitivityReads,1788937977070000000,1788938037070000000,0
FileNameCache.queries,1788937977070000000,1788938037070000000,0
VFS.contentStorage.recordsReadSize,1788937977070000000,1788938037070000000,0
VFS.contentStorage.recordsStoredCompressed,1788937977070000000,1788938037070000000,0
VFS.contentStorage.recordsReadDecompressed,1788937977070000000,1788938037070000000,0
VFS.fileChildByName,1788937977070000000,1788938037070000000,0
VFS.contentStorage.recordsDecompressionTimeUs,1788937977070000000,1788938037070000000,0
FileNameCache.totalMisses,1788937977070000000,1788938037070000000,0
VFS.contentStorage.recordsDeduplicated,1788937977070000000,1788938037070000000,0
VFS.fileByIdCache.hits,1788937977070000000,1788938037070000000,0
VFS.contentStorage.recordsStored,1788937977070000000,1788938037070000000,0
VFS.contentStorage.recordsUncompressedSize,1788937977070000000,1788938037070000000,0
VFS.fileByIdCache.misses,1788937977070000000,1788938037070000000,0
VFS.cache.segments,1788937977070000000,1788938037070000000,0
VFS.cache.segmentsCreated,1788937977070000000,1788938037070000000,0
VFS.ContentWriter.totalTimeSpentOnSyncOperationsUs,1788937977070000000,1788938037070000000,0
VFS.ContentWriter.totalFlushes,1788937977070000000,1788938037070000000,0
VFS.ContentWriter.totalTasksExecutedAsync,1788937977070000000,1788938037070000000,0
VFS.rootsCount,1788937977070000000,1788938037070000000,0.0
VFS.cache.directoriesCreated,1788937977070000000,1788938037070000000,0
Indexing.writesQueuedMin,1788937977070000000,1788938037070000000,0
Indexing.writer_1.totalTimeSpentWritingMs,1788937977070000000,1788938037070000000,0
Indexing.writer_0.totalTimeSpentWritingMs,1788937977070000000,1788938037070000000,0
Indexing.writesQueuedMax,1788937977070000000,1788938037070000000,0
Indexing.cache.totalCacheMisses,1788937977070000000,1788938037070000000,0
Indexing.cache.totalCacheAccesses,1788937977070000000,1788938037070000000,0
Indexing.writer_2.totalTimeSpentWritingMs,1788937977070000000,1788938037070000000,0
Indexing.cache.totalCacheEvicted,1788937977070000000,1788938037070000000,0
Indexing.totalTimeIndexersSleptMs,1788937977070000000,1788938037070000000,0
Indexing.writesQueuedAvg,1788937977070000000,1788938037070000000,0.0
Indexing.writer_3.totalTimeSpentWritingMs,1788937977070000000,1788938037070000000,0
FilePageCache.WAL.flushesForcedByOverflow,1788937977070000000,1788938037070000000,0
MappedFileStorage.storages,1788937977070000000,1788938037070000000,8
StorageLockContext.competingThreads.90P,1788937977070000000,1788938037070000000,0
FilePageCache.pageFastCacheHits,1788937977070000000,1788938037070000000,180
DirectByteBufferAllocator.reclaimed,1788937977070000000,1788938037070000000,0
FilePageCache.WAL.bytesCopiedByApplyUnfinished,1788937977070000000,1788938037070000000,0
FilePageCache.totalBytesStored,1788937977070000000,1788938037070000000,960
StreamlinedBlobStorage.recordsAllocated,1788937977070000000,1788938037070000000,0
DirectByteBufferAllocator.hits,1788937977070000000,1788938037070000000,0
StorageLockContext.competingThreads.max,1788937977070000000,1788938037070000000,0
DirectByteBufferAllocator.totalSizeOfBuffersCachedInBytes,1788937977070000000,1788938037070000000,41959424
FilePageCache.WAL.entriesFlushed,1788937977070000000,1788938037070000000,0
FilePageCache.totalPageStoresUs,1788937977070000000,1788938037070000000,8977
DirectByteBufferAllocator.misses,1788937977070000000,1788938037070000000,0
FilePageCache.WAL.entriesFlushedOnRead,1788937977070000000,1788938037070000000,0
MappedFileStorage.totalBytesMapped,1788937977070000000,1788938037070000000,232783872
FilePageCache.pageHits,1788937977070000000,1788938037070000000,0
FilePageCache.capacityInBytes,1788937977070000000,1788938037070000000,629145600
MappedFileStorage.totalPagesMapped,1788937977070000000,1788938037070000000,8
StreamlinedBlobStorage.totalLiveRecordsPayloadBytes,1788937977070000000,1788938037070000000,0
FilePageCache.totalPageDisposalsUs,1788937977070000000,1788938037070000000,0
StreamlinedBlobStorage.recordsRelocated,1788937977070000000,1788938037070000000,0
FilePageCache.totalPageLoadsUs,1788937977070000000,1788938037070000000,0
FilePageCache.WAL.entriesFlushedOnForce,1788937977070000000,1788938037070000000,0
FilePageCache.pageLoads,1788937977070000000,1788938037070000000,0
FileChannelInterruptsRetryer.totalRetriedAttempts,1788937977070000000,1788938037070000000,0
StreamlinedBlobStorage.totalLiveRecordsCapacityBytes,1788937977070000000,1788938037070000000,0
FilePageCache.WAL.entriesFlushedOnClose,1788937977070000000,1788938037070000000,0
FilePageCache.disposedBuffers,1788937977070000000,1788938037070000000,0
FilePageCache.uncachedFileAccess,1788937977070000000,1788938037070000000,60
FilePageCache.WAL.bytesQueued,1788937977070000000,1788938037070000000,0
StorageLockContext.competingThreads.avg,1788937977070000000,1788938037070000000,0.0
DirectByteBufferAllocator.disposed,1788937977070000000,1788938037070000000,0
FilePageCache.maxCacheSizeInBytes,1788937977070000000,1788938037070000000,400564224
MappedFileStorage.totalTimeSpentOnMappingUs,1788937977070000000,1788938037070000000,179239
StreamlinedBlobStorage.recordsDeleted,1788937977070000000,1788938037070000000,0
FilePageCache.WAL.entriesFlushedOnTruncate,1788937977070000000,1788938037070000000,0
DirectByteBufferAllocator.totalSizeOfBuffersAllocatedInBytes,1788937977070000000,1788938037070000000,400564224
FilePageCache.pageLoadsAboveSizeThreshold,1788937977070000000,1788938037070000000,0
FilePageCache.maxRegisteredFiles,1788937977070000000,1788938037070000000,1072
cacheStateStorage.set.counter,1788937977070000000,1788938037070000000,0
cacheStateStorage.get.counter,1788937977070000000,1788938037070000000,0
cacheStateStorage.get.duration,1788937977070000000,1788938037070000000,0
cacheStateStorage.set.duration,1788937977070000000,1788938037070000000,0
jps.global.initialize.library.bridges.ms,1788937977070000000,1788938037070000000,0
workspaceModel.mutableEntityStorage.changeLog.addReplaceEventForRemovedChild.ms,1788937977070000000,1788938037070000000,0
jps.app.storage.content.reader.load.component.ms,1788937977070000000,1788938037070000000,0
workspaceModel.mutableEntityStorage.put.entity.ms,1788937977070000000,1788938037070000000,0
workspaceModel.global.apply.state.to.project.builder.ms,1788937977070000000,1788938037070000000,0
workspaceModel.mutableEntityStorage.remove.entity.ms,1788937977070000000,1788938037070000000,0
workspaceModel.mutableEntityStorage.entities.by.source.ms,1788937977070000000,1788938037070000000,0
workspaceModel.mutableEntityStorage.collect.changes.ms,1788937977070000000,1788938037070000000,0
workspaceModel.mutableEntityStorage.instances.count,1788937977070000000,1788938037070000000,0
workspaceModel.mutableEntityStorage.changeLog.addReplaceEventForNewChild.ms,1788937977070000000,1788938037070000000,0
workspaceModel.global.updates.ms,1788937977070000000,1788938037070000000,0
jps.load.initial.state.ms,1788937977070000000,1788938037070000000,0
workspaceModel.mutableEntityStorage.add.entity.ms,1788937977070000000,1788938037070000000,0
workspaceModel.mutableEntityStorage.mutable.vfurl.index.ms,1788937977070000000,1788938037070000000,0
workspaceModel.load.cache.metadata.from.file.ms,1788937977070000000,1788938037070000000,0
workspaceModel.mutableEntityStorage.has.same.entities.ms,1788937977070000000,1788938037070000000,0
workspaceModel.mutableEntityStorage.mutable.ext.mapping.ms,1788937977070000000,1788938037070000000,0
jps.global.get.library.ms,1788937977070000000,1788938037070000000,0
workspaceModel.mutableEntityStorage.entities.ms,1788937977070000000,1788938037070000000,0
workspaceModel.mutableEntityStorage.to.snapshot.ms,1788937977070000000,1788938037070000000,0
workspaceModel.mutableEntityStorage.referrers.ms,1788937977070000000,1788938037070000000,0
jps.global.get.libraries.ms,1788937977070000000,1788938037070000000,0
jps.global.handle.before.change.events.ms,1788937977070000000,1788938037070000000,0
jps.global.handle.changed.events.ms,1788937977070000000,1788938037070000000,0
workspaceModel.save.cache.to.file.ms,1788937977070000000,1788938037070000000,0
jps.global.initialize.library.bridges.after.loading.ms,1788937977070000000,1788938037070000000,0
jps.library.entities.serializer.save.entities.ms,1788937977070000000,1788938037070000000,0
workspaceModel.mutableEntityStorage.modify.entity.ms,1788937977070000000,1788938037070000000,0
workspaceModel.mutableEntityStorage.changeLog.addReplaceEventForNewParent.ms,1788937977070000000,1788938037070000000,0
workspaceModel.load.cache.from.file.ms,1788937977070000000,1788938037070000000,0
jps.save.global.entities.ms,1788937977070000000,1788938037070000000,0
workspaceModel.mutableEntityStorage.hasReferrers.ms,1788937977070000000,1788938037070000000,0
jps.library.entities.serializer.load.entities.ms,1788937977070000000,1788938037070000000,0
workspaceModel.mutableEntityStorage.changeLog.addReplaceEventForRemovedParent.ms,1788937977070000000,1788938037070000000,0
workspaceModel.mutableEntityStorage.apply.changes.from.ms,1788937977070000000,1788938037070000000,0
workspaceModel.mutableEntityStorage.replace.by.source.ms,1788937977070000000,1788938037070000000,0
workspaceModel.mutableEntityStorage.resolve.ms,1788937977070000000,1788938037070000000,0
workspaceModel.global.updates.count,1788937977070000000,1788938037070000000,0
workspaceModel.sync.entities.ms,1788937977070000000,1788938037070000000,0
workspaceModel.global.apply.state.to.project.ms,1788937977070000000,1788938037070000000,0
jps.global.get.library.by.name.ms,1788937977070000000,1788938037070000000,0
jps.app.storage.content.writer.save.component.ms,1788937977070000000,1788938037070000000,0
workspaceModel.entityStorageSnapshotImpl.instances.count,1788937977070000000,1788938037070000000,0
writeAction.median.wait.ms,1788937977070000000,1788938037070000000,0
writeAction.wait.ms,1788937977070000000,1788938037070000000,0
writeAction.max.wait.ms,1788937977070000000,1788938037070000000,1
writeAction.count,1788937977070000000,1788938037070000000,0
FlushQueue.waitingTime90PNs,1788938037070000000,1788938097070000000,0
ReadAction.executionsCount,1788938037070000000,1788938097070000000,60
FlushQueue.executionTime90PNs,1788938037070000000,1788938097070000000,0
FlushQueue.queueSize90P,1788938037070000000,1788938097070000000,0
FlushQueue.queueSizeMax,1788938037070000000,1788938097070000000,0
AWTEventQueue.dispatchTime90PNs,1788938037070000000,1788938097070000000,129023
FlushQueue.queueSizeAvg,1788938037070000000,1788938097070000000,0.0
FlushQueue.waitingTimeMaxNs,1788938037070000000,1788938097070000000,0
WriteAction.executionsCount,1788938037070000000,1788938097070000000,0
AWTEventQueue.dispatchTimeMaxNs,1788938037070000000,1788938097070000000,815103
FlushQueue.tasksExecuted,1788938037070000000,1788938097070000000,0
FlushQueue.executionTimeMaxNs,1788938037070000000,1788938097070000000,0
FlushQueue.executionTimeAvgNs,1788938037070000000,1788938097070000000,0.0
AWTEventQueue.eventsDispatched,1788938037070000000,1788938097070000000,180
FlushQueue.waitingTimeAvgNs,1788938037070000000,1788938097070000000,0.0
AWTEventQueue.dispatchTimeTotalNS,1788938037070000000,1788938097070000000,19346030
AWTEventQueue.dispatchTimeAvgNs,1788938037070000000,1788938097070000000,107492.97777777778
VFS.contentStorage.recordsRead,1788938037070000000,1788938097070000000,0
VFS.cache.filesCreated,1788938037070000000,1788938097070000000,0
VFS.ContentWriter.totalTimeSpentOnAsyncOperationsUs,1788938037070000000,1788938097070000000,0
VFS.ContentWriter.totalTasksExecutedSync,1788938037070000000,1788938097070000000,0
VFS.contentStorage.recordsStoredSize,1788938037070000000,1788938097070000000,0
VFS.invertedFileNameIndex.requests,1788938037070000000,1788938097070000000,0
VFS.folderCaseSensitivityReads,1788938037070000000,1788938097070000000,0
FileNameCache.queries,1788938037070000000,1788938097070000000,0
VFS.contentStorage.recordsReadSize,1788938037070000000,1788938097070000000,0
VFS.contentStorage.recordsStoredCompressed,1788938037070000000,1788938097070000000,0
VFS.contentStorage.recordsReadDecompressed,1788938037070000000,1788938097070000000,0
VFS.fileChildByName,1788938037070000000,1788938097070000000,0
VFS.contentStorage.recordsDecompressionTimeUs,1788938037070000000,1788938097070000000,0
FileNameCache.totalMisses,1788938037070000000,1788938097070000000,0
VFS.contentStorage.recordsDeduplicated,1788938037070000000,1788938097070000000,0
VFS.fileByIdCache.hits,1788938037070000000,1788938097070000000,0
VFS.contentStorage.recordsStored,1788938037070000000,1788938097070000000,0
VFS.contentStorage.recordsUncompressedSize,1788938037070000000,1788938097070000000,0
VFS.fileByIdCache.misses,1788938037070000000,1788938097070000000,0
VFS.cache.segments,1788938037070000000,1788938097070000000,0
VFS.cache.segmentsCreated,1788938037070000000,1788938097070000000,0
VFS.ContentWriter.totalTimeSpentOnSyncOperationsUs,1788938037070000000,1788938097070000000,0
VFS.ContentWriter.totalFlushes,1788938037070000000,1788938097070000000,0
VFS.ContentWriter.totalTasksExecutedAsync,1788938037070000000,1788938097070000000,0
VFS.rootsCount,1788938037070000000,1788938097070000000,0.0
VFS.cache.directoriesCreated,1788938037070000000,1788938097070000000,0
Indexing.writesQueuedMin,1788938037070000000,1788938097070000000,0
Indexing.writer_1.totalTimeSpentWritingMs,1788938037070000000,1788938097070000000,0
Indexing.writer_0.totalTimeSpentWritingMs,1788938037070000000,1788938097070000000,0
Indexing.writesQueuedMax,1788938037070000000,1788938097070000000,0
Indexing.cache.totalCacheMisses,1788938037070000000,1788938097070000000,0
Indexing.cache.totalCacheAccesses,1788938037070000000,1788938097070000000,0
Indexing.writer_2.totalTimeSpentWritingMs,1788938037070000000,1788938097070000000,0
Indexing.cache.totalCacheEvicted,1788938037070000000,1788938097070000000,0
Indexing.totalTimeIndexersSleptMs,1788938037070000000,1788938097070000000,0
Indexing.writesQueuedAvg,1788938037070000000,1788938097070000000,0.0
Indexing.writer_3.totalTimeSpentWritingMs,1788938037070000000,1788938097070000000,0
FilePageCache.WAL.flushesForcedByOverflow,1788938037070000000,1788938097070000000,0
MappedFileStorage.storages,1788938037070000000,1788938097070000000,8
StorageLockContext.competingThreads.90P,1788938037070000000,1788938097070000000,0
FilePageCache.pageFastCacheHits,1788938037070000000,1788938097070000000,180
DirectByteBufferAllocator.reclaimed,1788938037070000000,1788938097070000000,0
FilePageCache.WAL.bytesCopiedByApplyUnfinished,1788938037070000000,1788938097070000000,0
FilePageCache.totalBytesStored,1788938037070000000,1788938097070000000,960
StreamlinedBlobStorage.recordsAllocated,1788938037070000000,1788938097070000000,0
DirectByteBufferAllocator.hits,1788938037070000000,1788938097070000000,0
StorageLockContext.competingThreads.max,1788938037070000000,1788938097070000000,0
DirectByteBufferAllocator.totalSizeOfBuffersCachedInBytes,1788938037070000000,1788938097070000000,41959424
FilePageCache.WAL.entriesFlushed,1788938037070000000,1788938097070000000,0
FilePageCache.totalPageStoresUs,1788938037070000000,1788938097070000000,9042
DirectByteBufferAllocator.misses,1788938037070000000,1788938097070000000,0
FilePageCache.WAL.entriesFlushedOnRead,1788938037070000000,1788938097070000000,0
MappedFileStorage.totalBytesMapped,1788938037070000000,1788938097070000000,232783872
FilePageCache.pageHits,1788938037070000000,1788938097070000000,0
FilePageCache.capacityInBytes,1788938037070000000,1788938097070000000,629145600
MappedFileStorage.totalPagesMapped,1788938037070000000,1788938097070000000,8
StreamlinedBlobStorage.totalLiveRecordsPayloadBytes,1788938037070000000,1788938097070000000,0
FilePageCache.totalPageDisposalsUs,1788938037070000000,1788938097070000000,0
StreamlinedBlobStorage.recordsRelocated,1788938037070000000,1788938097070000000,0
FilePageCache.totalPageLoadsUs,1788938037070000000,1788938097070000000,0
FilePageCache.WAL.entriesFlushedOnForce,1788938037070000000,1788938097070000000,0
FilePageCache.pageLoads,1788938037070000000,1788938097070000000,0
FileChannelInterruptsRetryer.totalRetriedAttempts,1788938037070000000,1788938097070000000,0
StreamlinedBlobStorage.totalLiveRecordsCapacityBytes,1788938037070000000,1788938097070000000,0
FilePageCache.WAL.entriesFlushedOnClose,1788938037070000000,1788938097070000000,0
FilePageCache.disposedBuffers,1788938037070000000,1788938097070000000,0
FilePageCache.uncachedFileAccess,1788938037070000000,1788938097070000000,60
FilePageCache.WAL.bytesQueued,1788938037070000000,1788938097070000000,0
StorageLockContext.competingThreads.avg,1788938037070000000,1788938097070000000,0.0
DirectByteBufferAllocator.disposed,1788938037070000000,1788938097070000000,0
FilePageCache.maxCacheSizeInBytes,1788938037070000000,1788938097070000000,400564224
MappedFileStorage.totalTimeSpentOnMappingUs,1788938037070000000,1788938097070000000,179239
StreamlinedBlobStorage.recordsDeleted,1788938037070000000,1788938097070000000,0
FilePageCache.WAL.entriesFlushedOnTruncate,1788938037070000000,1788938097070000000,0
DirectByteBufferAllocator.totalSizeOfBuffersAllocatedInBytes,1788938037070000000,1788938097070000000,400564224
FilePageCache.pageLoadsAboveSizeThreshold,1788938037070000000,1788938097070000000,0
FilePageCache.maxRegisteredFiles,1788938037070000000,1788938097070000000,1072
cacheStateStorage.set.counter,1788938037070000000,1788938097070000000,0
cacheStateStorage.get.counter,1788938037070000000,1788938097070000000,0
cacheStateStorage.get.duration,1788938037070000000,1788938097070000000,0
cacheStateStorage.set.duration,1788938037070000000,1788938097070000000,0
jps.global.initialize.library.bridges.ms,1788938037070000000,1788938097070000000,0
workspaceModel.mutableEntityStorage.changeLog.addReplaceEventForRemovedChild.ms,1788938037070000000,1788938097070000000,0
jps.app.storage.content.reader.load.component.ms,1788938037070000000,1788938097070000000,0
workspaceModel.mutableEntityStorage.put.entity.ms,1788938037070000000,1788938097070000000,0
workspaceModel.global.apply.state.to.project.builder.ms,1788938037070000000,1788938097070000000,0
workspaceModel.mutableEntityStorage.remove.entity.ms,1788938037070000000,1788938097070000000,0
workspaceModel.mutableEntityStorage.entities.by.source.ms,1788938037070000000,1788938097070000000,0
workspaceModel.mutableEntityStorage.collect.changes.ms,1788938037070000000,1788938097070000000,0
workspaceModel.mutableEntityStorage.instances.count,1788938037070000000,1788938097070000000,0
workspaceModel.mutableEntityStorage.changeLog.addReplaceEventForNewChild.ms,1788938037070000000,1788938097070000000,0
workspaceModel.global.updates.ms,1788938037070000000,1788938097070000000,0
jps.load.initial.state.ms,1788938037070000000,1788938097070000000,0
workspaceModel.mutableEntityStorage.add.entity.ms,1788938037070000000,1788938097070000000,0
workspaceModel.mutableEntityStorage.mutable.vfurl.index.ms,1788938037070000000,1788938097070000000,0
workspaceModel.load.cache.metadata.from.file.ms,1788938037070000000,1788938097070000000,0
workspaceModel.mutableEntityStorage.has.same.entities.ms,1788938037070000000,1788938097070000000,0
workspaceModel.mutableEntityStorage.mutable.ext.mapping.ms,1788938037070000000,1788938097070000000,0
jps.global.get.library.ms,1788938037070000000,1788938097070000000,0
workspaceModel.mutableEntityStorage.entities.ms,1788938037070000000,1788938097070000000,0
workspaceModel.mutableEntityStorage.to.snapshot.ms,1788938037070000000,1788938097070000000,0
workspaceModel.mutableEntityStorage.referrers.ms,1788938037070000000,1788938097070000000,0
jps.global.get.libraries.ms,1788938037070000000,1788938097070000000,0
jps.global.handle.before.change.events.ms,1788938037070000000,1788938097070000000,0
jps.global.handle.changed.events.ms,1788938037070000000,1788938097070000000,0
workspaceModel.save.cache.to.file.ms,1788938037070000000,1788938097070000000,0
jps.global.initialize.library.bridges.after.loading.ms,1788938037070000000,1788938097070000000,0
jps.library.entities.serializer.save.entities.ms,1788938037070000000,1788938097070000000,0
workspaceModel.mutableEntityStorage.modify.entity.ms,1788938037070000000,1788938097070000000,0
workspaceModel.mutableEntityStorage.changeLog.addReplaceEventForNewParent.ms,1788938037070000000,1788938097070000000,0
workspaceModel.load.cache.from.file.ms,1788938037070000000,1788938097070000000,0
jps.save.global.entities.ms,1788938037070000000,1788938097070000000,0
workspaceModel.mutableEntityStorage.hasReferrers.ms,1788938037070000000,1788938097070000000,0
jps.library.entities.serializer.load.entities.ms,1788938037070000000,1788938097070000000,0
workspaceModel.mutableEntityStorage.changeLog.addReplaceEventForRemovedParent.ms,1788938037070000000,1788938097070000000,0
workspaceModel.mutableEntityStorage.apply.changes.from.ms,1788938037070000000,1788938097070000000,0
workspaceModel.mutableEntityStorage.replace.by.source.ms,1788938037070000000,1788938097070000000,0
workspaceModel.mutableEntityStorage.resolve.ms,1788938037070000000,1788938097070000000,0
workspaceModel.global.updates.count,1788938037070000000,1788938097070000000,0
workspaceModel.sync.entities.ms,1788938037070000000,1788938097070000000,0
workspaceModel.global.apply.state.to.project.ms,1788938037070000000,1788938097070000000,0
jps.global.get.library.by.name.ms,1788938037070000000,1788938097070000000,0
jps.app.storage.content.writer.save.component.ms,1788938037070000000,1788938097070000000,0
workspaceModel.entityStorageSnapshotImpl.instances.count,1788938037070000000,1788938097070000000,0
writeAction.median.wait.ms,1788938037070000000,1788938097070000000,0
writeAction.wait.ms,1788938037070000000,1788938097070000000,0
writeAction.max.wait.ms,1788938037070000000,1788938097070000000,1
writeAction.count,1788938037070000000,1788938097070000000,0
FlushQueue.waitingTime90PNs,1788938097070000000,1788938157070000000,0
ReadAction.executionsCount,1788938097070000000,1788938157070000000,60
FlushQueue.executionTime90PNs,1788938097070000000,1788938157070000000,0
FlushQueue.queueSize90P,1788938097070000000,1788938157070000000,0
FlushQueue.queueSizeMax,1788938097070000000,1788938157070000000,0
AWTEventQueue.dispatchTime90PNs,1788938097070000000,1788938157070000000,121343
FlushQueue.queueSizeAvg,1788938097070000000,1788938157070000000,0.0
FlushQueue.waitingTimeMaxNs,1788938097070000000,1788938157070000000,0
WriteAction.executionsCount,1788938097070000000,1788938157070000000,0
AWTEventQueue.dispatchTimeMaxNs,1788938097070000000,1788938157070000000,159743
FlushQueue.tasksExecuted,1788938097070000000,1788938157070000000,0
FlushQueue.executionTimeMaxNs,1788938097070000000,1788938157070000000,0
FlushQueue.executionTimeAvgNs,1788938097070000000,1788938157070000000,0.0
AWTEventQueue.eventsDispatched,1788938097070000000,1788938157070000000,180
FlushQueue.waitingTimeAvgNs,1788938097070000000,1788938157070000000,0.0
AWTEventQueue.dispatchTimeTotalNS,1788938097070000000,1788938157070000000,18155899
AWTEventQueue.dispatchTimeAvgNs,1788938097070000000,1788938157070000000,100856.88888888889
VFS.contentStorage.recordsRead,1788938097070000000,1788938157070000000,0
VFS.cache.filesCreated,1788938097070000000,1788938157070000000,0
VFS.ContentWriter.totalTimeSpentOnAsyncOperationsUs,1788938097070000000,1788938157070000000,0
VFS.ContentWriter.totalTasksExecutedSync,1788938097070000000,1788938157070000000,0
VFS.contentStorage.recordsStoredSize,1788938097070000000,1788938157070000000,0
VFS.invertedFileNameIndex.requests,1788938097070000000,1788938157070000000,0
VFS.folderCaseSensitivityReads,1788938097070000000,1788938157070000000,0
FileNameCache.queries,1788938097070000000,1788938157070000000,0
VFS.contentStorage.recordsReadSize,1788938097070000000,1788938157070000000,0
VFS.contentStorage.recordsStoredCompressed,1788938097070000000,1788938157070000000,0
VFS.contentStorage.recordsReadDecompressed,1788938097070000000,1788938157070000000,0
VFS.fileChildByName,1788938097070000000,1788938157070000000,0
VFS.contentStorage.recordsDecompressionTimeUs,1788938097070000000,1788938157070000000,0
FileNameCache.totalMisses,1788938097070000000,1788938157070000000,0
VFS.contentStorage.recordsDeduplicated,1788938097070000000,1788938157070000000,0
VFS.fileByIdCache.hits,1788938097070000000,1788938157070000000,0
VFS.contentStorage.recordsStored,1788938097070000000,1788938157070000000,0
VFS.contentStorage.recordsUncompressedSize,1788938097070000000,1788938157070000000,0
VFS.fileByIdCache.misses,1788938097070000000,1788938157070000000,0
VFS.cache.segments,1788938097070000000,1788938157070000000,0
VFS.cache.segmentsCreated,1788938097070000000,1788938157070000000,0
VFS.ContentWriter.totalTimeSpentOnSyncOperationsUs,1788938097070000000,1788938157070000000,0
VFS.ContentWriter.totalFlushes,1788938097070000000,1788938157070000000,0
VFS.ContentWriter.totalTasksExecutedAsync,1788938097070000000,1788938157070000000,0
VFS.rootsCount,1788938097070000000,1788938157070000000,0.0
VFS.cache.directoriesCreated,1788938097070000000,1788938157070000000,0
Indexing.writesQueuedMin,1788938097070000000,1788938157070000000,0
Indexing.writer_1.totalTimeSpentWritingMs,1788938097070000000,1788938157070000000,0
Indexing.writer_0.totalTimeSpentWritingMs,1788938097070000000,1788938157070000000,0
Indexing.writesQueuedMax,1788938097070000000,1788938157070000000,0
Indexing.cache.totalCacheMisses,1788938097070000000,1788938157070000000,0
Indexing.cache.totalCacheAccesses,1788938097070000000,1788938157070000000,0
Indexing.writer_2.totalTimeSpentWritingMs,1788938097070000000,1788938157070000000,0
Indexing.cache.totalCacheEvicted,1788938097070000000,1788938157070000000,0
Indexing.totalTimeIndexersSleptMs,1788938097070000000,1788938157070000000,0
Indexing.writesQueuedAvg,1788938097070000000,1788938157070000000,0.0
Indexing.writer_3.totalTimeSpentWritingMs,1788938097070000000,1788938157070000000,0
FilePageCache.WAL.flushesForcedByOverflow,1788938097070000000,1788938157070000000,0
MappedFileStorage.storages,1788938097070000000,1788938157070000000,8
StorageLockContext.competingThreads.90P,1788938097070000000,1788938157070000000,0
FilePageCache.pageFastCacheHits,1788938097070000000,1788938157070000000,180
DirectByteBufferAllocator.reclaimed,1788938097070000000,1788938157070000000,0
FilePageCache.WAL.bytesCopiedByApplyUnfinished,1788938097070000000,1788938157070000000,0
FilePageCache.totalBytesStored,1788938097070000000,1788938157070000000,960
StreamlinedBlobStorage.recordsAllocated,1788938097070000000,1788938157070000000,0
DirectByteBufferAllocator.hits,1788938097070000000,1788938157070000000,0
StorageLockContext.competingThreads.max,1788938097070000000,1788938157070000000,0
DirectByteBufferAllocator.totalSizeOfBuffersCachedInBytes,1788938097070000000,1788938157070000000,41959424
FilePageCache.WAL.entriesFlushed,1788938097070000000,1788938157070000000,0
FilePageCache.totalPageStoresUs,1788938097070000000,1788938157070000000,9098
DirectByteBufferAllocator.misses,1788938097070000000,1788938157070000000,0
FilePageCache.WAL.entriesFlushedOnRead,1788938097070000000,1788938157070000000,0
MappedFileStorage.totalBytesMapped,1788938097070000000,1788938157070000000,232783872
FilePageCache.pageHits,1788938097070000000,1788938157070000000,0
FilePageCache.capacityInBytes,1788938097070000000,1788938157070000000,629145600
MappedFileStorage.totalPagesMapped,1788938097070000000,1788938157070000000,8
StreamlinedBlobStorage.totalLiveRecordsPayloadBytes,1788938097070000000,1788938157070000000,0
FilePageCache.totalPageDisposalsUs,1788938097070000000,1788938157070000000,0
StreamlinedBlobStorage.recordsRelocated,1788938097070000000,1788938157070000000,0
FilePageCache.totalPageLoadsUs,1788938097070000000,1788938157070000000,0
FilePageCache.WAL.entriesFlushedOnForce,1788938097070000000,1788938157070000000,0
FilePageCache.pageLoads,1788938097070000000,1788938157070000000,0
FileChannelInterruptsRetryer.totalRetriedAttempts,1788938097070000000,1788938157070000000,0
StreamlinedBlobStorage.totalLiveRecordsCapacityBytes,1788938097070000000,1788938157070000000,0
FilePageCache.WAL.entriesFlushedOnClose,1788938097070000000,1788938157070000000,0
FilePageCache.disposedBuffers,1788938097070000000,1788938157070000000,0
FilePageCache.uncachedFileAccess,1788938097070000000,1788938157070000000,60
FilePageCache.WAL.bytesQueued,1788938097070000000,1788938157070000000,0
StorageLockContext.competingThreads.avg,1788938097070000000,1788938157070000000,0.0
DirectByteBufferAllocator.disposed,1788938097070000000,1788938157070000000,0
FilePageCache.maxCacheSizeInBytes,1788938097070000000,1788938157070000000,400564224
MappedFileStorage.totalTimeSpentOnMappingUs,1788938097070000000,1788938157070000000,179239
StreamlinedBlobStorage.recordsDeleted,1788938097070000000,1788938157070000000,0
FilePageCache.WAL.entriesFlushedOnTruncate,1788938097070000000,1788938157070000000,0
DirectByteBufferAllocator.totalSizeOfBuffersAllocatedInBytes,1788938097070000000,1788938157070000000,400564224
FilePageCache.pageLoadsAboveSizeThreshold,1788938097070000000,1788938157070000000,0
FilePageCache.maxRegisteredFiles,1788938097070000000,1788938157070000000,1072
cacheStateStorage.set.counter,1788938097070000000,1788938157070000000,0
cacheStateStorage.get.counter,1788938097070000000,1788938157070000000,0
cacheStateStorage.get.duration,1788938097070000000,1788938157070000000,0
cacheStateStorage.set.duration,1788938097070000000,1788938157070000000,0
jps.global.initialize.library.bridges.ms,1788938097070000000,1788938157070000000,0
workspaceModel.mutableEntityStorage.changeLog.addReplaceEventForRemovedChild.ms,1788938097070000000,1788938157070000000,0
jps.app.storage.content.reader.load.component.ms,1788938097070000000,1788938157070000000,0
workspaceModel.mutableEntityStorage.put.entity.ms,1788938097070000000,1788938157070000000,0
workspaceModel.global.apply.state.to.project.builder.ms,1788938097070000000,1788938157070000000,0
workspaceModel.mutableEntityStorage.remove.entity.ms,1788938097070000000,1788938157070000000,0
workspaceModel.mutableEntityStorage.entities.by.source.ms,1788938097070000000,1788938157070000000,0
workspaceModel.mutableEntityStorage.collect.changes.ms,1788938097070000000,1788938157070000000,0
workspaceModel.mutableEntityStorage.instances.count,1788938097070000000,1788938157070000000,0
workspaceModel.mutableEntityStorage.changeLog.addReplaceEventForNewChild.ms,1788938097070000000,1788938157070000000,0
workspaceModel.global.updates.ms,1788938097070000000,1788938157070000000,0
jps.load.initial.state.ms,1788938097070000000,1788938157070000000,0
workspaceModel.mutableEntityStorage.add.entity.ms,1788938097070000000,1788938157070000000,0
workspaceModel.mutableEntityStorage.mutable.vfurl.index.ms,1788938097070000000,1788938157070000000,0
workspaceModel.load.cache.metadata.from.file.ms,1788938097070000000,1788938157070000000,0
workspaceModel.mutableEntityStorage.has.same.entities.ms,1788938097070000000,1788938157070000000,0
workspaceModel.mutableEntityStorage.mutable.ext.mapping.ms,1788938097070000000,1788938157070000000,0
jps.global.get.library.ms,1788938097070000000,1788938157070000000,0
workspaceModel.mutableEntityStorage.entities.ms,1788938097070000000,1788938157070000000,0
workspaceModel.mutableEntityStorage.to.snapshot.ms,1788938097070000000,1788938157070000000,0
workspaceModel.mutableEntityStorage.referrers.ms,1788938097070000000,1788938157070000000,0
jps.global.get.libraries.ms,1788938097070000000,1788938157070000000,0
jps.global.handle.before.change.events.ms,1788938097070000000,1788938157070000000,0
jps.global.handle.changed.events.ms,1788938097070000000,1788938157070000000,0
workspaceModel.save.cache.to.file.ms,1788938097070000000,1788938157070000000,0
jps.global.initialize.library.bridges.after.loading.ms,1788938097070000000,1788938157070000000,0
jps.library.entities.serializer.save.entities.ms,1788938097070000000,1788938157070000000,0
workspaceModel.mutableEntityStorage.modify.entity.ms,1788938097070000000,1788938157070000000,0
workspaceModel.mutableEntityStorage.changeLog.addReplaceEventForNewParent.ms,1788938097070000000,1788938157070000000,0
workspaceModel.load.cache.from.file.ms,1788938097070000000,1788938157070000000,0
jps.save.global.entities.ms,1788938097070000000,1788938157070000000,0
workspaceModel.mutableEntityStorage.hasReferrers.ms,1788938097070000000,1788938157070000000,0
jps.library.entities.serializer.load.entities.ms,1788938097070000000,1788938157070000000,0
workspaceModel.mutableEntityStorage.changeLog.addReplaceEventForRemovedParent.ms,1788938097070000000,1788938157070000000,0
workspaceModel.mutableEntityStorage.apply.changes.from.ms,1788938097070000000,1788938157070000000,0
workspaceModel.mutableEntityStorage.replace.by.source.ms,1788938097070000000,1788938157070000000,0
workspaceModel.mutableEntityStorage.resolve.ms,1788938097070000000,1788938157070000000,0
workspaceModel.global.updates.count,1788938097070000000,1788938157070000000,0
workspaceModel.sync.entities.ms,1788938097070000000,1788938157070000000,0
workspaceModel.global.apply.state.to.project.ms,1788938097070000000,1788938157070000000,0
jps.global.get.library.by.name.ms,1788938097070000000,1788938157070000000,0
jps.app.storage.content.writer.save.component.ms,1788938097070000000,1788938157070000000,0
workspaceModel.entityStorageSnapshotImpl.instances.count,1788938097070000000,1788938157070000000,0
writeAction.median.wait.ms,1788938097070000000,1788938157070000000,0
writeAction.wait.ms,1788938097070000000,1788938157070000000,0
writeAction.max.wait.ms,1788938097070000000,1788938157070000000,1
writeAction.count,1788938097070000000,1788938157070000000,0
FlushQueue.waitingTime90PNs,1788938157070000000,1788938217070000000,0
ReadAction.executionsCount,1788938157070000000,1788938217070000000,60
FlushQueue.executionTime90PNs,1788938157070000000,1788938217070000000,0
FlushQueue.queueSize90P,1788938157070000000,1788938217070000000,0
FlushQueue.queueSizeMax,1788938157070000000,1788938217070000000,0
AWTEventQueue.dispatchTime90PNs,1788938157070000000,1788938217070000000,118783
FlushQueue.queueSizeAvg,1788938157070000000,1788938217070000000,0.0
FlushQueue.waitingTimeMaxNs,1788938157070000000,1788938217070000000,0
WriteAction.executionsCount,1788938157070000000,1788938217070000000,0
AWTEventQueue.dispatchTimeMaxNs,1788938157070000000,1788938217070000000,164863
FlushQueue.tasksExecuted,1788938157070000000,1788938217070000000,0
FlushQueue.executionTimeMaxNs,1788938157070000000,1788938217070000000,0
FlushQueue.executionTimeAvgNs,1788938157070000000,1788938217070000000,0.0
AWTEventQueue.eventsDispatched,1788938157070000000,1788938217070000000,180
FlushQueue.waitingTimeAvgNs,1788938157070000000,1788938217070000000,0.0
AWTEventQueue.dispatchTimeTotalNS,1788938157070000000,1788938217070000000,17883431
AWTEventQueue.dispatchTimeAvgNs,1788938157070000000,1788938217070000000,99361.42222222222
VFS.contentStorage.recordsRead,1788938157070000000,1788938217070000000,0
VFS.cache.filesCreated,1788938157070000000,1788938217070000000,0
VFS.ContentWriter.totalTimeSpentOnAsyncOperationsUs,1788938157070000000,1788938217070000000,0
VFS.ContentWriter.totalTasksExecutedSync,1788938157070000000,1788938217070000000,0
VFS.contentStorage.recordsStoredSize,1788938157070000000,1788938217070000000,0
VFS.invertedFileNameIndex.requests,1788938157070000000,1788938217070000000,0
VFS.folderCaseSensitivityReads,1788938157070000000,1788938217070000000,0
FileNameCache.queries,1788938157070000000,1788938217070000000,0
VFS.contentStorage.recordsReadSize,1788938157070000000,1788938217070000000,0
VFS.contentStorage.recordsStoredCompressed,1788938157070000000,1788938217070000000,0
VFS.contentStorage.recordsReadDecompressed,1788938157070000000,1788938217070000000,0
VFS.fileChildByName,1788938157070000000,1788938217070000000,0
VFS.contentStorage.recordsDecompressionTimeUs,1788938157070000000,1788938217070000000,0
FileNameCache.totalMisses,1788938157070000000,1788938217070000000,0
VFS.contentStorage.recordsDeduplicated,1788938157070000000,1788938217070000000,0
VFS.fileByIdCache.hits,1788938157070000000,1788938217070000000,0
VFS.contentStorage.recordsStored,1788938157070000000,1788938217070000000,0
VFS.contentStorage.recordsUncompressedSize,1788938157070000000,1788938217070000000,0
VFS.fileByIdCache.misses,1788938157070000000,1788938217070000000,0
VFS.cache.segments,1788938157070000000,1788938217070000000,0
VFS.cache.segmentsCreated,1788938157070000000,1788938217070000000,0
VFS.ContentWriter.totalTimeSpentOnSyncOperationsUs,1788938157070000000,1788938217070000000,0
VFS.ContentWriter.totalFlushes,1788938157070000000,1788938217070000000,0
VFS.ContentWriter.totalTasksExecutedAsync,1788938157070000000,1788938217070000000,0
VFS.rootsCount,1788938157070000000,1788938217070000000,0.0
VFS.cache.directoriesCreated,1788938157070000000,1788938217070000000,0
Indexing.writesQueuedMin,1788938157070000000,1788938217070000000,0
Indexing.writer_1.totalTimeSpentWritingMs,1788938157070000000,1788938217070000000,0
Indexing.writer_0.totalTimeSpentWritingMs,1788938157070000000,1788938217070000000,0
Indexing.writesQueuedMax,1788938157070000000,1788938217070000000,0
Indexing.cache.totalCacheMisses,1788938157070000000,1788938217070000000,0
Indexing.cache.totalCacheAccesses,1788938157070000000,1788938217070000000,0
Indexing.writer_2.totalTimeSpentWritingMs,1788938157070000000,1788938217070000000,0
Indexing.cache.totalCacheEvicted,1788938157070000000,1788938217070000000,0
Indexing.totalTimeIndexersSleptMs,1788938157070000000,1788938217070000000,0
Indexing.writesQueuedAvg,1788938157070000000,1788938217070000000,0.0
Indexing.writer_3.totalTimeSpentWritingMs,1788938157070000000,1788938217070000000,0
FilePageCache.WAL.flushesForcedByOverflow,1788938157070000000,1788938217070000000,0
MappedFileStorage.storages,1788938157070000000,1788938217070000000,8
StorageLockContext.competingThreads.90P,1788938157070000000,1788938217070000000,0
FilePageCache.pageFastCacheHits,1788938157070000000,1788938217070000000,180
DirectByteBufferAllocator.reclaimed,1788938157070000000,1788938217070000000,0
FilePageCache.WAL.bytesCopiedByApplyUnfinished,1788938157070000000,1788938217070000000,0
FilePageCache.totalBytesStored,1788938157070000000,1788938217070000000,960
StreamlinedBlobStorage.recordsAllocated,1788938157070000000,1788938217070000000,0
DirectByteBufferAllocator.hits,1788938157070000000,1788938217070000000,0
StorageLockContext.competingThreads.max,1788938157070000000,1788938217070000000,0
DirectByteBufferAllocator.totalSizeOfBuffersCachedInBytes,1788938157070000000,1788938217070000000,41959424
FilePageCache.WAL.entriesFlushed,1788938157070000000,1788938217070000000,0
FilePageCache.totalPageStoresUs,1788938157070000000,1788938217070000000,8970
DirectByteBufferAllocator.misses,1788938157070000000,1788938217070000000,0
FilePageCache.WAL.entriesFlushedOnRead,1788938157070000000,1788938217070000000,0
MappedFileStorage.totalBytesMapped,1788938157070000000,1788938217070000000,232783872
FilePageCache.pageHits,1788938157070000000,1788938217070000000,0
FilePageCache.capacityInBytes,1788938157070000000,1788938217070000000,629145600
MappedFileStorage.totalPagesMapped,1788938157070000000,1788938217070000000,8
StreamlinedBlobStorage.totalLiveRecordsPayloadBytes,1788938157070000000,1788938217070000000,0
FilePageCache.totalPageDisposalsUs,1788938157070000000,1788938217070000000,0
StreamlinedBlobStorage.recordsRelocated,1788938157070000000,1788938217070000000,0
FilePageCache.totalPageLoadsUs,1788938157070000000,1788938217070000000,0
FilePageCache.WAL.entriesFlushedOnForce,1788938157070000000,1788938217070000000,0
FilePageCache.pageLoads,1788938157070000000,1788938217070000000,0
FileChannelInterruptsRetryer.totalRetriedAttempts,1788938157070000000,1788938217070000000,0
StreamlinedBlobStorage.totalLiveRecordsCapacityBytes,1788938157070000000,1788938217070000000,0
FilePageCache.WAL.entriesFlushedOnClose,1788938157070000000,1788938217070000000,0
FilePageCache.disposedBuffers,1788938157070000000,1788938217070000000,0
FilePageCache.uncachedFileAccess,1788938157070000000,1788938217070000000,60
FilePageCache.WAL.bytesQueued,1788938157070000000,1788938217070000000,0
StorageLockContext.competingThreads.avg,1788938157070000000,1788938217070000000,0.0
DirectByteBufferAllocator.disposed,1788938157070000000,1788938217070000000,0
FilePageCache.maxCacheSizeInBytes,1788938157070000000,1788938217070000000,400564224
MappedFileStorage.totalTimeSpentOnMappingUs,1788938157070000000,1788938217070000000,179239
StreamlinedBlobStorage.recordsDeleted,1788938157070000000,1788938217070000000,0
FilePageCache.WAL.entriesFlushedOnTruncate,1788938157070000000,1788938217070000000,0
DirectByteBufferAllocator.totalSizeOfBuffersAllocatedInBytes,1788938157070000000,1788938217070000000,400564224
FilePageCache.pageLoadsAboveSizeThreshold,1788938157070000000,1788938217070000000,0
FilePageCache.maxRegisteredFiles,1788938157070000000,1788938217070000000,1072
cacheStateStorage.set.counter,1788938157070000000,1788938217070000000,0
cacheStateStorage.get.counter,1788938157070000000,1788938217070000000,0
cacheStateStorage.get.duration,1788938157070000000,1788938217070000000,0
cacheStateStorage.set.duration,1788938157070000000,1788938217070000000,0
jps.global.initialize.library.bridges.ms,1788938157070000000,1788938217070000000,0
workspaceModel.mutableEntityStorage.changeLog.addReplaceEventForRemovedChild.ms,1788938157070000000,1788938217070000000,0
jps.app.storage.content.reader.load.component.ms,1788938157070000000,1788938217070000000,0
workspaceModel.mutableEntityStorage.put.entity.ms,1788938157070000000,1788938217070000000,0
workspaceModel.global.apply.state.to.project.builder.ms,1788938157070000000,1788938217070000000,0
workspaceModel.mutableEntityStorage.remove.entity.ms,1788938157070000000,1788938217070000000,0
workspaceModel.mutableEntityStorage.entities.by.source.ms,1788938157070000000,1788938217070000000,0
workspaceModel.mutableEntityStorage.collect.changes.ms,1788938157070000000,1788938217070000000,0
workspaceModel.mutableEntityStorage.instances.count,1788938157070000000,1788938217070000000,0
workspaceModel.mutableEntityStorage.changeLog.addReplaceEventForNewChild.ms,1788938157070000000,1788938217070000000,0
workspaceModel.global.updates.ms,1788938157070000000,1788938217070000000,0
jps.load.initial.state.ms,1788938157070000000,1788938217070000000,0
workspaceModel.mutableEntityStorage.add.entity.ms,1788938157070000000,1788938217070000000,0
workspaceModel.mutableEntityStorage.mutable.vfurl.index.ms,1788938157070000000,1788938217070000000,0
workspaceModel.load.cache.metadata.from.file.ms,1788938157070000000,1788938217070000000,0
workspaceModel.mutableEntityStorage.has.same.entities.ms,1788938157070000000,1788938217070000000,0
workspaceModel.mutableEntityStorage.mutable.ext.mapping.ms,1788938157070000000,1788938217070000000,0
jps.global.get.library.ms,1788938157070000000,1788938217070000000,0
workspaceModel.mutableEntityStorage.entities.ms,1788938157070000000,1788938217070000000,0
workspaceModel.mutableEntityStorage.to.snapshot.ms,1788938157070000000,1788938217070000000,0
workspaceModel.mutableEntityStorage.referrers.ms,1788938157070000000,1788938217070000000,0
jps.global.get.libraries.ms,1788938157070000000,1788938217070000000,0
jps.global.handle.before.change.events.ms,1788938157070000000,1788938217070000000,0
jps.global.handle.changed.events.ms,1788938157070000000,1788938217070000000,0
workspaceModel.save.cache.to.file.ms,1788938157070000000,1788938217070000000,0
jps.global.initialize.library.bridges.after.loading.ms,1788938157070000000,1788938217070000000,0
jps.library.entities.serializer.save.entities.ms,1788938157070000000,1788938217070000000,0
workspaceModel.mutableEntityStorage.modify.entity.ms,1788938157070000000,1788938217070000000,0
workspaceModel.mutableEntityStorage.changeLog.addReplaceEventForNewParent.ms,1788938157070000000,1788938217070000000,0
workspaceModel.load.cache.from.file.ms,1788938157070000000,1788938217070000000,0
jps.save.global.entities.ms,1788938157070000000,1788938217070000000,0
workspaceModel.mutableEntityStorage.hasReferrers.ms,1788938157070000000,1788938217070000000,0
jps.library.entities.serializer.load.entities.ms,1788938157070000000,1788938217070000000,0
workspaceModel.mutableEntityStorage.changeLog.addReplaceEventForRemovedParent.ms,1788938157070000000,1788938217070000000,0
workspaceModel.mutableEntityStorage.apply.changes.from.ms,1788938157070000000,1788938217070000000,0
workspaceModel.mutableEntityStorage.replace.by.source.ms,1788938157070000000,1788938217070000000,0
workspaceModel.mutableEntityStorage.resolve.ms,1788938157070000000,1788938217070000000,0
workspaceModel.global.updates.count,1788938157070000000,1788938217070000000,0
workspaceModel.sync.entities.ms,1788938157070000000,1788938217070000000,0
workspaceModel.global.apply.state.to.project.ms,1788938157070000000,1788938217070000000,0
jps.global.get.library.by.name.ms,1788938157070000000,1788938217070000000,0
jps.app.storage.content.writer.save.component.ms,1788938157070000000,1788938217070000000,0
workspaceModel.entityStorageSnapshotImpl.instances.count,1788938157070000000,1788938217070000000,0
writeAction.median.wait.ms,1788938157070000000,1788938217070000000,0
writeAction.wait.ms,1788938157070000000,1788938217070000000,0
writeAction.max.wait.ms,1788938157070000000,1788938217070000000,1
writeAction.count,1788938157070000000,1788938217070000000,0
FlushQueue.waitingTime90PNs,1788938217070000000,1788938277070000000,0
ReadAction.executionsCount,1788938217070000000,1788938277070000000,60
FlushQueue.executionTime90PNs,1788938217070000000,1788938277070000000,0
FlushQueue.queueSize90P,1788938217070000000,1788938277070000000,0
FlushQueue.queueSizeMax,1788938217070000000,1788938277070000000,0
AWTEventQueue.dispatchTime90PNs,1788938217070000000,1788938277070000000,121855
FlushQueue.queueSizeAvg,1788938217070000000,1788938277070000000,0.0
FlushQueue.waitingTimeMaxNs,1788938217070000000,1788938277070000000,0
WriteAction.executionsCount,1788938217070000000,1788938277070000000,0
AWTEventQueue.dispatchTimeMaxNs,1788938217070000000,1788938277070000000,172031
FlushQueue.tasksExecuted,1788938217070000000,1788938277070000000,0
FlushQueue.executionTimeMaxNs,1788938217070000000,1788938277070000000,0
FlushQueue.executionTimeAvgNs,1788938217070000000,1788938277070000000,0.0
AWTEventQueue.eventsDispatched,1788938217070000000,1788938277070000000,180
FlushQueue.waitingTimeAvgNs,1788938217070000000,1788938277070000000,0.0
AWTEventQueue.dispatchTimeTotalNS,1788938217070000000,1788938277070000000,17502109
AWTEventQueue.dispatchTimeAvgNs,1788938217070000000,1788938277070000000,97231.64444444445
VFS.contentStorage.recordsRead,1788938217070000000,1788938277070000000,0
VFS.cache.filesCreated,1788938217070000000,1788938277070000000,0
VFS.ContentWriter.totalTimeSpentOnAsyncOperationsUs,1788938217070000000,1788938277070000000,0
VFS.ContentWriter.totalTasksExecutedSync,1788938217070000000,1788938277070000000,0
VFS.contentStorage.recordsStoredSize,1788938217070000000,1788938277070000000,0
VFS.invertedFileNameIndex.requests,1788938217070000000,1788938277070000000,0
VFS.folderCaseSensitivityReads,1788938217070000000,1788938277070000000,0
FileNameCache.queries,1788938217070000000,1788938277070000000,0
VFS.contentStorage.recordsReadSize,1788938217070000000,1788938277070000000,0
VFS.contentStorage.recordsStoredCompressed,1788938217070000000,1788938277070000000,0
VFS.contentStorage.recordsReadDecompressed,1788938217070000000,1788938277070000000,0
VFS.fileChildByName,1788938217070000000,1788938277070000000,0
VFS.contentStorage.recordsDecompressionTimeUs,1788938217070000000,1788938277070000000,0
FileNameCache.totalMisses,1788938217070000000,1788938277070000000,0
VFS.contentStorage.recordsDeduplicated,1788938217070000000,1788938277070000000,0
VFS.fileByIdCache.hits,1788938217070000000,1788938277070000000,0
VFS.contentStorage.recordsStored,1788938217070000000,1788938277070000000,0
VFS.contentStorage.recordsUncompressedSize,1788938217070000000,1788938277070000000,0
VFS.fileByIdCache.misses,1788938217070000000,1788938277070000000,0
VFS.cache.segments,1788938217070000000,1788938277070000000,0
VFS.cache.segmentsCreated,1788938217070000000,1788938277070000000,0
VFS.ContentWriter.totalTimeSpentOnSyncOperationsUs,1788938217070000000,1788938277070000000,0
VFS.ContentWriter.totalFlushes,1788938217070000000,1788938277070000000,0
VFS.ContentWriter.totalTasksExecutedAsync,1788938217070000000,1788938277070000000,0
VFS.rootsCount,1788938217070000000,1788938277070000000,0.0
VFS.cache.directoriesCreated,1788938217070000000,1788938277070000000,0
Indexing.writesQueuedMin,1788938217070000000,1788938277070000000,0
Indexing.writer_1.totalTimeSpentWritingMs,1788938217070000000,1788938277070000000,0
Indexing.writer_0.totalTimeSpentWritingMs,1788938217070000000,1788938277070000000,0
Indexing.writesQueuedMax,1788938217070000000,1788938277070000000,0
Indexing.cache.totalCacheMisses,1788938217070000000,1788938277070000000,0
Indexing.cache.totalCacheAccesses,1788938217070000000,1788938277070000000,0
Indexing.writer_2.totalTimeSpentWritingMs,1788938217070000000,1788938277070000000,0
Indexing.cache.totalCacheEvicted,1788938217070000000,1788938277070000000,0
Indexing.totalTimeIndexersSleptMs,1788938217070000000,1788938277070000000,0
Indexing.writesQueuedAvg,1788938217070000000,1788938277070000000,0.0
Indexing.writer_3.totalTimeSpentWritingMs,1788938217070000000,1788938277070000000,0
FilePageCache.WAL.flushesForcedByOverflow,1788938217070000000,1788938277070000000,0
MappedFileStorage.storages,1788938217070000000,1788938277070000000,8
StorageLockContext.competingThreads.90P,1788938217070000000,1788938277070000000,0
FilePageCache.pageFastCacheHits,1788938217070000000,1788938277070000000,180
DirectByteBufferAllocator.reclaimed,1788938217070000000,1788938277070000000,0
FilePageCache.WAL.bytesCopiedByApplyUnfinished,1788938217070000000,1788938277070000000,0
FilePageCache.totalBytesStored,1788938217070000000,1788938277070000000,960
StreamlinedBlobStorage.recordsAllocated,1788938217070000000,1788938277070000000,0
DirectByteBufferAllocator.hits,1788938217070000000,1788938277070000000,0
StorageLockContext.competingThreads.max,1788938217070000000,1788938277070000000,0
DirectByteBufferAllocator.totalSizeOfBuffersCachedInBytes,1788938217070000000,1788938277070000000,41959424
FilePageCache.WAL.entriesFlushed,1788938217070000000,1788938277070000000,0
FilePageCache.totalPageStoresUs,1788938217070000000,1788938277070000000,8761
DirectByteBufferAllocator.misses,1788938217070000000,1788938277070000000,0
FilePageCache.WAL.entriesFlushedOnRead,1788938217070000000,1788938277070000000,0
MappedFileStorage.totalBytesMapped,1788938217070000000,1788938277070000000,232783872
FilePageCache.pageHits,1788938217070000000,1788938277070000000,0
FilePageCache.capacityInBytes,1788938217070000000,1788938277070000000,629145600
MappedFileStorage.totalPagesMapped,1788938217070000000,1788938277070000000,8
StreamlinedBlobStorage.totalLiveRecordsPayloadBytes,1788938217070000000,1788938277070000000,0
FilePageCache.totalPageDisposalsUs,1788938217070000000,1788938277070000000,0
StreamlinedBlobStorage.recordsRelocated,1788938217070000000,1788938277070000000,0
FilePageCache.totalPageLoadsUs,1788938217070000000,1788938277070000000,0
FilePageCache.WAL.entriesFlushedOnForce,1788938217070000000,1788938277070000000,0
FilePageCache.pageLoads,1788938217070000000,1788938277070000000,0
FileChannelInterruptsRetryer.totalRetriedAttempts,1788938217070000000,1788938277070000000,0
StreamlinedBlobStorage.totalLiveRecordsCapacityBytes,1788938217070000000,1788938277070000000,0
FilePageCache.WAL.entriesFlushedOnClose,1788938217070000000,1788938277070000000,0
FilePageCache.disposedBuffers,1788938217070000000,1788938277070000000,0
FilePageCache.uncachedFileAccess,1788938217070000000,1788938277070000000,60
FilePageCache.WAL.bytesQueued,1788938217070000000,1788938277070000000,0
StorageLockContext.competingThreads.avg,1788938217070000000,1788938277070000000,0.0
DirectByteBufferAllocator.disposed,1788938217070000000,1788938277070000000,0
FilePageCache.maxCacheSizeInBytes,1788938217070000000,1788938277070000000,400564224
MappedFileStorage.totalTimeSpentOnMappingUs,1788938217070000000,1788938277070000000,179239
StreamlinedBlobStorage.recordsDeleted,1788938217070000000,1788938277070000000,0
FilePageCache.WAL.entriesFlushedOnTruncate,1788938217070000000,1788938277070000000,0
DirectByteBufferAllocator.totalSizeOfBuffersAllocatedInBytes,1788938217070000000,1788938277070000000,400564224
FilePageCache.pageLoadsAboveSizeThreshold,1788938217070000000,1788938277070000000,0
FilePageCache.maxRegisteredFiles,1788938217070000000,1788938277070000000,1072
cacheStateStorage.set.counter,1788938217070000000,1788938277070000000,0
cacheStateStorage.get.counter,1788938217070000000,1788938277070000000,0
cacheStateStorage.get.duration,1788938217070000000,1788938277070000000,0
cacheStateStorage.set.duration,1788938217070000000,1788938277070000000,0
jps.global.initialize.library.bridges.ms,1788938217070000000,1788938277070000000,0
workspaceModel.mutableEntityStorage.changeLog.addReplaceEventForRemovedChild.ms,1788938217070000000,1788938277070000000,0
jps.app.storage.content.reader.load.component.ms,1788938217070000000,1788938277070000000,0
workspaceModel.mutableEntityStorage.put.entity.ms,1788938217070000000,1788938277070000000,0
workspaceModel.global.apply.state.to.project.builder.ms,1788938217070000000,1788938277070000000,0
workspaceModel.mutableEntityStorage.remove.entity.ms,1788938217070000000,1788938277070000000,0
workspaceModel.mutableEntityStorage.entities.by.source.ms,1788938217070000000,1788938277070000000,0
workspaceModel.mutableEntityStorage.collect.changes.ms,1788938217070000000,1788938277070000000,0
workspaceModel.mutableEntityStorage.instances.count,1788938217070000000,1788938277070000000,0
workspaceModel.mutableEntityStorage.changeLog.addReplaceEventForNewChild.ms,1788938217070000000,1788938277070000000,0
workspaceModel.global.updates.ms,1788938217070000000,1788938277070000000,0
jps.load.initial.state.ms,1788938217070000000,1788938277070000000,0
workspaceModel.mutableEntityStorage.add.entity.ms,1788938217070000000,1788938277070000000,0
workspaceModel.mutableEntityStorage.mutable.vfurl.index.ms,1788938217070000000,1788938277070000000,0
workspaceModel.load.cache.metadata.from.file.ms,1788938217070000000,1788938277070000000,0
workspaceModel.mutableEntityStorage.has.same.entities.ms,1788938217070000000,1788938277070000000,0
workspaceModel.mutableEntityStorage.mutable.ext.mapping.ms,1788938217070000000,1788938277070000000,0
jps.global.get.library.ms,1788938217070000000,1788938277070000000,0
workspaceModel.mutableEntityStorage.entities.ms,1788938217070000000,1788938277070000000,0
workspaceModel.mutableEntityStorage.to.snapshot.ms,1788938217070000000,1788938277070000000,0
workspaceModel.mutableEntityStorage.referrers.ms,1788938217070000000,1788938277070000000,0
jps.global.get.libraries.ms,1788938217070000000,1788938277070000000,0
jps.global.handle.before.change.events.ms,1788938217070000000,1788938277070000000,0
jps.global.handle.changed.events.ms,1788938217070000000,1788938277070000000,0
workspaceModel.save.cache.to.file.ms,1788938217070000000,1788938277070000000,0
jps.global.initialize.library.bridges.after.loading.ms,1788938217070000000,1788938277070000000,0
jps.library.entities.serializer.save.entities.ms,1788938217070000000,1788938277070000000,0
workspaceModel.mutableEntityStorage.modify.entity.ms,1788938217070000000,1788938277070000000,0
workspaceModel.mutableEntityStorage.changeLog.addReplaceEventForNewParent.ms,1788938217070000000,1788938277070000000,0
workspaceModel.load.cache.from.file.ms,1788938217070000000,1788938277070000000,0
jps.save.global.entities.ms,1788938217070000000,1788938277070000000,0
workspaceModel.mutableEntityStorage.hasReferrers.ms,1788938217070000000,1788938277070000000,0
jps.library.entities.serializer.load.entities.ms,1788938217070000000,1788938277070000000,0
workspaceModel.mutableEntityStorage.changeLog.addReplaceEventForRemovedParent.ms,1788938217070000000,1788938277070000000,0
workspaceModel.mutableEntityStorage.apply.changes.from.ms,1788938217070000000,1788938277070000000,0
workspaceModel.mutableEntityStorage.replace.by.source.ms,1788938217070000000,1788938277070000000,0
workspaceModel.mutableEntityStorage.resolve.ms,1788938217070000000,1788938277070000000,0
workspaceModel.global.updates.count,1788938217070000000,1788938277070000000,0
workspaceModel.sync.entities.ms,1788938217070000000,1788938277070000000,0
workspaceModel.global.apply.state.to.project.ms,1788938217070000000,1788938277070000000,0
jps.global.get.library.by.name.ms,1788938217070000000,1788938277070000000,0
jps.app.storage.content.writer.save.component.ms,1788938217070000000,1788938277070000000,0
workspaceModel.entityStorageSnapshotImpl.instances.count,1788938217070000000,1788938277070000000,0
writeAction.median.wait.ms,1788938217070000000,1788938277070000000,0
writeAction.wait.ms,1788938217070000000,1788938277070000000,0
writeAction.max.wait.ms,1788938217070000000,1788938277070000000,1
writeAction.count,1788938217070000000,1788938277070000000,0
FlushQueue.waitingTime90PNs,1788938277070000000,1788938337070000000,0
ReadAction.executionsCount,1788938277070000000,1788938337070000000,60
FlushQueue.executionTime90PNs,1788938277070000000,1788938337070000000,0
FlushQueue.queueSize90P,1788938277070000000,1788938337070000000,0
FlushQueue.queueSizeMax,1788938277070000000,1788938337070000000,0
AWTEventQueue.dispatchTime90PNs,1788938277070000000,1788938337070000000,109055
FlushQueue.queueSizeAvg,1788938277070000000,1788938337070000000,0.0
FlushQueue.waitingTimeMaxNs,1788938277070000000,1788938337070000000,0
WriteAction.executionsCount,1788938277070000000,1788938337070000000,0
AWTEventQueue.dispatchTimeMaxNs,1788938277070000000,1788938337070000000,272383
FlushQueue.tasksExecuted,1788938277070000000,1788938337070000000,0
FlushQueue.executionTimeMaxNs,1788938277070000000,1788938337070000000,0
FlushQueue.executionTimeAvgNs,1788938277070000000,1788938337070000000,0.0
AWTEventQueue.eventsDispatched,1788938277070000000,1788938337070000000,180
FlushQueue.waitingTimeAvgNs,1788938277070000000,1788938337070000000,0.0
AWTEventQueue.dispatchTimeTotalNS,1788938277070000000,1788938337070000000,16150280
AWTEventQueue.dispatchTimeAvgNs,1788938277070000000,1788938337070000000,89712.35555555555
VFS.contentStorage.recordsRead,1788938277070000000,1788938337070000000,0
VFS.cache.filesCreated,1788938277070000000,1788938337070000000,0
VFS.ContentWriter.totalTimeSpentOnAsyncOperationsUs,1788938277070000000,1788938337070000000,0
VFS.ContentWriter.totalTasksExecutedSync,1788938277070000000,1788938337070000000,0
VFS.contentStorage.recordsStoredSize,1788938277070000000,1788938337070000000,0
VFS.invertedFileNameIndex.requests,1788938277070000000,1788938337070000000,0
VFS.folderCaseSensitivityReads,1788938277070000000,1788938337070000000,0
FileNameCache.queries,1788938277070000000,1788938337070000000,0
VFS.contentStorage.recordsReadSize,1788938277070000000,1788938337070000000,0
VFS.contentStorage.recordsStoredCompressed,1788938277070000000,1788938337070000000,0
VFS.contentStorage.recordsReadDecompressed,1788938277070000000,1788938337070000000,0
VFS.fileChildByName,1788938277070000000,1788938337070000000,0
VFS.contentStorage.recordsDecompressionTimeUs,1788938277070000000,1788938337070000000,0
FileNameCache.totalMisses,1788938277070000000,1788938337070000000,0
VFS.contentStorage.recordsDeduplicated,1788938277070000000,1788938337070000000,0
VFS.fileByIdCache.hits,1788938277070000000,1788938337070000000,0
VFS.contentStorage.recordsStored,1788938277070000000,1788938337070000000,0
VFS.contentStorage.recordsUncompressedSize,1788938277070000000,1788938337070000000,0
VFS.fileByIdCache.misses,1788938277070000000,1788938337070000000,0
VFS.cache.segments,1788938277070000000,1788938337070000000,0
VFS.cache.segmentsCreated,1788938277070000000,1788938337070000000,0
VFS.ContentWriter.totalTimeSpentOnSyncOperationsUs,1788938277070000000,1788938337070000000,0
VFS.ContentWriter.totalFlushes,1788938277070000000,1788938337070000000,0
VFS.ContentWriter.totalTasksExecutedAsync,1788938277070000000,1788938337070000000,0
VFS.rootsCount,1788938277070000000,1788938337070000000,0.0
VFS.cache.directoriesCreated,1788938277070000000,1788938337070000000,0
Indexing.writesQueuedMin,1788938277070000000,1788938337070000000,0
Indexing.writer_1.totalTimeSpentWritingMs,1788938277070000000,1788938337070000000,0
Indexing.writer_0.totalTimeSpentWritingMs,1788938277070000000,1788938337070000000,0
Indexing.writesQueuedMax,1788938277070000000,1788938337070000000,0
Indexing.cache.totalCacheMisses,1788938277070000000,1788938337070000000,0
Indexing.cache.totalCacheAccesses,1788938277070000000,1788938337070000000,0
Indexing.writer_2.totalTimeSpentWritingMs,1788938277070000000,1788938337070000000,0
Indexing.cache.totalCacheEvicted,1788938277070000000,1788938337070000000,0
Indexing.totalTimeIndexersSleptMs,1788938277070000000,1788938337070000000,0
Indexing.writesQueuedAvg,1788938277070000000,1788938337070000000,0.0
Indexing.writer_3.totalTimeSpentWritingMs,1788938277070000000,1788938337070000000,0
FilePageCache.WAL.flushesForcedByOverflow,1788938277070000000,1788938337070000000,0
MappedFileStorage.storages,1788938277070000000,1788938337070000000,8
StorageLockContext.competingThreads.90P,1788938277070000000,1788938337070000000,0
FilePageCache.pageFastCacheHits,1788938277070000000,1788938337070000000,180
DirectByteBufferAllocator.reclaimed,1788938277070000000,1788938337070000000,0
FilePageCache.WAL.bytesCopiedByApplyUnfinished,1788938277070000000,1788938337070000000,0
FilePageCache.totalBytesStored,1788938277070000000,1788938337070000000,960
StreamlinedBlobStorage.recordsAllocated,1788938277070000000,1788938337070000000,0
DirectByteBufferAllocator.hits,1788938277070000000,1788938337070000000,0
StorageLockContext.competingThreads.max,1788938277070000000,1788938337070000000,0
DirectByteBufferAllocator.totalSizeOfBuffersCachedInBytes,1788938277070000000,1788938337070000000,41959424
FilePageCache.WAL.entriesFlushed,1788938277070000000,1788938337070000000,0
FilePageCache.totalPageStoresUs,1788938277070000000,1788938337070000000,9450
DirectByteBufferAllocator.misses,1788938277070000000,1788938337070000000,0
FilePageCache.WAL.entriesFlushedOnRead,1788938277070000000,1788938337070000000,0
MappedFileStorage.totalBytesMapped,1788938277070000000,1788938337070000000,232783872
FilePageCache.pageHits,1788938277070000000,1788938337070000000,0
FilePageCache.capacityInBytes,1788938277070000000,1788938337070000000,629145600
MappedFileStorage.totalPagesMapped,1788938277070000000,1788938337070000000,8
StreamlinedBlobStorage.totalLiveRecordsPayloadBytes,1788938277070000000,1788938337070000000,0
FilePageCache.totalPageDisposalsUs,1788938277070000000,1788938337070000000,0
StreamlinedBlobStorage.recordsRelocated,1788938277070000000,1788938337070000000,0
FilePageCache.totalPageLoadsUs,1788938277070000000,1788938337070000000,0
FilePageCache.WAL.entriesFlushedOnForce,1788938277070000000,1788938337070000000,0
FilePageCache.pageLoads,1788938277070000000,1788938337070000000,0
FileChannelInterruptsRetryer.totalRetriedAttempts,1788938277070000000,1788938337070000000,0
StreamlinedBlobStorage.totalLiveRecordsCapacityBytes,1788938277070000000,1788938337070000000,0
FilePageCache.WAL.entriesFlushedOnClose,1788938277070000000,1788938337070000000,0
FilePageCache.disposedBuffers,1788938277070000000,1788938337070000000,0
FilePageCache.uncachedFileAccess,1788938277070000000,1788938337070000000,60
FilePageCache.WAL.bytesQueued,1788938277070000000,1788938337070000000,0
StorageLockContext.competingThreads.avg,1788938277070000000,1788938337070000000,0.0
DirectByteBufferAllocator.disposed,1788938277070000000,1788938337070000000,0
FilePageCache.maxCacheSizeInBytes,1788938277070000000,1788938337070000000,400564224
MappedFileStorage.totalTimeSpentOnMappingUs,1788938277070000000,1788938337070000000,179239
StreamlinedBlobStorage.recordsDeleted,1788938277070000000,1788938337070000000,0
FilePageCache.WAL.entriesFlushedOnTruncate,1788938277070000000,1788938337070000000,0
DirectByteBufferAllocator.totalSizeOfBuffersAllocatedInBytes,1788938277070000000,1788938337070000000,400564224
FilePageCache.pageLoadsAboveSizeThreshold,1788938277070000000,1788938337070000000,0
FilePageCache.maxRegisteredFiles,1788938277070000000,1788938337070000000,1072
cacheStateStorage.set.counter,1788938277070000000,1788938337070000000,0
cacheStateStorage.get.counter,1788938277070000000,1788938337070000000,0
cacheStateStorage.get.duration,1788938277070000000,1788938337070000000,0
cacheStateStorage.set.duration,1788938277070000000,1788938337070000000,0
jps.global.initialize.library.bridges.ms,1788938277070000000,1788938337070000000,0
workspaceModel.mutableEntityStorage.changeLog.addReplaceEventForRemovedChild.ms,1788938277070000000,1788938337070000000,0
jps.app.storage.content.reader.load.component.ms,1788938277070000000,1788938337070000000,0
workspaceModel.mutableEntityStorage.put.entity.ms,1788938277070000000,1788938337070000000,0
workspaceModel.global.apply.state.to.project.builder.ms,1788938277070000000,1788938337070000000,0
workspaceModel.mutableEntityStorage.remove.entity.ms,1788938277070000000,1788938337070000000,0
workspaceModel.mutableEntityStorage.entities.by.source.ms,1788938277070000000,1788938337070000000,0
workspaceModel.mutableEntityStorage.collect.changes.ms,1788938277070000000,1788938337070000000,0
workspaceModel.mutableEntityStorage.instances.count,1788938277070000000,1788938337070000000,0
workspaceModel.mutableEntityStorage.changeLog.addReplaceEventForNewChild.ms,1788938277070000000,1788938337070000000,0
workspaceModel.global.updates.ms,1788938277070000000,1788938337070000000,0
jps.load.initial.state.ms,1788938277070000000,1788938337070000000,0
workspaceModel.mutableEntityStorage.add.entity.ms,1788938277070000000,1788938337070000000,0
workspaceModel.mutableEntityStorage.mutable.vfurl.index.ms,1788938277070000000,1788938337070000000,0
workspaceModel.load.cache.metadata.from.file.ms,1788938277070000000,1788938337070000000,0
workspaceModel.mutableEntityStorage.has.same.entities.ms,1788938277070000000,1788938337070000000,0
workspaceModel.mutableEntityStorage.mutable.ext.mapping.ms,1788938277070000000,1788938337070000000,0
jps.global.get.library.ms,1788938277070000000,1788938337070000000,0
workspaceModel.mutableEntityStorage.entities.ms,1788938277070000000,1788938337070000000,0
workspaceModel.mutableEntityStorage.to.snapshot.ms,1788938277070000000,1788938337070000000,0
workspaceModel.mutableEntityStorage.referrers.ms,1788938277070000000,1788938337070000000,0
jps.global.get.libraries.ms,1788938277070000000,1788938337070000000,0
jps.global.handle.before.change.events.ms,1788938277070000000,1788938337070000000,0
jps.global.handle.changed.events.ms,1788938277070000000,1788938337070000000,0
workspaceModel.save.cache.to.file.ms,1788938277070000000,1788938337070000000,0
jps.global.initialize.library.bridges.after.loading.ms,1788938277070000000,1788938337070000000,0
jps.library.entities.serializer.save.entities.ms,1788938277070000000,1788938337070000000,0
workspaceModel.mutableEntityStorage.modify.entity.ms,1788938277070000000,1788938337070000000,0
workspaceModel.mutableEntityStorage.changeLog.addReplaceEventForNewParent.ms,1788938277070000000,1788938337070000000,0
workspaceModel.load.cache.from.file.ms,1788938277070000000,1788938337070000000,0
jps.save.global.entities.ms,1788938277070000000,1788938337070000000,0
workspaceModel.mutableEntityStorage.hasReferrers.ms,1788938277070000000,1788938337070000000,0
jps.library.entities.serializer.load.entities.ms,1788938277070000000,1788938337070000000,0
workspaceModel.mutableEntityStorage.changeLog.addReplaceEventForRemovedParent.ms,1788938277070000000,1788938337070000000,0
workspaceModel.mutableEntityStorage.apply.changes.from.ms,1788938277070000000,1788938337070000000,0
workspaceModel.mutableEntityStorage.replace.by.source.ms,1788938277070000000,1788938337070000000,0
workspaceModel.mutableEntityStorage.resolve.ms,1788938277070000000,1788938337070000000,0
workspaceModel.global.updates.count,1788938277070000000,1788938337070000000,0
workspaceModel.sync.entities.ms,1788938277070000000,1788938337070000000,0
workspaceModel.global.apply.state.to.project.ms,1788938277070000000,1788938337070000000,0
jps.global.get.library.by.name.ms,1788938277070000000,1788938337070000000,0
jps.app.storage.content.writer.save.component.ms,1788938277070000000,1788938337070000000,0
workspaceModel.entityStorageSnapshotImpl.instances.count,1788938277070000000,1788938337070000000,0
writeAction.median.wait.ms,1788938277070000000,1788938337070000000,0
writeAction.wait.ms,1788938277070000000,1788938337070000000,0
writeAction.max.wait.ms,1788938277070000000,1788938337070000000,1
writeAction.count,1788938277070000000,1788938337070000000,0
FlushQueue.waitingTime90PNs,1788938337070000000,1788938397070000000,0
ReadAction.executionsCount,1788938337070000000,1788938397070000000,60
FlushQueue.executionTime90PNs,1788938337070000000,1788938397070000000,0
FlushQueue.queueSize90P,1788938337070000000,1788938397070000000,0
FlushQueue.queueSizeMax,1788938337070000000,1788938397070000000,0
AWTEventQueue.dispatchTime90PNs,1788938337070000000,1788938397070000000,100863
FlushQueue.queueSizeAvg,1788938337070000000,1788938397070000000,0.0
FlushQueue.waitingTimeMaxNs,1788938337070000000,1788938397070000000,0
WriteAction.executionsCount,1788938337070000000,1788938397070000000,0
AWTEventQueue.dispatchTimeMaxNs,1788938337070000000,1788938397070000000,152575
FlushQueue.tasksExecuted,1788938337070000000,1788938397070000000,0
FlushQueue.executionTimeMaxNs,1788938337070000000,1788938397070000000,0
FlushQueue.executionTimeAvgNs,1788938337070000000,1788938397070000000,0.0
AWTEventQueue.eventsDispatched,1788938337070000000,1788938397070000000,180
FlushQueue.waitingTimeAvgNs,1788938337070000000,1788938397070000000,0.0
AWTEventQueue.dispatchTimeTotalNS,1788938337070000000,1788938397070000000,15471319
AWTEventQueue.dispatchTimeAvgNs,1788938337070000000,1788938397070000000,85929.24444444444
VFS.contentStorage.recordsRead,1788938337070000000,1788938397070000000,0
VFS.cache.filesCreated,1788938337070000000,1788938397070000000,0
VFS.ContentWriter.totalTimeSpentOnAsyncOperationsUs,1788938337070000000,1788938397070000000,0
VFS.ContentWriter.totalTasksExecutedSync,1788938337070000000,1788938397070000000,0
VFS.contentStorage.recordsStoredSize,1788938337070000000,1788938397070000000,0
VFS.invertedFileNameIndex.requests,1788938337070000000,1788938397070000000,0
VFS.folderCaseSensitivityReads,1788938337070000000,1788938397070000000,0
FileNameCache.queries,1788938337070000000,1788938397070000000,0
VFS.contentStorage.recordsReadSize,1788938337070000000,1788938397070000000,0
VFS.contentStorage.recordsStoredCompressed,1788938337070000000,1788938397070000000,0
VFS.contentStorage.recordsReadDecompressed,1788938337070000000,1788938397070000000,0
VFS.fileChildByName,1788938337070000000,1788938397070000000,0
VFS.contentStorage.recordsDecompressionTimeUs,1788938337070000000,1788938397070000000,0
FileNameCache.totalMisses,1788938337070000000,1788938397070000000,0
VFS.contentStorage.recordsDeduplicated,1788938337070000000,1788938397070000000,0
VFS.fileByIdCache.hits,1788938337070000000,1788938397070000000,0
VFS.contentStorage.recordsStored,1788938337070000000,1788938397070000000,0
VFS.contentStorage.recordsUncompressedSize,1788938337070000000,1788938397070000000,0
VFS.fileByIdCache.misses,1788938337070000000,1788938397070000000,0
VFS.cache.segments,1788938337070000000,1788938397070000000,0
VFS.cache.segmentsCreated,1788938337070000000,1788938397070000000,0
VFS.ContentWriter.totalTimeSpentOnSyncOperationsUs,1788938337070000000,1788938397070000000,0
VFS.ContentWriter.totalFlushes,1788938337070000000,1788938397070000000,0
VFS.ContentWriter.totalTasksExecutedAsync,1788938337070000000,1788938397070000000,0
VFS.rootsCount,1788938337070000000,1788938397070000000,0.0
VFS.cache.directoriesCreated,1788938337070000000,1788938397070000000,0
Indexing.writesQueuedMin,1788938337070000000,1788938397070000000,0
Indexing.writer_1.totalTimeSpentWritingMs,1788938337070000000,1788938397070000000,0
Indexing.writer_0.totalTimeSpentWritingMs,1788938337070000000,1788938397070000000,0
Indexing.writesQueuedMax,1788938337070000000,1788938397070000000,0
Indexing.cache.totalCacheMisses,1788938337070000000,1788938397070000000,0
Indexing.cache.totalCacheAccesses,1788938337070000000,1788938397070000000,0
Indexing.writer_2.totalTimeSpentWritingMs,1788938337070000000,1788938397070000000,0
Indexing.cache.totalCacheEvicted,1788938337070000000,1788938397070000000,0
Indexing.totalTimeIndexersSleptMs,1788938337070000000,1788938397070000000,0
Indexing.writesQueuedAvg,1788938337070000000,1788938397070000000,0.0
Indexing.writer_3.totalTimeSpentWritingMs,1788938337070000000,1788938397070000000,0
FilePageCache.WAL.flushesForcedByOverflow,1788938337070000000,1788938397070000000,0
MappedFileStorage.storages,1788938337070000000,1788938397070000000,8
StorageLockContext.competingThreads.90P,1788938337070000000,1788938397070000000,0
FilePageCache.pageFastCacheHits,1788938337070000000,1788938397070000000,180
DirectByteBufferAllocator.reclaimed,1788938337070000000,1788938397070000000,0
FilePageCache.WAL.bytesCopiedByApplyUnfinished,1788938337070000000,1788938397070000000,0
FilePageCache.totalBytesStored,1788938337070000000,1788938397070000000,960
StreamlinedBlobStorage.recordsAllocated,1788938337070000000,1788938397070000000,0
DirectByteBufferAllocator.hits,1788938337070000000,1788938397070000000,0
StorageLockContext.competingThreads.max,1788938337070000000,1788938397070000000,0
DirectByteBufferAllocator.totalSizeOfBuffersCachedInBytes,1788938337070000000,1788938397070000000,41959424
FilePageCache.WAL.entriesFlushed,1788938337070000000,1788938397070000000,0
FilePageCache.totalPageStoresUs,1788938337070000000,1788938397070000000,8559
DirectByteBufferAllocator.misses,1788938337070000000,1788938397070000000,0
FilePageCache.WAL.entriesFlushedOnRead,1788938337070000000,1788938397070000000,0
MappedFileStorage.totalBytesMapped,1788938337070000000,1788938397070000000,232783872
FilePageCache.pageHits,1788938337070000000,1788938397070000000,0
FilePageCache.capacityInBytes,1788938337070000000,1788938397070000000,629145600
MappedFileStorage.totalPagesMapped,1788938337070000000,1788938397070000000,8
StreamlinedBlobStorage.totalLiveRecordsPayloadBytes,1788938337070000000,1788938397070000000,0
FilePageCache.totalPageDisposalsUs,1788938337070000000,1788938397070000000,0
StreamlinedBlobStorage.recordsRelocated,1788938337070000000,1788938397070000000,0
FilePageCache.totalPageLoadsUs,1788938337070000000,1788938397070000000,0
FilePageCache.WAL.entriesFlushedOnForce,1788938337070000000,1788938397070000000,0
FilePageCache.pageLoads,1788938337070000000,1788938397070000000,0
FileChannelInterruptsRetryer.totalRetriedAttempts,1788938337070000000,1788938397070000000,0
StreamlinedBlobStorage.totalLiveRecordsCapacityBytes,1788938337070000000,1788938397070000000,0
FilePageCache.WAL.entriesFlushedOnClose,1788938337070000000,1788938397070000000,0
FilePageCache.disposedBuffers,1788938337070000000,1788938397070000000,0
FilePageCache.uncachedFileAccess,1788938337070000000,1788938397070000000,60
FilePageCache.WAL.bytesQueued,1788938337070000000,1788938397070000000,0
StorageLockContext.competingThreads.avg,1788938337070000000,1788938397070000000,0.0
DirectByteBufferAllocator.disposed,1788938337070000000,1788938397070000000,0
FilePageCache.maxCacheSizeInBytes,1788938337070000000,1788938397070000000,400564224
MappedFileStorage.totalTimeSpentOnMappingUs,1788938337070000000,1788938397070000000,179239
StreamlinedBlobStorage.recordsDeleted,1788938337070000000,1788938397070000000,0
FilePageCache.WAL.entriesFlushedOnTruncate,1788938337070000000,1788938397070000000,0
DirectByteBufferAllocator.totalSizeOfBuffersAllocatedInBytes,1788938337070000000,1788938397070000000,400564224
FilePageCache.pageLoadsAboveSizeThreshold,1788938337070000000,1788938397070000000,0
FilePageCache.maxRegisteredFiles,1788938337070000000,1788938397070000000,1072
cacheStateStorage.set.counter,1788938337070000000,1788938397070000000,0
cacheStateStorage.get.counter,1788938337070000000,1788938397070000000,0
cacheStateStorage.get.duration,1788938337070000000,1788938397070000000,0
cacheStateStorage.set.duration,1788938337070000000,1788938397070000000,0
jps.global.initialize.library.bridges.ms,1788938337070000000,1788938397070000000,0
workspaceModel.mutableEntityStorage.changeLog.addReplaceEventForRemovedChild.ms,1788938337070000000,1788938397070000000,0
jps.app.storage.content.reader.load.component.ms,1788938337070000000,1788938397070000000,0
workspaceModel.mutableEntityStorage.put.entity.ms,1788938337070000000,1788938397070000000,0
workspaceModel.global.apply.state.to.project.builder.ms,1788938337070000000,1788938397070000000,0
workspaceModel.mutableEntityStorage.remove.entity.ms,1788938337070000000,1788938397070000000,0
workspaceModel.mutableEntityStorage.entities.by.source.ms,1788938337070000000,1788938397070000000,0
workspaceModel.mutableEntityStorage.collect.changes.ms,1788938337070000000,1788938397070000000,0
workspaceModel.mutableEntityStorage.instances.count,1788938337070000000,1788938397070000000,0
workspaceModel.mutableEntityStorage.changeLog.addReplaceEventForNewChild.ms,1788938337070000000,1788938397070000000,0
workspaceModel.global.updates.ms,1788938337070000000,1788938397070000000,0
jps.load.initial.state.ms,1788938337070000000,1788938397070000000,0
workspaceModel.mutableEntityStorage.add.entity.ms,1788938337070000000,1788938397070000000,0
workspaceModel.mutableEntityStorage.mutable.vfurl.index.ms,1788938337070000000,1788938397070000000,0
workspaceModel.load.cache.metadata.from.file.ms,1788938337070000000,1788938397070000000,0
workspaceModel.mutableEntityStorage.has.same.entities.ms,1788938337070000000,1788938397070000000,0
workspaceModel.mutableEntityStorage.mutable.ext.mapping.ms,1788938337070000000,1788938397070000000,0
jps.global.get.library.ms,1788938337070000000,1788938397070000000,0
workspaceModel.mutableEntityStorage.entities.ms,1788938337070000000,1788938397070000000,0
workspaceModel.mutableEntityStorage.to.snapshot.ms,1788938337070000000,1788938397070000000,0
workspaceModel.mutableEntityStorage.referrers.ms,1788938337070000000,1788938397070000000,0
jps.global.get.libraries.ms,1788938337070000000,1788938397070000000,0
jps.global.handle.before.change.events.ms,1788938337070000000,1788938397070000000,0
jps.global.handle.changed.events.ms,1788938337070000000,1788938397070000000,0
workspaceModel.save.cache.to.file.ms,1788938337070000000,1788938397070000000,0
jps.global.initialize.library.bridges.after.loading.ms,1788938337070000000,1788938397070000000,0
jps.library.entities.serializer.save.entities.ms,1788938337070000000,1788938397070000000,0
workspaceModel.mutableEntityStorage.modify.entity.ms,1788938337070000000,1788938397070000000,0
workspaceModel.mutableEntityStorage.changeLog.addReplaceEventForNewParent.ms,1788938337070000000,1788938397070000000,0
workspaceModel.load.cache.from.file.ms,1788938337070000000,1788938397070000000,0
jps.save.global.entities.ms,1788938337070000000,1788938397070000000,0
workspaceModel.mutableEntityStorage.hasReferrers.ms,1788938337070000000,1788938397070000000,0
jps.library.entities.serializer.load.entities.ms,1788938337070000000,1788938397070000000,0
workspaceModel.mutableEntityStorage.changeLog.addReplaceEventForRemovedParent.ms,1788938337070000000,1788938397070000000,0
workspaceModel.mutableEntityStorage.apply.changes.from.ms,1788938337070000000,1788938397070000000,0
workspaceModel.mutableEntityStorage.replace.by.source.ms,1788938337070000000,1788938397070000000,0
workspaceModel.mutableEntityStorage.resolve.ms,1788938337070000000,1788938397070000000,0
workspaceModel.global.updates.count,1788938337070000000,1788938397070000000,0
workspaceModel.sync.entities.ms,1788938337070000000,1788938397070000000,0
workspaceModel.global.apply.state.to.project.ms,1788938337070000000,1788938397070000000,0
jps.global.get.library.by.name.ms,1788938337070000000,1788938397070000000,0
jps.app.storage.content.writer.save.component.ms,1788938337070000000,1788938397070000000,0
workspaceModel.entityStorageSnapshotImpl.instances.count,1788938337070000000,1788938397070000000,0
writeAction.median.wait.ms,1788938337070000000,1788938397070000000,0
writeAction.wait.ms,1788938337070000000,1788938397070000000,0
writeAction.max.wait.ms,1788938337070000000,1788938397070000000,1
writeAction.count,1788938337070000000,1788938397070000000,0
FlushQueue.waitingTime90PNs,1788938397070000000,1788938457070000000,0
ReadAction.executionsCount,1788938397070000000,1788938457070000000,60
FlushQueue.executionTime90PNs,1788938397070000000,1788938457070000000,0
FlushQueue.queueSize90P,1788938397070000000,1788938457070000000,0
FlushQueue.queueSizeMax,1788938397070000000,1788938457070000000,0
AWTEventQueue.dispatchTime90PNs,1788938397070000000,1788938457070000000,118783
FlushQueue.queueSizeAvg,1788938397070000000,1788938457070000000,0.0
FlushQueue.waitingTimeMaxNs,1788938397070000000,1788938457070000000,0
WriteAction.executionsCount,1788938397070000000,1788938457070000000,0
AWTEventQueue.dispatchTimeMaxNs,1788938397070000000,1788938457070000000,233471
FlushQueue.tasksExecuted,1788938397070000000,1788938457070000000,0
FlushQueue.executionTimeMaxNs,1788938397070000000,1788938457070000000,0
FlushQueue.executionTimeAvgNs,1788938397070000000,1788938457070000000,0.0
AWTEventQueue.eventsDispatched,1788938397070000000,1788938457070000000,180
FlushQueue.waitingTimeAvgNs,1788938397070000000,1788938457070000000,0.0
AWTEventQueue.dispatchTimeTotalNS,1788938397070000000,1788938457070000000,17267813
AWTEventQueue.dispatchTimeAvgNs,1788938397070000000,1788938457070000000,95935.28888888888
VFS.contentStorage.recordsRead,1788938397070000000,1788938457070000000,0
VFS.cache.filesCreated,1788938397070000000,1788938457070000000,0
VFS.ContentWriter.totalTimeSpentOnAsyncOperationsUs,1788938397070000000,1788938457070000000,0
VFS.ContentWriter.totalTasksExecutedSync,1788938397070000000,1788938457070000000,0
VFS.contentStorage.recordsStoredSize,1788938397070000000,1788938457070000000,0
VFS.invertedFileNameIndex.requests,1788938397070000000,1788938457070000000,0
VFS.folderCaseSensitivityReads,1788938397070000000,1788938457070000000,0
FileNameCache.queries,1788938397070000000,1788938457070000000,0
VFS.contentStorage.recordsReadSize,1788938397070000000,1788938457070000000,0
VFS.contentStorage.recordsStoredCompressed,1788938397070000000,1788938457070000000,0
VFS.contentStorage.recordsReadDecompressed,1788938397070000000,1788938457070000000,0
VFS.fileChildByName,1788938397070000000,1788938457070000000,0
VFS.contentStorage.recordsDecompressionTimeUs,1788938397070000000,1788938457070000000,0
FileNameCache.totalMisses,1788938397070000000,1788938457070000000,0
VFS.contentStorage.recordsDeduplicated,1788938397070000000,1788938457070000000,0
VFS.fileByIdCache.hits,1788938397070000000,1788938457070000000,0
VFS.contentStorage.recordsStored,1788938397070000000,1788938457070000000,0
VFS.contentStorage.recordsUncompressedSize,1788938397070000000,1788938457070000000,0
VFS.fileByIdCache.misses,1788938397070000000,1788938457070000000,0
VFS.cache.segments,1788938397070000000,1788938457070000000,0
VFS.cache.segmentsCreated,1788938397070000000,1788938457070000000,0
VFS.ContentWriter.totalTimeSpentOnSyncOperationsUs,1788938397070000000,1788938457070000000,0
VFS.ContentWriter.totalFlushes,1788938397070000000,1788938457070000000,0
VFS.ContentWriter.totalTasksExecutedAsync,1788938397070000000,1788938457070000000,0
VFS.rootsCount,1788938397070000000,1788938457070000000,0.0
VFS.cache.directoriesCreated,1788938397070000000,1788938457070000000,0
Indexing.writesQueuedMin,1788938397070000000,1788938457070000000,0
Indexing.writer_1.totalTimeSpentWritingMs,1788938397070000000,1788938457070000000,0
Indexing.writer_0.totalTimeSpentWritingMs,1788938397070000000,1788938457070000000,0
Indexing.writesQueuedMax,1788938397070000000,1788938457070000000,0
Indexing.cache.totalCacheMisses,1788938397070000000,1788938457070000000,0
Indexing.cache.totalCacheAccesses,1788938397070000000,1788938457070000000,0
Indexing.writer_2.totalTimeSpentWritingMs,1788938397070000000,1788938457070000000,0
Indexing.cache.totalCacheEvicted,1788938397070000000,1788938457070000000,0
Indexing.totalTimeIndexersSleptMs,1788938397070000000,1788938457070000000,0
Indexing.writesQueuedAvg,1788938397070000000,1788938457070000000,0.0
Indexing.writer_3.totalTimeSpentWritingMs,1788938397070000000,1788938457070000000,0
FilePageCache.WAL.flushesForcedByOverflow,1788938397070000000,1788938457070000000,0
MappedFileStorage.storages,1788938397070000000,1788938457070000000,8
StorageLockContext.competingThreads.90P,1788938397070000000,1788938457070000000,0
FilePageCache.pageFastCacheHits,1788938397070000000,1788938457070000000,180
DirectByteBufferAllocator.reclaimed,1788938397070000000,1788938457070000000,0
FilePageCache.WAL.bytesCopiedByApplyUnfinished,1788938397070000000,1788938457070000000,0
FilePageCache.totalBytesStored,1788938397070000000,1788938457070000000,960
StreamlinedBlobStorage.recordsAllocated,1788938397070000000,1788938457070000000,0
DirectByteBufferAllocator.hits,1788938397070000000,1788938457070000000,0
StorageLockContext.competingThreads.max,1788938397070000000,1788938457070000000,0
DirectByteBufferAllocator.totalSizeOfBuffersCachedInBytes,1788938397070000000,1788938457070000000,41959424
FilePageCache.WAL.entriesFlushed,1788938397070000000,1788938457070000000,0
FilePageCache.totalPageStoresUs,1788938397070000000,1788938457070000000,9047
DirectByteBufferAllocator.misses,1788938397070000000,1788938457070000000,0
FilePageCache.WAL.entriesFlushedOnRead,1788938397070000000,1788938457070000000,0
MappedFileStorage.totalBytesMapped,1788938397070000000,1788938457070000000,232783872
FilePageCache.pageHits,1788938397070000000,1788938457070000000,0
FilePageCache.capacityInBytes,1788938397070000000,1788938457070000000,629145600
MappedFileStorage.totalPagesMapped,1788938397070000000,1788938457070000000,8
StreamlinedBlobStorage.totalLiveRecordsPayloadBytes,1788938397070000000,1788938457070000000,0
FilePageCache.totalPageDisposalsUs,1788938397070000000,1788938457070000000,0
StreamlinedBlobStorage.recordsRelocated,1788938397070000000,1788938457070000000,0
FilePageCache.totalPageLoadsUs,1788938397070000000,1788938457070000000,0
FilePageCache.WAL.entriesFlushedOnForce,1788938397070000000,1788938457070000000,0
FilePageCache.pageLoads,1788938397070000000,1788938457070000000,0
FileChannelInterruptsRetryer.totalRetriedAttempts,1788938397070000000,1788938457070000000,0
StreamlinedBlobStorage.totalLiveRecordsCapacityBytes,1788938397070000000,1788938457070000000,0
FilePageCache.WAL.entriesFlushedOnClose,1788938397070000000,1788938457070000000,0
FilePageCache.disposedBuffers,1788938397070000000,1788938457070000000,0
FilePageCache.uncachedFileAccess,1788938397070000000,1788938457070000000,60
FilePageCache.WAL.bytesQueued,1788938397070000000,1788938457070000000,0
StorageLockContext.competingThreads.avg,1788938397070000000,1788938457070000000,0.0
DirectByteBufferAllocator.disposed,1788938397070000000,1788938457070000000,0
FilePageCache.maxCacheSizeInBytes,1788938397070000000,1788938457070000000,400564224
MappedFileStorage.totalTimeSpentOnMappingUs,1788938397070000000,1788938457070000000,179239
StreamlinedBlobStorage.recordsDeleted,1788938397070000000,1788938457070000000,0
FilePageCache.WAL.entriesFlushedOnTruncate,1788938397070000000,1788938457070000000,0
DirectByteBufferAllocator.totalSizeOfBuffersAllocatedInBytes,1788938397070000000,1788938457070000000,400564224
FilePageCache.pageLoadsAboveSizeThreshold,1788938397070000000,1788938457070000000,0
FilePageCache.maxRegisteredFiles,1788938397070000000,1788938457070000000,1072
cacheStateStorage.set.counter,1788938397070000000,1788938457070000000,0
cacheStateStorage.get.counter,1788938397070000000,1788938457070000000,0
cacheStateStorage.get.duration,1788938397070000000,1788938457070000000,0
cacheStateStorage.set.duration,1788938397070000000,1788938457070000000,0
jps.global.initialize.library.bridges.ms,1788938397070000000,1788938457070000000,0
workspaceModel.mutableEntityStorage.changeLog.addReplaceEventForRemovedChild.ms,1788938397070000000,1788938457070000000,0
jps.app.storage.content.reader.load.component.ms,1788938397070000000,1788938457070000000,0
workspaceModel.mutableEntityStorage.put.entity.ms,1788938397070000000,1788938457070000000,0
workspaceModel.global.apply.state.to.project.builder.ms,1788938397070000000,1788938457070000000,0
workspaceModel.mutableEntityStorage.remove.entity.ms,1788938397070000000,1788938457070000000,0
workspaceModel.mutableEntityStorage.entities.by.source.ms,1788938397070000000,1788938457070000000,0
workspaceModel.mutableEntityStorage.collect.changes.ms,1788938397070000000,1788938457070000000,0
workspaceModel.mutableEntityStorage.instances.count,1788938397070000000,1788938457070000000,0
workspaceModel.mutableEntityStorage.changeLog.addReplaceEventForNewChild.ms,1788938397070000000,1788938457070000000,0
workspaceModel.global.updates.ms,1788938397070000000,1788938457070000000,0
jps.load.initial.state.ms,1788938397070000000,1788938457070000000,0
workspaceModel.mutableEntityStorage.add.entity.ms,1788938397070000000,1788938457070000000,0
workspaceModel.mutableEntityStorage.mutable.vfurl.index.ms,1788938397070000000,1788938457070000000,0
workspaceModel.load.cache.metadata.from.file.ms,1788938397070000000,1788938457070000000,0
workspaceModel.mutableEntityStorage.has.same.entities.ms,1788938397070000000,1788938457070000000,0
workspaceModel.mutableEntityStorage.mutable.ext.mapping.ms,1788938397070000000,1788938457070000000,0
jps.global.get.library.ms,1788938397070000000,1788938457070000000,0
workspaceModel.mutableEntityStorage.entities.ms,1788938397070000000,1788938457070000000,0
workspaceModel.mutableEntityStorage.to.snapshot.ms,1788938397070000000,1788938457070000000,0
workspaceModel.mutableEntityStorage.referrers.ms,1788938397070000000,1788938457070000000,0
jps.global.get.libraries.ms,1788938397070000000,1788938457070000000,0
jps.global.handle.before.change.events.ms,1788938397070000000,1788938457070000000,0
jps.global.handle.changed.events.ms,1788938397070000000,1788938457070000000,0
workspaceModel.save.cache.to.file.ms,1788938397070000000,1788938457070000000,0
jps.global.initialize.library.bridges.after.loading.ms,1788938397070000000,1788938457070000000,0
jps.library.entities.serializer.save.entities.ms,1788938397070000000,1788938457070000000,0
workspaceModel.mutableEntityStorage.modify.entity.ms,1788938397070000000,1788938457070000000,0
workspaceModel.mutableEntityStorage.changeLog.addReplaceEventForNewParent.ms,1788938397070000000,1788938457070000000,0
workspaceModel.load.cache.from.file.ms,1788938397070000000,1788938457070000000,0
jps.save.global.entities.ms,1788938397070000000,1788938457070000000,0
workspaceModel.mutableEntityStorage.hasReferrers.ms,1788938397070000000,1788938457070000000,0
jps.library.entities.serializer.load.entities.ms,1788938397070000000,1788938457070000000,0
workspaceModel.mutableEntityStorage.changeLog.addReplaceEventForRemovedParent.ms,1788938397070000000,1788938457070000000,0
workspaceModel.mutableEntityStorage.apply.changes.from.ms,1788938397070000000,1788938457070000000,0
workspaceModel.mutableEntityStorage.replace.by.source.ms,1788938397070000000,1788938457070000000,0
workspaceModel.mutableEntityStorage.resolve.ms,1788938397070000000,1788938457070000000,0
workspaceModel.global.updates.count,1788938397070000000,1788938457070000000,0
workspaceModel.sync.entities.ms,1788938397070000000,1788938457070000000,0
workspaceModel.global.apply.state.to.project.ms,1788938397070000000,1788938457070000000,0
jps.global.get.library.by.name.ms,1788938397070000000,1788938457070000000,0
jps.app.storage.content.writer.save.component.ms,1788938397070000000,1788938457070000000,0
workspaceModel.entityStorageSnapshotImpl.instances.count,1788938397070000000,1788938457070000000,0
writeAction.median.wait.ms,1788938397070000000,1788938457070000000,0
writeAction.wait.ms,1788938397070000000,1788938457070000000,0
writeAction.max.wait.ms,1788938397070000000,1788938457070000000,1
writeAction.count,1788938397070000000,1788938457070000000,0
FlushQueue.waitingTime90PNs,1788938457070000000,1788938517070000000,0
ReadAction.executionsCount,1788938457070000000,1788938517070000000,60
FlushQueue.executionTime90PNs,1788938457070000000,1788938517070000000,0
FlushQueue.queueSize90P,1788938457070000000,1788938517070000000,0
FlushQueue.queueSizeMax,1788938457070000000,1788938517070000000,0
AWTEventQueue.dispatchTime90PNs,1788938457070000000,1788938517070000000,107519
FlushQueue.queueSizeAvg,1788938457070000000,1788938517070000000,0.0
FlushQueue.waitingTimeMaxNs,1788938457070000000,1788938517070000000,0
WriteAction.executionsCount,1788938457070000000,1788938517070000000,0
AWTEventQueue.dispatchTimeMaxNs,1788938457070000000,1788938517070000000,155647
FlushQueue.tasksExecuted,1788938457070000000,1788938517070000000,0
FlushQueue.executionTimeMaxNs,1788938457070000000,1788938517070000000,0
FlushQueue.executionTimeAvgNs,1788938457070000000,1788938517070000000,0.0
AWTEventQueue.eventsDispatched,1788938457070000000,1788938517070000000,179
FlushQueue.waitingTimeAvgNs,1788938457070000000,1788938517070000000,0.0
AWTEventQueue.dispatchTimeTotalNS,1788938457070000000,1788938517070000000,15567784
AWTEventQueue.dispatchTimeAvgNs,1788938457070000000,1788938517070000000,86469.36312849162
VFS.contentStorage.recordsRead,1788938457070000000,1788938517070000000,0
VFS.cache.filesCreated,1788938457070000000,1788938517070000000,0
VFS.ContentWriter.totalTimeSpentOnAsyncOperationsUs,1788938457070000000,1788938517070000000,0
VFS.ContentWriter.totalTasksExecutedSync,1788938457070000000,1788938517070000000,0
VFS.contentStorage.recordsStoredSize,1788938457070000000,1788938517070000000,0
VFS.invertedFileNameIndex.requests,1788938457070000000,1788938517070000000,0
VFS.folderCaseSensitivityReads,1788938457070000000,1788938517070000000,0
FileNameCache.queries,1788938457070000000,1788938517070000000,0
VFS.contentStorage.recordsReadSize,1788938457070000000,1788938517070000000,0
VFS.contentStorage.recordsStoredCompressed,1788938457070000000,1788938517070000000,0
VFS.contentStorage.recordsReadDecompressed,1788938457070000000,1788938517070000000,0
VFS.fileChildByName,1788938457070000000,1788938517070000000,0
VFS.contentStorage.recordsDecompressionTimeUs,1788938457070000000,1788938517070000000,0
FileNameCache.totalMisses,1788938457070000000,1788938517070000000,0
VFS.contentStorage.recordsDeduplicated,1788938457070000000,1788938517070000000,0
VFS.fileByIdCache.hits,1788938457070000000,1788938517070000000,0
VFS.contentStorage.recordsStored,1788938457070000000,1788938517070000000,0
VFS.contentStorage.recordsUncompressedSize,1788938457070000000,1788938517070000000,0
VFS.fileByIdCache.misses,1788938457070000000,1788938517070000000,0
VFS.cache.segments,1788938457070000000,1788938517070000000,0
VFS.cache.segmentsCreated,1788938457070000000,1788938517070000000,0
VFS.ContentWriter.totalTimeSpentOnSyncOperationsUs,1788938457070000000,1788938517070000000,0
VFS.ContentWriter.totalFlushes,1788938457070000000,1788938517070000000,0
VFS.ContentWriter.totalTasksExecutedAsync,1788938457070000000,1788938517070000000,0
VFS.rootsCount,1788938457070000000,1788938517070000000,0.0
VFS.cache.directoriesCreated,1788938457070000000,1788938517070000000,0
Indexing.writesQueuedMin,1788938457070000000,1788938517070000000,0
Indexing.writer_1.totalTimeSpentWritingMs,1788938457070000000,1788938517070000000,0
Indexing.writer_0.totalTimeSpentWritingMs,1788938457070000000,1788938517070000000,0
Indexing.writesQueuedMax,1788938457070000000,1788938517070000000,0
Indexing.cache.totalCacheMisses,1788938457070000000,1788938517070000000,0
Indexing.cache.totalCacheAccesses,1788938457070000000,1788938517070000000,0
Indexing.writer_2.totalTimeSpentWritingMs,1788938457070000000,1788938517070000000,0
Indexing.cache.totalCacheEvicted,1788938457070000000,1788938517070000000,0
Indexing.totalTimeIndexersSleptMs,1788938457070000000,1788938517070000000,0
Indexing.writesQueuedAvg,1788938457070000000,1788938517070000000,0.0
Indexing.writer_3.totalTimeSpentWritingMs,1788938457070000000,1788938517070000000,0
FilePageCache.WAL.flushesForcedByOverflow,1788938457070000000,1788938517070000000,0
MappedFileStorage.storages,1788938457070000000,1788938517070000000,8
StorageLockContext.competingThreads.90P,1788938457070000000,1788938517070000000,0
FilePageCache.pageFastCacheHits,1788938457070000000,1788938517070000000,180
DirectByteBufferAllocator.reclaimed,1788938457070000000,1788938517070000000,0
FilePageCache.WAL.bytesCopiedByApplyUnfinished,1788938457070000000,1788938517070000000,0
FilePageCache.totalBytesStored,1788938457070000000,1788938517070000000,960
StreamlinedBlobStorage.recordsAllocated,1788938457070000000,1788938517070000000,0
DirectByteBufferAllocator.hits,1788938457070000000,1788938517070000000,0
StorageLockContext.competingThreads.max,1788938457070000000,1788938517070000000,0
DirectByteBufferAllocator.totalSizeOfBuffersCachedInBytes,1788938457070000000,1788938517070000000,41959424
FilePageCache.WAL.entriesFlushed,1788938457070000000,1788938517070000000,0
FilePageCache.totalPageStoresUs,1788938457070000000,1788938517070000000,8906
DirectByteBufferAllocator.misses,1788938457070000000,1788938517070000000,0
FilePageCache.WAL.entriesFlushedOnRead,1788938457070000000,1788938517070000000,0
MappedFileStorage.totalBytesMapped,1788938457070000000,1788938517070000000,232783872
FilePageCache.pageHits,1788938457070000000,1788938517070000000,0
FilePageCache.capacityInBytes,1788938457070000000,1788938517070000000,629145600
MappedFileStorage.totalPagesMapped,1788938457070000000,1788938517070000000,8
StreamlinedBlobStorage.totalLiveRecordsPayloadBytes,1788938457070000000,1788938517070000000,0
FilePageCache.totalPageDisposalsUs,1788938457070000000,1788938517070000000,0
StreamlinedBlobStorage.recordsRelocated,1788938457070000000,1788938517070000000,0
FilePageCache.totalPageLoadsUs,1788938457070000000,1788938517070000000,0
FilePageCache.WAL.entriesFlushedOnForce,1788938457070000000,1788938517070000000,0
FilePageCache.pageLoads,1788938457070000000,1788938517070000000,0
FileChannelInterruptsRetryer.totalRetriedAttempts,1788938457070000000,1788938517070000000,0
StreamlinedBlobStorage.totalLiveRecordsCapacityBytes,1788938457070000000,1788938517070000000,0
FilePageCache.WAL.entriesFlushedOnClose,1788938457070000000,1788938517070000000,0
FilePageCache.disposedBuffers,1788938457070000000,1788938517070000000,0
FilePageCache.uncachedFileAccess,1788938457070000000,1788938517070000000,60
FilePageCache.WAL.bytesQueued,1788938457070000000,1788938517070000000,0
StorageLockContext.competingThreads.avg,1788938457070000000,1788938517070000000,0.0
DirectByteBufferAllocator.disposed,1788938457070000000,1788938517070000000,0
FilePageCache.maxCacheSizeInBytes,1788938457070000000,1788938517070000000,400564224
MappedFileStorage.totalTimeSpentOnMappingUs,1788938457070000000,1788938517070000000,179239
StreamlinedBlobStorage.recordsDeleted,1788938457070000000,1788938517070000000,0
FilePageCache.WAL.entriesFlushedOnTruncate,1788938457070000000,1788938517070000000,0
DirectByteBufferAllocator.totalSizeOfBuffersAllocatedInBytes,1788938457070000000,1788938517070000000,400564224
FilePageCache.pageLoadsAboveSizeThreshold,1788938457070000000,1788938517070000000,0
FilePageCache.maxRegisteredFiles,1788938457070000000,1788938517070000000,1072
cacheStateStorage.set.counter,1788938457070000000,1788938517070000000,0
cacheStateStorage.get.counter,1788938457070000000,1788938517070000000,0
cacheStateStorage.get.duration,1788938457070000000,1788938517070000000,0
cacheStateStorage.set.duration,1788938457070000000,1788938517070000000,0
jps.global.initialize.library.bridges.ms,1788938457070000000,1788938517070000000,0
workspaceModel.mutableEntityStorage.changeLog.addReplaceEventForRemovedChild.ms,1788938457070000000,1788938517070000000,0
jps.app.storage.content.reader.load.component.ms,1788938457070000000,1788938517070000000,0
workspaceModel.mutableEntityStorage.put.entity.ms,1788938457070000000,1788938517070000000,0
workspaceModel.global.apply.state.to.project.builder.ms,1788938457070000000,1788938517070000000,0
workspaceModel.mutableEntityStorage.remove.entity.ms,1788938457070000000,1788938517070000000,0
workspaceModel.mutableEntityStorage.entities.by.source.ms,1788938457070000000,1788938517070000000,0
workspaceModel.mutableEntityStorage.collect.changes.ms,1788938457070000000,1788938517070000000,0
workspaceModel.mutableEntityStorage.instances.count,1788938457070000000,1788938517070000000,0
workspaceModel.mutableEntityStorage.changeLog.addReplaceEventForNewChild.ms,1788938457070000000,1788938517070000000,0
workspaceModel.global.updates.ms,1788938457070000000,1788938517070000000,0
jps.load.initial.state.ms,1788938457070000000,1788938517070000000,0
workspaceModel.mutableEntityStorage.add.entity.ms,1788938457070000000,1788938517070000000,0
workspaceModel.mutableEntityStorage.mutable.vfurl.index.ms,1788938457070000000,1788938517070000000,0
workspaceModel.load.cache.metadata.from.file.ms,1788938457070000000,1788938517070000000,0
workspaceModel.mutableEntityStorage.has.same.entities.ms,1788938457070000000,1788938517070000000,0
workspaceModel.mutableEntityStorage.mutable.ext.mapping.ms,1788938457070000000,1788938517070000000,0
jps.global.get.library.ms,1788938457070000000,1788938517070000000,0
workspaceModel.mutableEntityStorage.entities.ms,1788938457070000000,1788938517070000000,0
workspaceModel.mutableEntityStorage.to.snapshot.ms,1788938457070000000,1788938517070000000,0
workspaceModel.mutableEntityStorage.referrers.ms,1788938457070000000,1788938517070000000,0
jps.global.get.libraries.ms,1788938457070000000,1788938517070000000,0
jps.global.handle.before.change.events.ms,1788938457070000000,1788938517070000000,0
jps.global.handle.changed.events.ms,1788938457070000000,1788938517070000000,0
workspaceModel.save.cache.to.file.ms,1788938457070000000,1788938517070000000,0
jps.global.initialize.library.bridges.after.loading.ms,1788938457070000000,1788938517070000000,0
jps.library.entities.serializer.save.entities.ms,1788938457070000000,1788938517070000000,0
workspaceModel.mutableEntityStorage.modify.entity.ms,1788938457070000000,1788938517070000000,0
workspaceModel.mutableEntityStorage.changeLog.addReplaceEventForNewParent.ms,1788938457070000000,1788938517070000000,0
workspaceModel.load.cache.from.file.ms,1788938457070000000,1788938517070000000,0
jps.save.global.entities.ms,1788938457070000000,1788938517070000000,0
workspaceModel.mutableEntityStorage.hasReferrers.ms,1788938457070000000,1788938517070000000,0
jps.library.entities.serializer.load.entities.ms,1788938457070000000,1788938517070000000,0
workspaceModel.mutableEntityStorage.changeLog.addReplaceEventForRemovedParent.ms,1788938457070000000,1788938517070000000,0
workspaceModel.mutableEntityStorage.apply.changes.from.ms,1788938457070000000,1788938517070000000,0
workspaceModel.mutableEntityStorage.replace.by.source.ms,1788938457070000000,1788938517070000000,0
workspaceModel.mutableEntityStorage.resolve.ms,1788938457070000000,1788938517070000000,0
workspaceModel.global.updates.count,1788938457070000000,1788938517070000000,0
workspaceModel.sync.entities.ms,1788938457070000000,1788938517070000000,0
workspaceModel.global.apply.state.to.project.ms,1788938457070000000,1788938517070000000,0
jps.global.get.library.by.name.ms,1788938457070000000,1788938517070000000,0
jps.app.storage.content.writer.save.component.ms,1788938457070000000,1788938517070000000,0
workspaceModel.entityStorageSnapshotImpl.instances.count,1788938457070000000,1788938517070000000,0
writeAction.median.wait.ms,1788938457070000000,1788938517070000000,0
writeAction.wait.ms,1788938457070000000,1788938517070000000,0
writeAction.max.wait.ms,1788938457070000000,1788938517070000000,1
writeAction.count,1788938457070000000,1788938517070000000,0
FlushQueue.waitingTime90PNs,1788938517070000000,1788938577070000000,0
ReadAction.executionsCount,1788938517070000000,1788938577070000000,60
FlushQueue.executionTime90PNs,1788938517070000000,1788938577070000000,0
FlushQueue.queueSize90P,1788938517070000000,1788938577070000000,0
FlushQueue.queueSizeMax,1788938517070000000,1788938577070000000,0
AWTEventQueue.dispatchTime90PNs,1788938517070000000,1788938577070000000,105983
FlushQueue.queueSizeAvg,1788938517070000000,1788938577070000000,0.0
FlushQueue.waitingTimeMaxNs,1788938517070000000,1788938577070000000,0
WriteAction.executionsCount,1788938517070000000,1788938577070000000,0
AWTEventQueue.dispatchTimeMaxNs,1788938517070000000,1788938577070000000,189439
FlushQueue.tasksExecuted,1788938517070000000,1788938577070000000,0
FlushQueue.executionTimeMaxNs,1788938517070000000,1788938577070000000,0
FlushQueue.executionTimeAvgNs,1788938517070000000,1788938577070000000,0.0
AWTEventQueue.eventsDispatched,1788938517070000000,1788938577070000000,179
FlushQueue.waitingTimeAvgNs,1788938517070000000,1788938577070000000,0.0
AWTEventQueue.dispatchTimeTotalNS,1788938517070000000,1788938577070000000,14687541
AWTEventQueue.dispatchTimeAvgNs,1788938517070000000,1788938577070000000,82040.84916201117
VFS.contentStorage.recordsRead,1788938517070000000,1788938577070000000,0
VFS.cache.filesCreated,1788938517070000000,1788938577070000000,0
VFS.ContentWriter.totalTimeSpentOnAsyncOperationsUs,1788938517070000000,1788938577070000000,0
VFS.ContentWriter.totalTasksExecutedSync,1788938517070000000,1788938577070000000,0
VFS.contentStorage.recordsStoredSize,1788938517070000000,1788938577070000000,0
VFS.invertedFileNameIndex.requests,1788938517070000000,1788938577070000000,0
VFS.folderCaseSensitivityReads,1788938517070000000,1788938577070000000,0
FileNameCache.queries,1788938517070000000,1788938577070000000,0
VFS.contentStorage.recordsReadSize,1788938517070000000,1788938577070000000,0
VFS.contentStorage.recordsStoredCompressed,1788938517070000000,1788938577070000000,0
VFS.contentStorage.recordsReadDecompressed,1788938517070000000,1788938577070000000,0
VFS.fileChildByName,1788938517070000000,1788938577070000000,0
VFS.contentStorage.recordsDecompressionTimeUs,1788938517070000000,1788938577070000000,0
FileNameCache.totalMisses,1788938517070000000,1788938577070000000,0
VFS.contentStorage.recordsDeduplicated,1788938517070000000,1788938577070000000,0
VFS.fileByIdCache.hits,1788938517070000000,1788938577070000000,0
VFS.contentStorage.recordsStored,1788938517070000000,1788938577070000000,0
VFS.contentStorage.recordsUncompressedSize,1788938517070000000,1788938577070000000,0
VFS.fileByIdCache.misses,1788938517070000000,1788938577070000000,0
VFS.cache.segments,1788938517070000000,1788938577070000000,0
VFS.cache.segmentsCreated,1788938517070000000,1788938577070000000,0
VFS.ContentWriter.totalTimeSpentOnSyncOperationsUs,1788938517070000000,1788938577070000000,0
VFS.ContentWriter.totalFlushes,1788938517070000000,1788938577070000000,0
VFS.ContentWriter.totalTasksExecutedAsync,1788938517070000000,1788938577070000000,0
VFS.rootsCount,1788938517070000000,1788938577070000000,0.0
VFS.cache.directoriesCreated,1788938517070000000,1788938577070000000,0
Indexing.writesQueuedMin,1788938517070000000,1788938577070000000,0
Indexing.writer_1.totalTimeSpentWritingMs,1788938517070000000,1788938577070000000,0
Indexing.writer_0.totalTimeSpentWritingMs,1788938517070000000,1788938577070000000,0
Indexing.writesQueuedMax,1788938517070000000,1788938577070000000,0
Indexing.cache.totalCacheMisses,1788938517070000000,1788938577070000000,0
Indexing.cache.totalCacheAccesses,1788938517070000000,1788938577070000000,0
Indexing.writer_2.totalTimeSpentWritingMs,1788938517070000000,1788938577070000000,0
Indexing.cache.totalCacheEvicted,1788938517070000000,1788938577070000000,0
Indexing.totalTimeIndexersSleptMs,1788938517070000000,1788938577070000000,0
Indexing.writesQueuedAvg,1788938517070000000,1788938577070000000,0.0
Indexing.writer_3.totalTimeSpentWritingMs,1788938517070000000,1788938577070000000,0
FilePageCache.WAL.flushesForcedByOverflow,1788938517070000000,1788938577070000000,0
MappedFileStorage.storages,1788938517070000000,1788938577070000000,8
StorageLockContext.competingThreads.90P,1788938517070000000,1788938577070000000,0
FilePageCache.pageFastCacheHits,1788938517070000000,1788938577070000000,177
DirectByteBufferAllocator.reclaimed,1788938517070000000,1788938577070000000,0
FilePageCache.WAL.bytesCopiedByApplyUnfinished,1788938517070000000,1788938577070000000,0
FilePageCache.totalBytesStored,1788938517070000000,1788938577070000000,944
StreamlinedBlobStorage.recordsAllocated,1788938517070000000,1788938577070000000,0
DirectByteBufferAllocator.hits,1788938517070000000,1788938577070000000,0
StorageLockContext.competingThreads.max,1788938517070000000,1788938577070000000,0
DirectByteBufferAllocator.totalSizeOfBuffersCachedInBytes,1788938517070000000,1788938577070000000,41959424
FilePageCache.WAL.entriesFlushed,1788938517070000000,1788938577070000000,0
FilePageCache.totalPageStoresUs,1788938517070000000,1788938577070000000,8736
DirectByteBufferAllocator.misses,1788938517070000000,1788938577070000000,0
FilePageCache.WAL.entriesFlushedOnRead,1788938517070000000,1788938577070000000,0
MappedFileStorage.totalBytesMapped,1788938517070000000,1788938577070000000,232783872
FilePageCache.pageHits,1788938517070000000,1788938577070000000,0
FilePageCache.capacityInBytes,1788938517070000000,1788938577070000000,629145600
MappedFileStorage.totalPagesMapped,1788938517070000000,1788938577070000000,8
StreamlinedBlobStorage.totalLiveRecordsPayloadBytes,1788938517070000000,1788938577070000000,0
FilePageCache.totalPageDisposalsUs,1788938517070000000,1788938577070000000,0
StreamlinedBlobStorage.recordsRelocated,1788938517070000000,1788938577070000000,0
FilePageCache.totalPageLoadsUs,1788938517070000000,1788938577070000000,0
FilePageCache.WAL.entriesFlushedOnForce,1788938517070000000,1788938577070000000,0
FilePageCache.pageLoads,1788938517070000000,1788938577070000000,0
FileChannelInterruptsRetryer.totalRetriedAttempts,1788938517070000000,1788938577070000000,0
StreamlinedBlobStorage.totalLiveRecordsCapacityBytes,1788938517070000000,1788938577070000000,0
FilePageCache.WAL.entriesFlushedOnClose,1788938517070000000,1788938577070000000,0
FilePageCache.disposedBuffers,1788938517070000000,1788938577070000000,0
FilePageCache.uncachedFileAccess,1788938517070000000,1788938577070000000,59
FilePageCache.WAL.bytesQueued,1788938517070000000,1788938577070000000,0
StorageLockContext.competingThreads.avg,1788938517070000000,1788938577070000000,0.0
DirectByteBufferAllocator.disposed,1788938517070000000,1788938577070000000,0
FilePageCache.maxCacheSizeInBytes,1788938517070000000,1788938577070000000,400564224
MappedFileStorage.totalTimeSpentOnMappingUs,1788938517070000000,1788938577070000000,179239
StreamlinedBlobStorage.recordsDeleted,1788938517070000000,1788938577070000000,0
FilePageCache.WAL.entriesFlushedOnTruncate,1788938517070000000,1788938577070000000,0
DirectByteBufferAllocator.totalSizeOfBuffersAllocatedInBytes,1788938517070000000,1788938577070000000,400564224
FilePageCache.pageLoadsAboveSizeThreshold,1788938517070000000,1788938577070000000,0
FilePageCache.maxRegisteredFiles,1788938517070000000,1788938577070000000,1072
cacheStateStorage.set.counter,1788938517070000000,1788938577070000000,0
cacheStateStorage.get.counter,1788938517070000000,1788938577070000000,0
cacheStateStorage.get.duration,1788938517070000000,1788938577070000000,0
cacheStateStorage.set.duration,1788938517070000000,1788938577070000000,0
jps.global.initialize.library.bridges.ms,1788938517070000000,1788938577070000000,0
workspaceModel.mutableEntityStorage.changeLog.addReplaceEventForRemovedChild.ms,1788938517070000000,1788938577070000000,0
jps.app.storage.content.reader.load.component.ms,1788938517070000000,1788938577070000000,0
workspaceModel.mutableEntityStorage.put.entity.ms,1788938517070000000,1788938577070000000,0
workspaceModel.global.apply.state.to.project.builder.ms,1788938517070000000,1788938577070000000,0
workspaceModel.mutableEntityStorage.remove.entity.ms,1788938517070000000,1788938577070000000,0
workspaceModel.mutableEntityStorage.entities.by.source.ms,1788938517070000000,1788938577070000000,0
workspaceModel.mutableEntityStorage.collect.changes.ms,1788938517070000000,1788938577070000000,0
workspaceModel.mutableEntityStorage.instances.count,1788938517070000000,1788938577070000000,0
workspaceModel.mutableEntityStorage.changeLog.addReplaceEventForNewChild.ms,1788938517070000000,1788938577070000000,0
workspaceModel.global.updates.ms,1788938517070000000,1788938577070000000,0
jps.load.initial.state.ms,1788938517070000000,1788938577070000000,0
workspaceModel.mutableEntityStorage.add.entity.ms,1788938517070000000,1788938577070000000,0
workspaceModel.mutableEntityStorage.mutable.vfurl.index.ms,1788938517070000000,1788938577070000000,0
workspaceModel.load.cache.metadata.from.file.ms,1788938517070000000,1788938577070000000,0
workspaceModel.mutableEntityStorage.has.same.entities.ms,1788938517070000000,1788938577070000000,0
workspaceModel.mutableEntityStorage.mutable.ext.mapping.ms,1788938517070000000,1788938577070000000,0
jps.global.get.library.ms,1788938517070000000,1788938577070000000,0
workspaceModel.mutableEntityStorage.entities.ms,1788938517070000000,1788938577070000000,0
workspaceModel.mutableEntityStorage.to.snapshot.ms,1788938517070000000,1788938577070000000,0
workspaceModel.mutableEntityStorage.referrers.ms,1788938517070000000,1788938577070000000,0
jps.global.get.libraries.ms,1788938517070000000,1788938577070000000,0
jps.global.handle.before.change.events.ms,1788938517070000000,1788938577070000000,0
jps.global.handle.changed.events.ms,1788938517070000000,1788938577070000000,0
workspaceModel.save.cache.to.file.ms,1788938517070000000,1788938577070000000,0
jps.global.initialize.library.bridges.after.loading.ms,1788938517070000000,1788938577070000000,0
jps.library.entities.serializer.save.entities.ms,1788938517070000000,1788938577070000000,0
workspaceModel.mutableEntityStorage.modify.entity.ms,1788938517070000000,1788938577070000000,0
workspaceModel.mutableEntityStorage.changeLog.addReplaceEventForNewParent.ms,1788938517070000000,1788938577070000000,0
workspaceModel.load.cache.from.file.ms,1788938517070000000,1788938577070000000,0
jps.save.global.entities.ms,1788938517070000000,1788938577070000000,0
workspaceModel.mutableEntityStorage.hasReferrers.ms,1788938517070000000,1788938577070000000,0
jps.library.entities.serializer.load.entities.ms,1788938517070000000,1788938577070000000,0
workspaceModel.mutableEntityStorage.changeLog.addReplaceEventForRemovedParent.ms,1788938517070000000,1788938577070000000,0
workspaceModel.mutableEntityStorage.apply.changes.from.ms,1788938517070000000,1788938577070000000,0
workspaceModel.mutableEntityStorage.replace.by.source.ms,1788938517070000000,1788938577070000000,0
workspaceModel.mutableEntityStorage.resolve.ms,1788938517070000000,1788938577070000000,0
workspaceModel.global.updates.count,1788938517070000000,1788938577070000000,0
workspaceModel.sync.entities.ms,1788938517070000000,1788938577070000000,0
workspaceModel.global.apply.state.to.project.ms,1788938517070000000,1788938577070000000,0
jps.global.get.library.by.name.ms,1788938517070000000,1788938577070000000,0
jps.app.storage.content.writer.save.component.ms,1788938517070000000,1788938577070000000,0
workspaceModel.entityStorageSnapshotImpl.instances.count,1788938517070000000,1788938577070000000,0
writeAction.median.wait.ms,1788938517070000000,1788938577070000000,0
writeAction.wait.ms,1788938517070000000,1788938577070000000,0
writeAction.max.wait.ms,1788938517070000000,1788938577070000000,1
writeAction.count,1788938517070000000,1788938577070000000,0
FlushQueue.waitingTime90PNs,1788938577070000000,1788938637070000000,0
ReadAction.executionsCount,1788938577070000000,1788938637070000000,60
FlushQueue.executionTime90PNs,1788938577070000000,1788938637070000000,0
FlushQueue.queueSize90P,1788938577070000000,1788938637070000000,0
FlushQueue.queueSizeMax,1788938577070000000,1788938637070000000,0
AWTEventQueue.dispatchTime90PNs,1788938577070000000,1788938637070000000,110079
FlushQueue.queueSizeAvg,1788938577070000000,1788938637070000000,0.0
FlushQueue.waitingTimeMaxNs,1788938577070000000,1788938637070000000,0
WriteAction.executionsCount,1788938577070000000,1788938637070000000,0
AWTEventQueue.dispatchTimeMaxNs,1788938577070000000,1788938637070000000,147455
FlushQueue.tasksExecuted,1788938577070000000,1788938637070000000,0
FlushQueue.executionTimeMaxNs,1788938577070000000,1788938637070000000,0
FlushQueue.executionTimeAvgNs,1788938577070000000,1788938637070000000,0.0
AWTEventQueue.eventsDispatched,1788938577070000000,1788938637070000000,180
FlushQueue.waitingTimeAvgNs,1788938577070000000,1788938637070000000,0.0
AWTEventQueue.dispatchTimeTotalNS,1788938577070000000,1788938637070000000,15893253
AWTEventQueue.dispatchTimeAvgNs,1788938577070000000,1788938637070000000,88290.84444444445
VFS.contentStorage.recordsRead,1788938577070000000,1788938637070000000,0
VFS.cache.filesCreated,1788938577070000000,1788938637070000000,0
VFS.ContentWriter.totalTimeSpentOnAsyncOperationsUs,1788938577070000000,1788938637070000000,0
VFS.ContentWriter.totalTasksExecutedSync,1788938577070000000,1788938637070000000,0
VFS.contentStorage.recordsStoredSize,1788938577070000000,1788938637070000000,0
VFS.invertedFileNameIndex.requests,1788938577070000000,1788938637070000000,0
VFS.folderCaseSensitivityReads,1788938577070000000,1788938637070000000,0
FileNameCache.queries,1788938577070000000,1788938637070000000,0
VFS.contentStorage.recordsReadSize,1788938577070000000,1788938637070000000,0
VFS.contentStorage.recordsStoredCompressed,1788938577070000000,1788938637070000000,0
VFS.contentStorage.recordsReadDecompressed,1788938577070000000,1788938637070000000,0
VFS.fileChildByName,1788938577070000000,1788938637070000000,0
VFS.contentStorage.recordsDecompressionTimeUs,1788938577070000000,1788938637070000000,0
FileNameCache.totalMisses,1788938577070000000,1788938637070000000,0
VFS.contentStorage.recordsDeduplicated,1788938577070000000,1788938637070000000,0
VFS.fileByIdCache.hits,1788938577070000000,1788938637070000000,0
VFS.contentStorage.recordsStored,1788938577070000000,1788938637070000000,0
VFS.contentStorage.recordsUncompressedSize,1788938577070000000,1788938637070000000,0
VFS.fileByIdCache.misses,1788938577070000000,1788938637070000000,0
VFS.cache.segments,1788938577070000000,1788938637070000000,0
VFS.cache.segmentsCreated,1788938577070000000,1788938637070000000,0
VFS.ContentWriter.totalTimeSpentOnSyncOperationsUs,1788938577070000000,1788938637070000000,0
VFS.ContentWriter.totalFlushes,1788938577070000000,1788938637070000000,0
VFS.ContentWriter.totalTasksExecutedAsync,1788938577070000000,1788938637070000000,0
VFS.rootsCount,1788938577070000000,1788938637070000000,0.0
VFS.cache.directoriesCreated,1788938577070000000,1788938637070000000,0
Indexing.writesQueuedMin,1788938577070000000,1788938637070000000,0
Indexing.writer_1.totalTimeSpentWritingMs,1788938577070000000,1788938637070000000,0
Indexing.writer_0.totalTimeSpentWritingMs,1788938577070000000,1788938637070000000,0
Indexing.writesQueuedMax,1788938577070000000,1788938637070000000,0
Indexing.cache.totalCacheMisses,1788938577070000000,1788938637070000000,0
Indexing.cache.totalCacheAccesses,1788938577070000000,1788938637070000000,0
Indexing.writer_2.totalTimeSpentWritingMs,1788938577070000000,1788938637070000000,0
Indexing.cache.totalCacheEvicted,1788938577070000000,1788938637070000000,0
Indexing.totalTimeIndexersSleptMs,1788938577070000000,1788938637070000000,0
Indexing.writesQueuedAvg,1788938577070000000,1788938637070000000,0.0
Indexing.writer_3.totalTimeSpentWritingMs,1788938577070000000,1788938637070000000,0
FilePageCache.WAL.flushesForcedByOverflow,1788938577070000000,1788938637070000000,0
MappedFileStorage.storages,1788938577070000000,1788938637070000000,8
StorageLockContext.competingThreads.90P,1788938577070000000,1788938637070000000,0
FilePageCache.pageFastCacheHits,1788938577070000000,1788938637070000000,180
DirectByteBufferAllocator.reclaimed,1788938577070000000,1788938637070000000,0
FilePageCache.WAL.bytesCopiedByApplyUnfinished,1788938577070000000,1788938637070000000,0
FilePageCache.totalBytesStored,1788938577070000000,1788938637070000000,960
StreamlinedBlobStorage.recordsAllocated,1788938577070000000,1788938637070000000,0
DirectByteBufferAllocator.hits,1788938577070000000,1788938637070000000,0
StorageLockContext.competingThreads.max,1788938577070000000,1788938637070000000,0
DirectByteBufferAllocator.totalSizeOfBuffersCachedInBytes,1788938577070000000,1788938637070000000,41959424
FilePageCache.WAL.entriesFlushed,1788938577070000000,1788938637070000000,0
FilePageCache.totalPageStoresUs,1788938577070000000,1788938637070000000,8594
DirectByteBufferAllocator.misses,1788938577070000000,1788938637070000000,0
FilePageCache.WAL.entriesFlushedOnRead,1788938577070000000,1788938637070000000,0
MappedFileStorage.totalBytesMapped,1788938577070000000,1788938637070000000,232783872
FilePageCache.pageHits,1788938577070000000,1788938637070000000,0
FilePageCache.capacityInBytes,1788938577070000000,1788938637070000000,629145600
MappedFileStorage.totalPagesMapped,1788938577070000000,1788938637070000000,8
StreamlinedBlobStorage.totalLiveRecordsPayloadBytes,1788938577070000000,1788938637070000000,0
FilePageCache.totalPageDisposalsUs,1788938577070000000,1788938637070000000,0
StreamlinedBlobStorage.recordsRelocated,1788938577070000000,1788938637070000000,0
FilePageCache.totalPageLoadsUs,1788938577070000000,1788938637070000000,0
FilePageCache.WAL.entriesFlushedOnForce,1788938577070000000,1788938637070000000,0
FilePageCache.pageLoads,1788938577070000000,1788938637070000000,0
FileChannelInterruptsRetryer.totalRetriedAttempts,1788938577070000000,1788938637070000000,0
StreamlinedBlobStorage.totalLiveRecordsCapacityBytes,1788938577070000000,1788938637070000000,0
FilePageCache.WAL.entriesFlushedOnClose,1788938577070000000,1788938637070000000,0
FilePageCache.disposedBuffers,1788938577070000000,1788938637070000000,0
FilePageCache.uncachedFileAccess,1788938577070000000,1788938637070000000,60
FilePageCache.WAL.bytesQueued,1788938577070000000,1788938637070000000,0
StorageLockContext.competingThreads.avg,1788938577070000000,1788938637070000000,0.0
DirectByteBufferAllocator.disposed,1788938577070000000,1788938637070000000,0
FilePageCache.maxCacheSizeInBytes,1788938577070000000,1788938637070000000,400564224
MappedFileStorage.totalTimeSpentOnMappingUs,1788938577070000000,1788938637070000000,179239
StreamlinedBlobStorage.recordsDeleted,1788938577070000000,1788938637070000000,0
FilePageCache.WAL.entriesFlushedOnTruncate,1788938577070000000,1788938637070000000,0
DirectByteBufferAllocator.totalSizeOfBuffersAllocatedInBytes,1788938577070000000,1788938637070000000,400564224
FilePageCache.pageLoadsAboveSizeThreshold,1788938577070000000,1788938637070000000,0
FilePageCache.maxRegisteredFiles,1788938577070000000,1788938637070000000,1072
cacheStateStorage.set.counter,1788938577070000000,1788938637070000000,0
cacheStateStorage.get.counter,1788938577070000000,1788938637070000000,0
cacheStateStorage.get.duration,1788938577070000000,1788938637070000000,0
cacheStateStorage.set.duration,1788938577070000000,1788938637070000000,0
jps.global.initialize.library.bridges.ms,1788938577070000000,1788938637070000000,0
workspaceModel.mutableEntityStorage.changeLog.addReplaceEventForRemovedChild.ms,1788938577070000000,1788938637070000000,0
jps.app.storage.content.reader.load.component.ms,1788938577070000000,1788938637070000000,0
workspaceModel.mutableEntityStorage.put.entity.ms,1788938577070000000,1788938637070000000,0
workspaceModel.global.apply.state.to.project.builder.ms,1788938577070000000,1788938637070000000,0
workspaceModel.mutableEntityStorage.remove.entity.ms,1788938577070000000,1788938637070000000,0
workspaceModel.mutableEntityStorage.entities.by.source.ms,1788938577070000000,1788938637070000000,0
workspaceModel.mutableEntityStorage.collect.changes.ms,1788938577070000000,1788938637070000000,0
workspaceModel.mutableEntityStorage.instances.count,1788938577070000000,1788938637070000000,0
workspaceModel.mutableEntityStorage.changeLog.addReplaceEventForNewChild.ms,1788938577070000000,1788938637070000000,0
workspaceModel.global.updates.ms,1788938577070000000,1788938637070000000,0
jps.load.initial.state.ms,1788938577070000000,1788938637070000000,0
workspaceModel.mutableEntityStorage.add.entity.ms,1788938577070000000,1788938637070000000,0
workspaceModel.mutableEntityStorage.mutable.vfurl.index.ms,1788938577070000000,1788938637070000000,0
workspaceModel.load.cache.metadata.from.file.ms,1788938577070000000,1788938637070000000,0
workspaceModel.mutableEntityStorage.has.same.entities.ms,1788938577070000000,1788938637070000000,0
workspaceModel.mutableEntityStorage.mutable.ext.mapping.ms,1788938577070000000,1788938637070000000,0
jps.global.get.library.ms,1788938577070000000,1788938637070000000,0
workspaceModel.mutableEntityStorage.entities.ms,1788938577070000000,1788938637070000000,0
workspaceModel.mutableEntityStorage.to.snapshot.ms,1788938577070000000,1788938637070000000,0
workspaceModel.mutableEntityStorage.referrers.ms,1788938577070000000,1788938637070000000,0
jps.global.get.libraries.ms,1788938577070000000,1788938637070000000,0
jps.global.handle.before.change.events.ms,1788938577070000000,1788938637070000000,0
jps.global.handle.changed.events.ms,1788938577070000000,1788938637070000000,0
workspaceModel.save.cache.to.file.ms,1788938577070000000,1788938637070000000,0
jps.global.initialize.library.bridges.after.loading.ms,1788938577070000000,1788938637070000000,0
jps.library.entities.serializer.save.entities.ms,1788938577070000000,1788938637070000000,0
workspaceModel.mutableEntityStorage.modify.entity.ms,1788938577070000000,1788938637070000000,0
workspaceModel.mutableEntityStorage.changeLog.addReplaceEventForNewParent.ms,1788938577070000000,1788938637070000000,0
workspaceModel.load.cache.from.file.ms,1788938577070000000,1788938637070000000,0
jps.save.global.entities.ms,1788938577070000000,1788938637070000000,0
workspaceModel.mutableEntityStorage.hasReferrers.ms,1788938577070000000,1788938637070000000,0
jps.library.entities.serializer.load.entities.ms,1788938577070000000,1788938637070000000,0
workspaceModel.mutableEntityStorage.changeLog.addReplaceEventForRemovedParent.ms,1788938577070000000,1788938637070000000,0
workspaceModel.mutableEntityStorage.apply.changes.from.ms,1788938577070000000,1788938637070000000,0
workspaceModel.mutableEntityStorage.replace.by.source.ms,1788938577070000000,1788938637070000000,0
workspaceModel.mutableEntityStorage.resolve.ms,1788938577070000000,1788938637070000000,0
workspaceModel.global.updates.count,1788938577070000000,1788938637070000000,0
workspaceModel.sync.entities.ms,1788938577070000000,1788938637070000000,0
workspaceModel.global.apply.state.to.project.ms,1788938577070000000,1788938637070000000,0
jps.global.get.library.by.name.ms,1788938577070000000,1788938637070000000,0
jps.app.storage.content.writer.save.component.ms,1788938577070000000,1788938637070000000,0
workspaceModel.entityStorageSnapshotImpl.instances.count,1788938577070000000,1788938637070000000,0
writeAction.median.wait.ms,1788938577070000000,1788938637070000000,0
writeAction.wait.ms,1788938577070000000,1788938637070000000,0
writeAction.max.wait.ms,1788938577070000000,1788938637070000000,1
writeAction.count,1788938577070000000,1788938637070000000,0
FlushQueue.waitingTime90PNs,1788938637070000000,1788938697070000000,0
ReadAction.executionsCount,1788938637070000000,1788938697070000000,60
FlushQueue.executionTime90PNs,1788938637070000000,1788938697070000000,0
FlushQueue.queueSize90P,1788938637070000000,1788938697070000000,0
FlushQueue.queueSizeMax,1788938637070000000,1788938697070000000,0
AWTEventQueue.dispatchTime90PNs,1788938637070000000,1788938697070000000,124415
FlushQueue.queueSizeAvg,1788938637070000000,1788938697070000000,0.0
FlushQueue.waitingTimeMaxNs,1788938637070000000,1788938697070000000,0
WriteAction.executionsCount,1788938637070000000,1788938697070000000,0
AWTEventQueue.dispatchTimeMaxNs,1788938637070000000,1788938697070000000,395263
FlushQueue.tasksExecuted,1788938637070000000,1788938697070000000,0
FlushQueue.executionTimeMaxNs,1788938637070000000,1788938697070000000,0
FlushQueue.executionTimeAvgNs,1788938637070000000,1788938697070000000,0.0
AWTEventQueue.eventsDispatched,1788938637070000000,1788938697070000000,180
FlushQueue.waitingTimeAvgNs,1788938637070000000,1788938697070000000,0.0
AWTEventQueue.dispatchTimeTotalNS,1788938637070000000,1788938697070000000,18561909
AWTEventQueue.dispatchTimeAvgNs,1788938637070000000,1788938697070000000,103118.93333333333
VFS.contentStorage.recordsRead,1788938637070000000,1788938697070000000,0
VFS.cache.filesCreated,1788938637070000000,1788938697070000000,0
VFS.ContentWriter.totalTimeSpentOnAsyncOperationsUs,1788938637070000000,1788938697070000000,0
VFS.ContentWriter.totalTasksExecutedSync,1788938637070000000,1788938697070000000,0
VFS.contentStorage.recordsStoredSize,1788938637070000000,1788938697070000000,0
VFS.invertedFileNameIndex.requests,1788938637070000000,1788938697070000000,0
VFS.folderCaseSensitivityReads,1788938637070000000,1788938697070000000,0
FileNameCache.queries,1788938637070000000,1788938697070000000,0
VFS.contentStorage.recordsReadSize,1788938637070000000,1788938697070000000,0
VFS.contentStorage.recordsStoredCompressed,1788938637070000000,1788938697070000000,0
VFS.contentStorage.recordsReadDecompressed,1788938637070000000,1788938697070000000,0
VFS.fileChildByName,1788938637070000000,1788938697070000000,0
VFS.contentStorage.recordsDecompressionTimeUs,1788938637070000000,1788938697070000000,0
FileNameCache.totalMisses,1788938637070000000,1788938697070000000,0
VFS.contentStorage.recordsDeduplicated,1788938637070000000,1788938697070000000,0
VFS.fileByIdCache.hits,1788938637070000000,1788938697070000000,0
VFS.contentStorage.recordsStored,1788938637070000000,1788938697070000000,0
VFS.contentStorage.recordsUncompressedSize,1788938637070000000,1788938697070000000,0
VFS.fileByIdCache.misses,1788938637070000000,1788938697070000000,0
VFS.cache.segments,1788938637070000000,1788938697070000000,0
VFS.cache.segmentsCreated,1788938637070000000,1788938697070000000,0
VFS.ContentWriter.totalTimeSpentOnSyncOperationsUs,1788938637070000000,1788938697070000000,0
VFS.ContentWriter.totalFlushes,1788938637070000000,1788938697070000000,0
VFS.ContentWriter.totalTasksExecutedAsync,1788938637070000000,1788938697070000000,0
VFS.rootsCount,1788938637070000000,1788938697070000000,0.0
VFS.cache.directoriesCreated,1788938637070000000,1788938697070000000,0
Indexing.writesQueuedMin,1788938637070000000,1788938697070000000,0
Indexing.writer_1.totalTimeSpentWritingMs,1788938637070000000,1788938697070000000,0
Indexing.writer_0.totalTimeSpentWritingMs,1788938637070000000,1788938697070000000,0
Indexing.writesQueuedMax,1788938637070000000,1788938697070000000,0
Indexing.cache.totalCacheMisses,1788938637070000000,1788938697070000000,0
Indexing.cache.totalCacheAccesses,1788938637070000000,1788938697070000000,0
Indexing.writer_2.totalTimeSpentWritingMs,1788938637070000000,1788938697070000000,0
Indexing.cache.totalCacheEvicted,1788938637070000000,1788938697070000000,0
Indexing.totalTimeIndexersSleptMs,1788938637070000000,1788938697070000000,0
Indexing.writesQueuedAvg,1788938637070000000,1788938697070000000,0.0
Indexing.writer_3.totalTimeSpentWritingMs,1788938637070000000,1788938697070000000,0
FilePageCache.WAL.flushesForcedByOverflow,1788938637070000000,1788938697070000000,0
MappedFileStorage.storages,1788938637070000000,1788938697070000000,8
StorageLockContext.competingThreads.90P,1788938637070000000,1788938697070000000,0
FilePageCache.pageFastCacheHits,1788938637070000000,1788938697070000000,180
DirectByteBufferAllocator.reclaimed,1788938637070000000,1788938697070000000,0
FilePageCache.WAL.bytesCopiedByApplyUnfinished,1788938637070000000,1788938697070000000,0
FilePageCache.totalBytesStored,1788938637070000000,1788938697070000000,960
StreamlinedBlobStorage.recordsAllocated,1788938637070000000,1788938697070000000,0
DirectByteBufferAllocator.hits,1788938637070000000,1788938697070000000,0
StorageLockContext.competingThreads.max,1788938637070000000,1788938697070000000,0
DirectByteBufferAllocator.totalSizeOfBuffersCachedInBytes,1788938637070000000,1788938697070000000,41959424
FilePageCache.WAL.entriesFlushed,1788938637070000000,1788938697070000000,0
FilePageCache.totalPageStoresUs,1788938637070000000,1788938697070000000,8854
DirectByteBufferAllocator.misses,1788938637070000000,1788938697070000000,0
FilePageCache.WAL.entriesFlushedOnRead,1788938637070000000,1788938697070000000,0
MappedFileStorage.totalBytesMapped,1788938637070000000,1788938697070000000,232783872
FilePageCache.pageHits,1788938637070000000,1788938697070000000,0
FilePageCache.capacityInBytes,1788938637070000000,1788938697070000000,629145600
MappedFileStorage.totalPagesMapped,1788938637070000000,1788938697070000000,8
StreamlinedBlobStorage.totalLiveRecordsPayloadBytes,1788938637070000000,1788938697070000000,0
FilePageCache.totalPageDisposalsUs,1788938637070000000,1788938697070000000,0
StreamlinedBlobStorage.recordsRelocated,1788938637070000000,1788938697070000000,0
FilePageCache.totalPageLoadsUs,1788938637070000000,1788938697070000000,0
FilePageCache.WAL.entriesFlushedOnForce,1788938637070000000,1788938697070000000,0
FilePageCache.pageLoads,1788938637070000000,1788938697070000000,0
FileChannelInterruptsRetryer.totalRetriedAttempts,1788938637070000000,1788938697070000000,0
StreamlinedBlobStorage.totalLiveRecordsCapacityBytes,1788938637070000000,1788938697070000000,0
FilePageCache.WAL.entriesFlushedOnClose,1788938637070000000,1788938697070000000,0
FilePageCache.disposedBuffers,1788938637070000000,1788938697070000000,0
FilePageCache.uncachedFileAccess,1788938637070000000,1788938697070000000,60
FilePageCache.WAL.bytesQueued,1788938637070000000,1788938697070000000,0
StorageLockContext.competingThreads.avg,1788938637070000000,1788938697070000000,0.0
DirectByteBufferAllocator.disposed,1788938637070000000,1788938697070000000,0
FilePageCache.maxCacheSizeInBytes,1788938637070000000,1788938697070000000,400564224
MappedFileStorage.totalTimeSpentOnMappingUs,1788938637070000000,1788938697070000000,179239
StreamlinedBlobStorage.recordsDeleted,1788938637070000000,1788938697070000000,0
FilePageCache.WAL.entriesFlushedOnTruncate,1788938637070000000,1788938697070000000,0
DirectByteBufferAllocator.totalSizeOfBuffersAllocatedInBytes,1788938637070000000,1788938697070000000,400564224
FilePageCache.pageLoadsAboveSizeThreshold,1788938637070000000,1788938697070000000,0
FilePageCache.maxRegisteredFiles,1788938637070000000,1788938697070000000,1072
cacheStateStorage.set.counter,1788938637070000000,1788938697070000000,0
cacheStateStorage.get.counter,1788938637070000000,1788938697070000000,0
cacheStateStorage.get.duration,1788938637070000000,1788938697070000000,0
cacheStateStorage.set.duration,1788938637070000000,1788938697070000000,0
jps.global.initialize.library.bridges.ms,1788938637070000000,1788938697070000000,0
workspaceModel.mutableEntityStorage.changeLog.addReplaceEventForRemovedChild.ms,1788938637070000000,1788938697070000000,0
jps.app.storage.content.reader.load.component.ms,1788938637070000000,1788938697070000000,0
workspaceModel.mutableEntityStorage.put.entity.ms,1788938637070000000,1788938697070000000,0
workspaceModel.global.apply.state.to.project.builder.ms,1788938637070000000,1788938697070000000,0
workspaceModel.mutableEntityStorage.remove.entity.ms,1788938637070000000,1788938697070000000,0
workspaceModel.mutableEntityStorage.entities.by.source.ms,1788938637070000000,1788938697070000000,0
workspaceModel.mutableEntityStorage.collect.changes.ms,1788938637070000000,1788938697070000000,0
workspaceModel.mutableEntityStorage.instances.count,1788938637070000000,1788938697070000000,0
workspaceModel.mutableEntityStorage.changeLog.addReplaceEventForNewChild.ms,1788938637070000000,1788938697070000000,0
workspaceModel.global.updates.ms,1788938637070000000,1788938697070000000,0
jps.load.initial.state.ms,1788938637070000000,1788938697070000000,0
workspaceModel.mutableEntityStorage.add.entity.ms,1788938637070000000,1788938697070000000,0
workspaceModel.mutableEntityStorage.mutable.vfurl.index.ms,1788938637070000000,1788938697070000000,0
workspaceModel.load.cache.metadata.from.file.ms,1788938637070000000,1788938697070000000,0
workspaceModel.mutableEntityStorage.has.same.entities.ms,1788938637070000000,1788938697070000000,0
workspaceModel.mutableEntityStorage.mutable.ext.mapping.ms,1788938637070000000,1788938697070000000,0
jps.global.get.library.ms,1788938637070000000,1788938697070000000,0
workspaceModel.mutableEntityStorage.entities.ms,1788938637070000000,1788938697070000000,0
workspaceModel.mutableEntityStorage.to.snapshot.ms,1788938637070000000,1788938697070000000,0
workspaceModel.mutableEntityStorage.referrers.ms,1788938637070000000,1788938697070000000,0
jps.global.get.libraries.ms,1788938637070000000,1788938697070000000,0
jps.global.handle.before.change.events.ms,1788938637070000000,1788938697070000000,0
jps.global.handle.changed.events.ms,1788938637070000000,1788938697070000000,0
workspaceModel.save.cache.to.file.ms,1788938637070000000,1788938697070000000,0
jps.global.initialize.library.bridges.after.loading.ms,1788938637070000000,1788938697070000000,0
jps.library.entities.serializer.save.entities.ms,1788938637070000000,1788938697070000000,0
workspaceModel.mutableEntityStorage.modify.entity.ms,1788938637070000000,1788938697070000000,0
workspaceModel.mutableEntityStorage.changeLog.addReplaceEventForNewParent.ms,1788938637070000000,1788938697070000000,0
workspaceModel.load.cache.from.file.ms,1788938637070000000,1788938697070000000,0
jps.save.global.entities.ms,1788938637070000000,1788938697070000000,0
workspaceModel.mutableEntityStorage.hasReferrers.ms,1788938637070000000,1788938697070000000,0
jps.library.entities.serializer.load.entities.ms,1788938637070000000,1788938697070000000,0
workspaceModel.mutableEntityStorage.changeLog.addReplaceEventForRemovedParent.ms,1788938637070000000,1788938697070000000,0
workspaceModel.mutableEntityStorage.apply.changes.from.ms,1788938637070000000,1788938697070000000,0
workspaceModel.mutableEntityStorage.replace.by.source.ms,1788938637070000000,1788938697070000000,0
workspaceModel.mutableEntityStorage.resolve.ms,1788938637070000000,1788938697070000000,0
workspaceModel.global.updates.count,1788938637070000000,1788938697070000000,0
workspaceModel.sync.entities.ms,1788938637070000000,1788938697070000000,0
workspaceModel.global.apply.state.to.project.ms,1788938637070000000,1788938697070000000,0
jps.global.get.library.by.name.ms,1788938637070000000,1788938697070000000,0
jps.app.storage.content.writer.save.component.ms,1788938637070000000,1788938697070000000,0
workspaceModel.entityStorageSnapshotImpl.instances.count,1788938637070000000,1788938697070000000,0
writeAction.median.wait.ms,1788938637070000000,1788938697070000000,0
writeAction.wait.ms,1788938637070000000,1788938697070000000,0
writeAction.max.wait.ms,1788938637070000000,1788938697070000000,1
writeAction.count,1788938637070000000,1788938697070000000,0
FlushQueue.waitingTime90PNs,1788938697070000000,1788938757070000000,0
ReadAction.executionsCount,1788938697070000000,1788938757070000000,60
FlushQueue.executionTime90PNs,1788938697070000000,1788938757070000000,0
FlushQueue.queueSize90P,1788938697070000000,1788938757070000000,0
FlushQueue.queueSizeMax,1788938697070000000,1788938757070000000,0
AWTEventQueue.dispatchTime90PNs,1788938697070000000,1788938757070000000,117759
FlushQueue.queueSizeAvg,1788938697070000000,1788938757070000000,0.0
FlushQueue.waitingTimeMaxNs,1788938697070000000,1788938757070000000,0
WriteAction.executionsCount,1788938697070000000,1788938757070000000,0
AWTEventQueue.dispatchTimeMaxNs,1788938697070000000,1788938757070000000,280575
FlushQueue.tasksExecuted,1788938697070000000,1788938757070000000,0
FlushQueue.executionTimeMaxNs,1788938697070000000,1788938757070000000,0
FlushQueue.executionTimeAvgNs,1788938697070000000,1788938757070000000,0.0
AWTEventQueue.eventsDispatched,1788938697070000000,1788938757070000000,180
FlushQueue.waitingTimeAvgNs,1788938697070000000,1788938757070000000,0.0
AWTEventQueue.dispatchTimeTotalNS,1788938697070000000,1788938757070000000,17335462
AWTEventQueue.dispatchTimeAvgNs,1788938697070000000,1788938757070000000,96302.22222222222
VFS.contentStorage.recordsRead,1788938697070000000,1788938757070000000,0
VFS.cache.filesCreated,1788938697070000000,1788938757070000000,0
VFS.ContentWriter.totalTimeSpentOnAsyncOperationsUs,1788938697070000000,1788938757070000000,0
VFS.ContentWriter.totalTasksExecutedSync,1788938697070000000,1788938757070000000,0
VFS.contentStorage.recordsStoredSize,1788938697070000000,1788938757070000000,0
VFS.invertedFileNameIndex.requests,1788938697070000000,1788938757070000000,0
VFS.folderCaseSensitivityReads,1788938697070000000,1788938757070000000,0
FileNameCache.queries,1788938697070000000,1788938757070000000,0
VFS.contentStorage.recordsReadSize,1788938697070000000,1788938757070000000,0
VFS.contentStorage.recordsStoredCompressed,1788938697070000000,1788938757070000000,0
VFS.contentStorage.recordsReadDecompressed,1788938697070000000,1788938757070000000,0
VFS.fileChildByName,1788938697070000000,1788938757070000000,0
VFS.contentStorage.recordsDecompressionTimeUs,1788938697070000000,1788938757070000000,0
FileNameCache.totalMisses,1788938697070000000,1788938757070000000,0
VFS.contentStorage.recordsDeduplicated,1788938697070000000,1788938757070000000,0
VFS.fileByIdCache.hits,1788938697070000000,1788938757070000000,0
VFS.contentStorage.recordsStored,1788938697070000000,1788938757070000000,0
VFS.contentStorage.recordsUncompressedSize,1788938697070000000,1788938757070000000,0
VFS.fileByIdCache.misses,1788938697070000000,1788938757070000000,0
VFS.cache.segments,1788938697070000000,1788938757070000000,0
VFS.cache.segmentsCreated,1788938697070000000,1788938757070000000,0
VFS.ContentWriter.totalTimeSpentOnSyncOperationsUs,1788938697070000000,1788938757070000000,0
VFS.ContentWriter.totalFlushes,1788938697070000000,1788938757070000000,0
VFS.ContentWriter.totalTasksExecutedAsync,1788938697070000000,1788938757070000000,0
VFS.rootsCount,1788938697070000000,1788938757070000000,0.0
VFS.cache.directoriesCreated,1788938697070000000,1788938757070000000,0
Indexing.writesQueuedMin,1788938697070000000,1788938757070000000,0
Indexing.writer_1.totalTimeSpentWritingMs,1788938697070000000,1788938757070000000,0
Indexing.writer_0.totalTimeSpentWritingMs,1788938697070000000,1788938757070000000,0
Indexing.writesQueuedMax,1788938697070000000,1788938757070000000,0
Indexing.cache.totalCacheMisses,1788938697070000000,1788938757070000000,0
Indexing.cache.totalCacheAccesses,1788938697070000000,1788938757070000000,0
Indexing.writer_2.totalTimeSpentWritingMs,1788938697070000000,1788938757070000000,0
Indexing.cache.totalCacheEvicted,1788938697070000000,1788938757070000000,0
Indexing.totalTimeIndexersSleptMs,1788938697070000000,1788938757070000000,0
Indexing.writesQueuedAvg,1788938697070000000,1788938757070000000,0.0
Indexing.writer_3.totalTimeSpentWritingMs,1788938697070000000,1788938757070000000,0
FilePageCache.WAL.flushesForcedByOverflow,1788938697070000000,1788938757070000000,0
MappedFileStorage.storages,1788938697070000000,1788938757070000000,8
StorageLockContext.competingThreads.90P,1788938697070000000,1788938757070000000,0
FilePageCache.pageFastCacheHits,1788938697070000000,1788938757070000000,180
DirectByteBufferAllocator.reclaimed,1788938697070000000,1788938757070000000,0
FilePageCache.WAL.bytesCopiedByApplyUnfinished,1788938697070000000,1788938757070000000,0
FilePageCache.totalBytesStored,1788938697070000000,1788938757070000000,960
StreamlinedBlobStorage.recordsAllocated,1788938697070000000,1788938757070000000,0
DirectByteBufferAllocator.hits,1788938697070000000,1788938757070000000,0
StorageLockContext.competingThreads.max,1788938697070000000,1788938757070000000,0
DirectByteBufferAllocator.totalSizeOfBuffersCachedInBytes,1788938697070000000,1788938757070000000,41959424
FilePageCache.WAL.entriesFlushed,1788938697070000000,1788938757070000000,0
FilePageCache.totalPageStoresUs,1788938697070000000,1788938757070000000,8729
DirectByteBufferAllocator.misses,1788938697070000000,1788938757070000000,0
FilePageCache.WAL.entriesFlushedOnRead,1788938697070000000,1788938757070000000,0
MappedFileStorage.totalBytesMapped,1788938697070000000,1788938757070000000,232783872
FilePageCache.pageHits,1788938697070000000,1788938757070000000,0
FilePageCache.capacityInBytes,1788938697070000000,1788938757070000000,629145600
MappedFileStorage.totalPagesMapped,1788938697070000000,1788938757070000000,8
StreamlinedBlobStorage.totalLiveRecordsPayloadBytes,1788938697070000000,1788938757070000000,0
FilePageCache.totalPageDisposalsUs,1788938697070000000,1788938757070000000,0
StreamlinedBlobStorage.recordsRelocated,1788938697070000000,1788938757070000000,0
FilePageCache.totalPageLoadsUs,1788938697070000000,1788938757070000000,0
FilePageCache.WAL.entriesFlushedOnForce,1788938697070000000,1788938757070000000,0
FilePageCache.pageLoads,1788938697070000000,1788938757070000000,0
FileChannelInterruptsRetryer.totalRetriedAttempts,1788938697070000000,1788938757070000000,0
StreamlinedBlobStorage.totalLiveRecordsCapacityBytes,1788938697070000000,1788938757070000000,0
FilePageCache.WAL.entriesFlushedOnClose,1788938697070000000,1788938757070000000,0
FilePageCache.disposedBuffers,1788938697070000000,1788938757070000000,0
FilePageCache.uncachedFileAccess,1788938697070000000,1788938757070000000,60
FilePageCache.WAL.bytesQueued,1788938697070000000,1788938757070000000,0
StorageLockContext.competingThreads.avg,1788938697070000000,1788938757070000000,0.0
DirectByteBufferAllocator.disposed,1788938697070000000,1788938757070000000,0
FilePageCache.maxCacheSizeInBytes,1788938697070000000,1788938757070000000,400564224
MappedFileStorage.totalTimeSpentOnMappingUs,1788938697070000000,1788938757070000000,179239
StreamlinedBlobStorage.recordsDeleted,1788938697070000000,1788938757070000000,0
FilePageCache.WAL.entriesFlushedOnTruncate,1788938697070000000,1788938757070000000,0
DirectByteBufferAllocator.totalSizeOfBuffersAllocatedInBytes,1788938697070000000,1788938757070000000,400564224
FilePageCache.pageLoadsAboveSizeThreshold,1788938697070000000,1788938757070000000,0
FilePageCache.maxRegisteredFiles,1788938697070000000,1788938757070000000,1072
cacheStateStorage.set.counter,1788938697070000000,1788938757070000000,0
cacheStateStorage.get.counter,1788938697070000000,1788938757070000000,0
cacheStateStorage.get.duration,1788938697070000000,1788938757070000000,0
cacheStateStorage.set.duration,1788938697070000000,1788938757070000000,0
jps.global.initialize.library.bridges.ms,1788938697070000000,1788938757070000000,0
workspaceModel.mutableEntityStorage.changeLog.addReplaceEventForRemovedChild.ms,1788938697070000000,1788938757070000000,0
jps.app.storage.content.reader.load.component.ms,1788938697070000000,1788938757070000000,0
workspaceModel.mutableEntityStorage.put.entity.ms,1788938697070000000,1788938757070000000,0
workspaceModel.global.apply.state.to.project.builder.ms,1788938697070000000,1788938757070000000,0
workspaceModel.mutableEntityStorage.remove.entity.ms,1788938697070000000,1788938757070000000,0
workspaceModel.mutableEntityStorage.entities.by.source.ms,1788938697070000000,1788938757070000000,0
workspaceModel.mutableEntityStorage.collect.changes.ms,1788938697070000000,1788938757070000000,0
workspaceModel.mutableEntityStorage.instances.count,1788938697070000000,1788938757070000000,0
workspaceModel.mutableEntityStorage.changeLog.addReplaceEventForNewChild.ms,1788938697070000000,1788938757070000000,0
workspaceModel.global.updates.ms,1788938697070000000,1788938757070000000,0
jps.load.initial.state.ms,1788938697070000000,1788938757070000000,0
workspaceModel.mutableEntityStorage.add.entity.ms,1788938697070000000,1788938757070000000,0
workspaceModel.mutableEntityStorage.mutable.vfurl.index.ms,1788938697070000000,1788938757070000000,0
workspaceModel.load.cache.metadata.from.file.ms,1788938697070000000,1788938757070000000,0
workspaceModel.mutableEntityStorage.has.same.entities.ms,1788938697070000000,1788938757070000000,0
workspaceModel.mutableEntityStorage.mutable.ext.mapping.ms,1788938697070000000,1788938757070000000,0
jps.global.get.library.ms,1788938697070000000,1788938757070000000,0
workspaceModel.mutableEntityStorage.entities.ms,1788938697070000000,1788938757070000000,0
workspaceModel.mutableEntityStorage.to.snapshot.ms,1788938697070000000,1788938757070000000,0
workspaceModel.mutableEntityStorage.referrers.ms,1788938697070000000,1788938757070000000,0
jps.global.get.libraries.ms,1788938697070000000,1788938757070000000,0
jps.global.handle.before.change.events.ms,1788938697070000000,1788938757070000000,0
jps.global.handle.changed.events.ms,1788938697070000000,1788938757070000000,0
workspaceModel.save.cache.to.file.ms,1788938697070000000,1788938757070000000,0
jps.global.initialize.library.bridges.after.loading.ms,1788938697070000000,1788938757070000000,0
jps.library.entities.serializer.save.entities.ms,1788938697070000000,1788938757070000000,0
workspaceModel.mutableEntityStorage.modify.entity.ms,1788938697070000000,1788938757070000000,0
workspaceModel.mutableEntityStorage.changeLog.addReplaceEventForNewParent.ms,1788938697070000000,1788938757070000000,0
workspaceModel.load.cache.from.file.ms,1788938697070000000,1788938757070000000,0
jps.save.global.entities.ms,1788938697070000000,1788938757070000000,0
workspaceModel.mutableEntityStorage.hasReferrers.ms,1788938697070000000,1788938757070000000,0
jps.library.entities.serializer.load.entities.ms,1788938697070000000,1788938757070000000,0
workspaceModel.mutableEntityStorage.changeLog.addReplaceEventForRemovedParent.ms,1788938697070000000,1788938757070000000,0
workspaceModel.mutableEntityStorage.apply.changes.from.ms,1788938697070000000,1788938757070000000,0
workspaceModel.mutableEntityStorage.replace.by.source.ms,1788938697070000000,1788938757070000000,0
workspaceModel.mutableEntityStorage.resolve.ms,1788938697070000000,1788938757070000000,0
workspaceModel.global.updates.count,1788938697070000000,1788938757070000000,0
workspaceModel.sync.entities.ms,1788938697070000000,1788938757070000000,0
workspaceModel.global.apply.state.to.project.ms,1788938697070000000,1788938757070000000,0
jps.global.get.library.by.name.ms,1788938697070000000,1788938757070000000,0
jps.app.storage.content.writer.save.component.ms,1788938697070000000,1788938757070000000,0
workspaceModel.entityStorageSnapshotImpl.instances.count,1788938697070000000,1788938757070000000,0
writeAction.median.wait.ms,1788938697070000000,1788938757070000000,0
writeAction.wait.ms,1788938697070000000,1788938757070000000,0
writeAction.max.wait.ms,1788938697070000000,1788938757070000000,1
writeAction.count,1788938697070000000,1788938757070000000,0
FlushQueue.waitingTime90PNs,1788938757070000000,1788938817070000000,0
ReadAction.executionsCount,1788938757070000000,1788938817070000000,60
FlushQueue.executionTime90PNs,1788938757070000000,1788938817070000000,0
FlushQueue.queueSize90P,1788938757070000000,1788938817070000000,0
FlushQueue.queueSizeMax,1788938757070000000,1788938817070000000,0
AWTEventQueue.dispatchTime90PNs,1788938757070000000,1788938817070000000,103935
FlushQueue.queueSizeAvg,1788938757070000000,1788938817070000000,0.0
FlushQueue.waitingTimeMaxNs,1788938757070000000,1788938817070000000,0
WriteAction.executionsCount,1788938757070000000,1788938817070000000,0
AWTEventQueue.dispatchTimeMaxNs,1788938757070000000,1788938817070000000,319487
FlushQueue.tasksExecuted,1788938757070000000,1788938817070000000,0
FlushQueue.executionTimeMaxNs,1788938757070000000,1788938817070000000,0
FlushQueue.executionTimeAvgNs,1788938757070000000,1788938817070000000,0.0
AWTEventQueue.eventsDispatched,1788938757070000000,1788938817070000000,180
FlushQueue.waitingTimeAvgNs,1788938757070000000,1788938817070000000,0.0
AWTEventQueue.dispatchTimeTotalNS,1788938757070000000,1788938817070000000,15582133
AWTEventQueue.dispatchTimeAvgNs,1788938757070000000,1788938817070000000,86580.62222222223
VFS.contentStorage.recordsRead,1788938757070000000,1788938817070000000,0
VFS.cache.filesCreated,1788938757070000000,1788938817070000000,0
VFS.ContentWriter.totalTimeSpentOnAsyncOperationsUs,1788938757070000000,1788938817070000000,0
VFS.ContentWriter.totalTasksExecutedSync,1788938757070000000,1788938817070000000,0
VFS.contentStorage.recordsStoredSize,1788938757070000000,1788938817070000000,0
VFS.invertedFileNameIndex.requests,1788938757070000000,1788938817070000000,0
VFS.folderCaseSensitivityReads,1788938757070000000,1788938817070000000,0
FileNameCache.queries,1788938757070000000,1788938817070000000,0
VFS.contentStorage.recordsReadSize,1788938757070000000,1788938817070000000,0
VFS.contentStorage.recordsStoredCompressed,1788938757070000000,1788938817070000000,0
VFS.contentStorage.recordsReadDecompressed,1788938757070000000,1788938817070000000,0
VFS.fileChildByName,1788938757070000000,1788938817070000000,0
VFS.contentStorage.recordsDecompressionTimeUs,1788938757070000000,1788938817070000000,0
FileNameCache.totalMisses,1788938757070000000,1788938817070000000,0
VFS.contentStorage.recordsDeduplicated,1788938757070000000,1788938817070000000,0
VFS.fileByIdCache.hits,1788938757070000000,1788938817070000000,0
VFS.contentStorage.recordsStored,1788938757070000000,1788938817070000000,0
VFS.contentStorage.recordsUncompressedSize,1788938757070000000,1788938817070000000,0
VFS.fileByIdCache.misses,1788938757070000000,1788938817070000000,0
VFS.cache.segments,1788938757070000000,1788938817070000000,0
VFS.cache.segmentsCreated,1788938757070000000,1788938817070000000,0
VFS.ContentWriter.totalTimeSpentOnSyncOperationsUs,1788938757070000000,1788938817070000000,0
VFS.ContentWriter.totalFlushes,1788938757070000000,1788938817070000000,0
VFS.ContentWriter.totalTasksExecutedAsync,1788938757070000000,1788938817070000000,0
VFS.rootsCount,1788938757070000000,1788938817070000000,0.0
VFS.cache.directoriesCreated,1788938757070000000,1788938817070000000,0
Indexing.writesQueuedMin,1788938757070000000,1788938817070000000,0
Indexing.writer_1.totalTimeSpentWritingMs,1788938757070000000,1788938817070000000,0
Indexing.writer_0.totalTimeSpentWritingMs,1788938757070000000,1788938817070000000,0
Indexing.writesQueuedMax,1788938757070000000,1788938817070000000,0
Indexing.cache.totalCacheMisses,1788938757070000000,1788938817070000000,0
Indexing.cache.totalCacheAccesses,1788938757070000000,1788938817070000000,0
Indexing.writer_2.totalTimeSpentWritingMs,1788938757070000000,1788938817070000000,0
Indexing.cache.totalCacheEvicted,1788938757070000000,1788938817070000000,0
Indexing.totalTimeIndexersSleptMs,1788938757070000000,1788938817070000000,0
Indexing.writesQueuedAvg,1788938757070000000,1788938817070000000,0.0
Indexing.writer_3.totalTimeSpentWritingMs,1788938757070000000,1788938817070000000,0
FilePageCache.WAL.flushesForcedByOverflow,1788938757070000000,1788938817070000000,0
MappedFileStorage.storages,1788938757070000000,1788938817070000000,8
StorageLockContext.competingThreads.90P,1788938757070000000,1788938817070000000,0
FilePageCache.pageFastCacheHits,1788938757070000000,1788938817070000000,180
DirectByteBufferAllocator.reclaimed,1788938757070000000,1788938817070000000,0
FilePageCache.WAL.bytesCopiedByApplyUnfinished,1788938757070000000,1788938817070000000,0
FilePageCache.totalBytesStored,1788938757070000000,1788938817070000000,960
StreamlinedBlobStorage.recordsAllocated,1788938757070000000,1788938817070000000,0
DirectByteBufferAllocator.hits,1788938757070000000,1788938817070000000,0
StorageLockContext.competingThreads.max,1788938757070000000,1788938817070000000,0
DirectByteBufferAllocator.totalSizeOfBuffersCachedInBytes,1788938757070000000,1788938817070000000,41959424
FilePageCache.WAL.entriesFlushed,1788938757070000000,1788938817070000000,0
FilePageCache.totalPageStoresUs,1788938757070000000,1788938817070000000,8622
DirectByteBufferAllocator.misses,1788938757070000000,1788938817070000000,0
FilePageCache.WAL.entriesFlushedOnRead,1788938757070000000,1788938817070000000,0
MappedFileStorage.totalBytesMapped,1788938757070000000,1788938817070000000,232783872
FilePageCache.pageHits,1788938757070000000,1788938817070000000,0
FilePageCache.capacityInBytes,1788938757070000000,1788938817070000000,629145600
MappedFileStorage.totalPagesMapped,1788938757070000000,1788938817070000000,8
StreamlinedBlobStorage.totalLiveRecordsPayloadBytes,1788938757070000000,1788938817070000000,0
FilePageCache.totalPageDisposalsUs,1788938757070000000,1788938817070000000,0
StreamlinedBlobStorage.recordsRelocated,1788938757070000000,1788938817070000000,0
FilePageCache.totalPageLoadsUs,1788938757070000000,1788938817070000000,0
FilePageCache.WAL.entriesFlushedOnForce,1788938757070000000,1788938817070000000,0
FilePageCache.pageLoads,1788938757070000000,1788938817070000000,0
FileChannelInterruptsRetryer.totalRetriedAttempts,1788938757070000000,1788938817070000000,0
StreamlinedBlobStorage.totalLiveRecordsCapacityBytes,1788938757070000000,1788938817070000000,0
FilePageCache.WAL.entriesFlushedOnClose,1788938757070000000,1788938817070000000,0
FilePageCache.disposedBuffers,1788938757070000000,1788938817070000000,0
FilePageCache.uncachedFileAccess,1788938757070000000,1788938817070000000,60
FilePageCache.WAL.bytesQueued,1788938757070000000,1788938817070000000,0
StorageLockContext.competingThreads.avg,1788938757070000000,1788938817070000000,0.0
DirectByteBufferAllocator.disposed,1788938757070000000,1788938817070000000,0
FilePageCache.maxCacheSizeInBytes,1788938757070000000,1788938817070000000,400564224
MappedFileStorage.totalTimeSpentOnMappingUs,1788938757070000000,1788938817070000000,179239
StreamlinedBlobStorage.recordsDeleted,1788938757070000000,1788938817070000000,0
FilePageCache.WAL.entriesFlushedOnTruncate,1788938757070000000,1788938817070000000,0
DirectByteBufferAllocator.totalSizeOfBuffersAllocatedInBytes,1788938757070000000,1788938817070000000,400564224
FilePageCache.pageLoadsAboveSizeThreshold,1788938757070000000,1788938817070000000,0
FilePageCache.maxRegisteredFiles,1788938757070000000,1788938817070000000,1072
cacheStateStorage.set.counter,1788938757070000000,1788938817070000000,0
cacheStateStorage.get.counter,1788938757070000000,1788938817070000000,0
cacheStateStorage.get.duration,1788938757070000000,1788938817070000000,0
cacheStateStorage.set.duration,1788938757070000000,1788938817070000000,0
jps.global.initialize.library.bridges.ms,1788938757070000000,1788938817070000000,0
workspaceModel.mutableEntityStorage.changeLog.addReplaceEventForRemovedChild.ms,1788938757070000000,1788938817070000000,0
jps.app.storage.content.reader.load.component.ms,1788938757070000000,1788938817070000000,0
workspaceModel.mutableEntityStorage.put.entity.ms,1788938757070000000,1788938817070000000,0
workspaceModel.global.apply.state.to.project.builder.ms,1788938757070000000,1788938817070000000,0
workspaceModel.mutableEntityStorage.remove.entity.ms,1788938757070000000,1788938817070000000,0
workspaceModel.mutableEntityStorage.entities.by.source.ms,1788938757070000000,1788938817070000000,0
workspaceModel.mutableEntityStorage.collect.changes.ms,1788938757070000000,1788938817070000000,0
workspaceModel.mutableEntityStorage.instances.count,1788938757070000000,1788938817070000000,0
workspaceModel.mutableEntityStorage.changeLog.addReplaceEventForNewChild.ms,1788938757070000000,1788938817070000000,0
workspaceModel.global.updates.ms,1788938757070000000,1788938817070000000,0
jps.load.initial.state.ms,1788938757070000000,1788938817070000000,0
workspaceModel.mutableEntityStorage.add.entity.ms,1788938757070000000,1788938817070000000,0
workspaceModel.mutableEntityStorage.mutable.vfurl.index.ms,1788938757070000000,1788938817070000000,0
workspaceModel.load.cache.metadata.from.file.ms,1788938757070000000,1788938817070000000,0
workspaceModel.mutableEntityStorage.has.same.entities.ms,1788938757070000000,1788938817070000000,0
workspaceModel.mutableEntityStorage.mutable.ext.mapping.ms,1788938757070000000,1788938817070000000,0
jps.global.get.library.ms,1788938757070000000,1788938817070000000,0
workspaceModel.mutableEntityStorage.entities.ms,1788938757070000000,1788938817070000000,0
workspaceModel.mutableEntityStorage.to.snapshot.ms,1788938757070000000,1788938817070000000,0
workspaceModel.mutableEntityStorage.referrers.ms,1788938757070000000,1788938817070000000,0
jps.global.get.libraries.ms,1788938757070000000,1788938817070000000,0
jps.global.handle.before.change.events.ms,1788938757070000000,1788938817070000000,0
jps.global.handle.changed.events.ms,1788938757070000000,1788938817070000000,0
workspaceModel.save.cache.to.file.ms,1788938757070000000,1788938817070000000,0
jps.global.initialize.library.bridges.after.loading.ms,1788938757070000000,1788938817070000000,0
jps.library.entities.serializer.save.entities.ms,1788938757070000000,1788938817070000000,0
workspaceModel.mutableEntityStorage.modify.entity.ms,1788938757070000000,1788938817070000000,0
workspaceModel.mutableEntityStorage.changeLog.addReplaceEventForNewParent.ms,1788938757070000000,1788938817070000000,0
workspaceModel.load.cache.from.file.ms,1788938757070000000,1788938817070000000,0
jps.save.global.entities.ms,1788938757070000000,1788938817070000000,0
workspaceModel.mutableEntityStorage.hasReferrers.ms,1788938757070000000,1788938817070000000,0
jps.library.entities.serializer.load.entities.ms,1788938757070000000,1788938817070000000,0
workspaceModel.mutableEntityStorage.changeLog.addReplaceEventForRemovedParent.ms,1788938757070000000,1788938817070000000,0
workspaceModel.mutableEntityStorage.apply.changes.from.ms,1788938757070000000,1788938817070000000,0
workspaceModel.mutableEntityStorage.replace.by.source.ms,1788938757070000000,1788938817070000000,0
workspaceModel.mutableEntityStorage.resolve.ms,1788938757070000000,1788938817070000000,0
workspaceModel.global.updates.count,1788938757070000000,1788938817070000000,0
workspaceModel.sync.entities.ms,1788938757070000000,1788938817070000000,0
workspaceModel.global.apply.state.to.project.ms,1788938757070000000,1788938817070000000,0
jps.global.get.library.by.name.ms,1788938757070000000,1788938817070000000,0
jps.app.storage.content.writer.save.component.ms,1788938757070000000,1788938817070000000,0
workspaceModel.entityStorageSnapshotImpl.instances.count,1788938757070000000,1788938817070000000,0
writeAction.median.wait.ms,1788938757070000000,1788938817070000000,0
writeAction.wait.ms,1788938757070000000,1788938817070000000,0
writeAction.max.wait.ms,1788938757070000000,1788938817070000000,1
writeAction.count,1788938757070000000,1788938817070000000,0
FlushQueue.waitingTime90PNs,1788938817070000000,1788938877070000000,0
ReadAction.executionsCount,1788938817070000000,1788938877070000000,60
FlushQueue.executionTime90PNs,1788938817070000000,1788938877070000000,0
FlushQueue.queueSize90P,1788938817070000000,1788938877070000000,0
FlushQueue.queueSizeMax,1788938817070000000,1788938877070000000,0
AWTEventQueue.dispatchTime90PNs,1788938817070000000,1788938877070000000,104447
FlushQueue.queueSizeAvg,1788938817070000000,1788938877070000000,0.0
FlushQueue.waitingTimeMaxNs,1788938817070000000,1788938877070000000,0
WriteAction.executionsCount,1788938817070000000,1788938877070000000,0
AWTEventQueue.dispatchTimeMaxNs,1788938817070000000,1788938877070000000,137215
FlushQueue.tasksExecuted,1788938817070000000,1788938877070000000,0
FlushQueue.executionTimeMaxNs,1788938817070000000,1788938877070000000,0
FlushQueue.executionTimeAvgNs,1788938817070000000,1788938877070000000,0.0
AWTEventQueue.eventsDispatched,1788938817070000000,1788938877070000000,180
FlushQueue.waitingTimeAvgNs,1788938817070000000,1788938877070000000,0.0
AWTEventQueue.dispatchTimeTotalNS,1788938817070000000,1788938877070000000,15971016
AWTEventQueue.dispatchTimeAvgNs,1788938817070000000,1788938877070000000,88744.53333333334
VFS.contentStorage.recordsRead,1788938817070000000,1788938877070000000,0
VFS.cache.filesCreated,1788938817070000000,1788938877070000000,0
VFS.ContentWriter.totalTimeSpentOnAsyncOperationsUs,1788938817070000000,1788938877070000000,0
VFS.ContentWriter.totalTasksExecutedSync,1788938817070000000,1788938877070000000,0
VFS.contentStorage.recordsStoredSize,1788938817070000000,1788938877070000000,0
VFS.invertedFileNameIndex.requests,1788938817070000000,1788938877070000000,0
VFS.folderCaseSensitivityReads,1788938817070000000,1788938877070000000,0
FileNameCache.queries,1788938817070000000,1788938877070000000,0
VFS.contentStorage.recordsReadSize,1788938817070000000,1788938877070000000,0
VFS.contentStorage.recordsStoredCompressed,1788938817070000000,1788938877070000000,0
VFS.contentStorage.recordsReadDecompressed,1788938817070000000,1788938877070000000,0
VFS.fileChildByName,1788938817070000000,1788938877070000000,0
VFS.contentStorage.recordsDecompressionTimeUs,1788938817070000000,1788938877070000000,0
FileNameCache.totalMisses,1788938817070000000,1788938877070000000,0
VFS.contentStorage.recordsDeduplicated,1788938817070000000,1788938877070000000,0
VFS.fileByIdCache.hits,1788938817070000000,1788938877070000000,0
VFS.contentStorage.recordsStored,1788938817070000000,1788938877070000000,0
VFS.contentStorage.recordsUncompressedSize,1788938817070000000,1788938877070000000,0
VFS.fileByIdCache.misses,1788938817070000000,1788938877070000000,0
VFS.cache.segments,1788938817070000000,1788938877070000000,0
VFS.cache.segmentsCreated,1788938817070000000,1788938877070000000,0
VFS.ContentWriter.totalTimeSpentOnSyncOperationsUs,1788938817070000000,1788938877070000000,0
VFS.ContentWriter.totalFlushes,1788938817070000000,1788938877070000000,0
VFS.ContentWriter.totalTasksExecutedAsync,1788938817070000000,1788938877070000000,0
VFS.rootsCount,1788938817070000000,1788938877070000000,0.0
VFS.cache.directoriesCreated,1788938817070000000,1788938877070000000,0
Indexing.writesQueuedMin,1788938817070000000,1788938877070000000,0
Indexing.writer_1.totalTimeSpentWritingMs,1788938817070000000,1788938877070000000,0
Indexing.writer_0.totalTimeSpentWritingMs,1788938817070000000,1788938877070000000,0
Indexing.writesQueuedMax,1788938817070000000,1788938877070000000,0
Indexing.cache.totalCacheMisses,1788938817070000000,1788938877070000000,0
Indexing.cache.totalCacheAccesses,1788938817070000000,1788938877070000000,0
Indexing.writer_2.totalTimeSpentWritingMs,1788938817070000000,1788938877070000000,0
Indexing.cache.totalCacheEvicted,1788938817070000000,1788938877070000000,0
Indexing.totalTimeIndexersSleptMs,1788938817070000000,1788938877070000000,0
Indexing.writesQueuedAvg,1788938817070000000,1788938877070000000,0.0
Indexing.writer_3.totalTimeSpentWritingMs,1788938817070000000,1788938877070000000,0
FilePageCache.WAL.flushesForcedByOverflow,1788938817070000000,1788938877070000000,0
MappedFileStorage.storages,1788938817070000000,1788938877070000000,8
StorageLockContext.competingThreads.90P,1788938817070000000,1788938877070000000,0
FilePageCache.pageFastCacheHits,1788938817070000000,1788938877070000000,180
DirectByteBufferAllocator.reclaimed,1788938817070000000,1788938877070000000,0
FilePageCache.WAL.bytesCopiedByApplyUnfinished,1788938817070000000,1788938877070000000,0
FilePageCache.totalBytesStored,1788938817070000000,1788938877070000000,960
StreamlinedBlobStorage.recordsAllocated,1788938817070000000,1788938877070000000,0
DirectByteBufferAllocator.hits,1788938817070000000,1788938877070000000,0
StorageLockContext.competingThreads.max,1788938817070000000,1788938877070000000,0
DirectByteBufferAllocator.totalSizeOfBuffersCachedInBytes,1788938817070000000,1788938877070000000,41959424
FilePageCache.WAL.entriesFlushed,1788938817070000000,1788938877070000000,0
FilePageCache.totalPageStoresUs,1788938817070000000,1788938877070000000,8626
DirectByteBufferAllocator.misses,1788938817070000000,1788938877070000000,0
FilePageCache.WAL.entriesFlushedOnRead,1788938817070000000,1788938877070000000,0
MappedFileStorage.totalBytesMapped,1788938817070000000,1788938877070000000,232783872
FilePageCache.pageHits,1788938817070000000,1788938877070000000,0
FilePageCache.capacityInBytes,1788938817070000000,1788938877070000000,629145600
MappedFileStorage.totalPagesMapped,1788938817070000000,1788938877070000000,8
StreamlinedBlobStorage.totalLiveRecordsPayloadBytes,1788938817070000000,1788938877070000000,0
FilePageCache.totalPageDisposalsUs,1788938817070000000,1788938877070000000,0
StreamlinedBlobStorage.recordsRelocated,1788938817070000000,1788938877070000000,0
FilePageCache.totalPageLoadsUs,1788938817070000000,1788938877070000000,0
FilePageCache.WAL.entriesFlushedOnForce,1788938817070000000,1788938877070000000,0
FilePageCache.pageLoads,1788938817070000000,1788938877070000000,0
FileChannelInterruptsRetryer.totalRetriedAttempts,1788938817070000000,1788938877070000000,0
StreamlinedBlobStorage.totalLiveRecordsCapacityBytes,1788938817070000000,1788938877070000000,0
FilePageCache.WAL.entriesFlushedOnClose,1788938817070000000,1788938877070000000,0
FilePageCache.disposedBuffers,1788938817070000000,1788938877070000000,0
FilePageCache.uncachedFileAccess,1788938817070000000,1788938877070000000,60
FilePageCache.WAL.bytesQueued,1788938817070000000,1788938877070000000,0
StorageLockContext.competingThreads.avg,1788938817070000000,1788938877070000000,0.0
DirectByteBufferAllocator.disposed,1788938817070000000,1788938877070000000,0
FilePageCache.maxCacheSizeInBytes,1788938817070000000,1788938877070000000,400564224
MappedFileStorage.totalTimeSpentOnMappingUs,1788938817070000000,1788938877070000000,179239
StreamlinedBlobStorage.recordsDeleted,1788938817070000000,1788938877070000000,0
FilePageCache.WAL.entriesFlushedOnTruncate,1788938817070000000,1788938877070000000,0
DirectByteBufferAllocator.totalSizeOfBuffersAllocatedInBytes,1788938817070000000,1788938877070000000,400564224
FilePageCache.pageLoadsAboveSizeThreshold,1788938817070000000,1788938877070000000,0
FilePageCache.maxRegisteredFiles,1788938817070000000,1788938877070000000,1072
cacheStateStorage.set.counter,1788938817070000000,1788938877070000000,0
cacheStateStorage.get.counter,1788938817070000000,1788938877070000000,0
cacheStateStorage.get.duration,1788938817070000000,1788938877070000000,0
cacheStateStorage.set.duration,1788938817070000000,1788938877070000000,0
jps.global.initialize.library.bridges.ms,1788938817070000000,1788938877070000000,0
workspaceModel.mutableEntityStorage.changeLog.addReplaceEventForRemovedChild.ms,1788938817070000000,1788938877070000000,0
jps.app.storage.content.reader.load.component.ms,1788938817070000000,1788938877070000000,0
workspaceModel.mutableEntityStorage.put.entity.ms,1788938817070000000,1788938877070000000,0
workspaceModel.global.apply.state.to.project.builder.ms,1788938817070000000,1788938877070000000,0
workspaceModel.mutableEntityStorage.remove.entity.ms,1788938817070000000,1788938877070000000,0
workspaceModel.mutableEntityStorage.entities.by.source.ms,1788938817070000000,1788938877070000000,0
workspaceModel.mutableEntityStorage.collect.changes.ms,1788938817070000000,1788938877070000000,0
workspaceModel.mutableEntityStorage.instances.count,1788938817070000000,1788938877070000000,0
workspaceModel.mutableEntityStorage.changeLog.addReplaceEventForNewChild.ms,1788938817070000000,1788938877070000000,0
workspaceModel.global.updates.ms,1788938817070000000,1788938877070000000,0
jps.load.initial.state.ms,1788938817070000000,1788938877070000000,0
workspaceModel.mutableEntityStorage.add.entity.ms,1788938817070000000,1788938877070000000,0
workspaceModel.mutableEntityStorage.mutable.vfurl.index.ms,1788938817070000000,1788938877070000000,0
workspaceModel.load.cache.metadata.from.file.ms,1788938817070000000,1788938877070000000,0
workspaceModel.mutableEntityStorage.has.same.entities.ms,1788938817070000000,1788938877070000000,0
workspaceModel.mutableEntityStorage.mutable.ext.mapping.ms,1788938817070000000,1788938877070000000,0
jps.global.get.library.ms,1788938817070000000,1788938877070000000,0
workspaceModel.mutableEntityStorage.entities.ms,1788938817070000000,1788938877070000000,0
workspaceModel.mutableEntityStorage.to.snapshot.ms,1788938817070000000,1788938877070000000,0
workspaceModel.mutableEntityStorage.referrers.ms,1788938817070000000,1788938877070000000,0
jps.global.get.libraries.ms,1788938817070000000,1788938877070000000,0
jps.global.handle.before.change.events.ms,1788938817070000000,1788938877070000000,0
jps.global.handle.changed.events.ms,1788938817070000000,1788938877070000000,0
workspaceModel.save.cache.to.file.ms,1788938817070000000,1788938877070000000,0
jps.global.initialize.library.bridges.after.loading.ms,1788938817070000000,1788938877070000000,0
jps.library.entities.serializer.save.entities.ms,1788938817070000000,1788938877070000000,0
workspaceModel.mutableEntityStorage.modify.entity.ms,1788938817070000000,1788938877070000000,0
workspaceModel.mutableEntityStorage.changeLog.addReplaceEventForNewParent.ms,1788938817070000000,1788938877070000000,0
workspaceModel.load.cache.from.file.ms,1788938817070000000,1788938877070000000,0
jps.save.global.entities.ms,1788938817070000000,1788938877070000000,0
workspaceModel.mutableEntityStorage.hasReferrers.ms,1788938817070000000,1788938877070000000,0
jps.library.entities.serializer.load.entities.ms,1788938817070000000,1788938877070000000,0
workspaceModel.mutableEntityStorage.changeLog.addReplaceEventForRemovedParent.ms,1788938817070000000,1788938877070000000,0
workspaceModel.mutableEntityStorage.apply.changes.from.ms,1788938817070000000,1788938877070000000,0
workspaceModel.mutableEntityStorage.replace.by.source.ms,1788938817070000000,1788938877070000000,0
workspaceModel.mutableEntityStorage.resolve.ms,1788938817070000000,1788938877070000000,0
workspaceModel.global.updates.count,1788938817070000000,1788938877070000000,0
workspaceModel.sync.entities.ms,1788938817070000000,1788938877070000000,0
workspaceModel.global.apply.state.to.project.ms,1788938817070000000,1788938877070000000,0
jps.global.get.library.by.name.ms,1788938817070000000,1788938877070000000,0
jps.app.storage.content.writer.save.component.ms,1788938817070000000,1788938877070000000,0
workspaceModel.entityStorageSnapshotImpl.instances.count,1788938817070000000,1788938877070000000,0
writeAction.median.wait.ms,1788938817070000000,1788938877070000000,0
writeAction.wait.ms,1788938817070000000,1788938877070000000,0
writeAction.max.wait.ms,1788938817070000000,1788938877070000000,1
writeAction.count,1788938817070000000,1788938877070000000,0
FlushQueue.waitingTime90PNs,1788938877070000000,1788938937070000000,0
ReadAction.executionsCount,1788938877070000000,1788938937070000000,60
FlushQueue.executionTime90PNs,1788938877070000000,1788938937070000000,0
FlushQueue.queueSize90P,1788938877070000000,1788938937070000000,0
FlushQueue.queueSizeMax,1788938877070000000,1788938937070000000,0
AWTEventQueue.dispatchTime90PNs,1788938877070000000,1788938937070000000,119295
FlushQueue.queueSizeAvg,1788938877070000000,1788938937070000000,0.0
FlushQueue.waitingTimeMaxNs,1788938877070000000,1788938937070000000,0
WriteAction.executionsCount,1788938877070000000,1788938937070000000,0
AWTEventQueue.dispatchTimeMaxNs,1788938877070000000,1788938937070000000,311295
FlushQueue.tasksExecuted,1788938877070000000,1788938937070000000,0
FlushQueue.executionTimeMaxNs,1788938877070000000,1788938937070000000,0
FlushQueue.executionTimeAvgNs,1788938877070000000,1788938937070000000,0.0
AWTEventQueue.eventsDispatched,1788938877070000000,1788938937070000000,180
FlushQueue.waitingTimeAvgNs,1788938877070000000,1788938937070000000,0.0
AWTEventQueue.dispatchTimeTotalNS,1788938877070000000,1788938937070000000,17830888
AWTEventQueue.dispatchTimeAvgNs,1788938877070000000,1788938937070000000,99054.93333333333
VFS.contentStorage.recordsRead,1788938877070000000,1788938937070000000,0
VFS.cache.filesCreated,1788938877070000000,1788938937070000000,0
VFS.ContentWriter.totalTimeSpentOnAsyncOperationsUs,1788938877070000000,1788938937070000000,0
VFS.ContentWriter.totalTasksExecutedSync,1788938877070000000,1788938937070000000,0
VFS.contentStorage.recordsStoredSize,1788938877070000000,1788938937070000000,0
VFS.invertedFileNameIndex.requests,1788938877070000000,1788938937070000000,0
VFS.folderCaseSensitivityReads,1788938877070000000,1788938937070000000,0
FileNameCache.queries,1788938877070000000,1788938937070000000,0
VFS.contentStorage.recordsReadSize,1788938877070000000,1788938937070000000,0
VFS.contentStorage.recordsStoredCompressed,1788938877070000000,1788938937070000000,0
VFS.contentStorage.recordsReadDecompressed,1788938877070000000,1788938937070000000,0
VFS.fileChildByName,1788938877070000000,1788938937070000000,0
VFS.contentStorage.recordsDecompressionTimeUs,1788938877070000000,1788938937070000000,0
FileNameCache.totalMisses,1788938877070000000,1788938937070000000,0
VFS.contentStorage.recordsDeduplicated,1788938877070000000,1788938937070000000,0
VFS.fileByIdCache.hits,1788938877070000000,1788938937070000000,0
VFS.contentStorage.recordsStored,1788938877070000000,1788938937070000000,0
VFS.contentStorage.recordsUncompressedSize,1788938877070000000,1788938937070000000,0
VFS.fileByIdCache.misses,1788938877070000000,1788938937070000000,0
VFS.cache.segments,1788938877070000000,1788938937070000000,0
VFS.cache.segmentsCreated,1788938877070000000,1788938937070000000,0
VFS.ContentWriter.totalTimeSpentOnSyncOperationsUs,1788938877070000000,1788938937070000000,0
VFS.ContentWriter.totalFlushes,1788938877070000000,1788938937070000000,0
VFS.ContentWriter.totalTasksExecutedAsync,1788938877070000000,1788938937070000000,0
VFS.rootsCount,1788938877070000000,1788938937070000000,0.0
VFS.cache.directoriesCreated,1788938877070000000,1788938937070000000,0
Indexing.writesQueuedMin,1788938877070000000,1788938937070000000,0
Indexing.writer_1.totalTimeSpentWritingMs,1788938877070000000,1788938937070000000,0
Indexing.writer_0.totalTimeSpentWritingMs,1788938877070000000,1788938937070000000,0
Indexing.writesQueuedMax,1788938877070000000,1788938937070000000,0
Indexing.cache.totalCacheMisses,1788938877070000000,1788938937070000000,0
Indexing.cache.totalCacheAccesses,1788938877070000000,1788938937070000000,0
Indexing.writer_2.totalTimeSpentWritingMs,1788938877070000000,1788938937070000000,0
Indexing.cache.totalCacheEvicted,1788938877070000000,1788938937070000000,0
Indexing.totalTimeIndexersSleptMs,1788938877070000000,1788938937070000000,0
Indexing.writesQueuedAvg,1788938877070000000,1788938937070000000,0.0
Indexing.writer_3.totalTimeSpentWritingMs,1788938877070000000,1788938937070000000,0
FilePageCache.WAL.flushesForcedByOverflow,1788938877070000000,1788938937070000000,0
MappedFileStorage.storages,1788938877070000000,1788938937070000000,8
StorageLockContext.competingThreads.90P,1788938877070000000,1788938937070000000,0
FilePageCache.pageFastCacheHits,1788938877070000000,1788938937070000000,180
DirectByteBufferAllocator.reclaimed,1788938877070000000,1788938937070000000,0
FilePageCache.WAL.bytesCopiedByApplyUnfinished,1788938877070000000,1788938937070000000,0
FilePageCache.totalBytesStored,1788938877070000000,1788938937070000000,960
StreamlinedBlobStorage.recordsAllocated,1788938877070000000,1788938937070000000,0
DirectByteBufferAllocator.hits,1788938877070000000,1788938937070000000,0
StorageLockContext.competingThreads.max,1788938877070000000,1788938937070000000,0
DirectByteBufferAllocator.totalSizeOfBuffersCachedInBytes,1788938877070000000,1788938937070000000,41959424
FilePageCache.WAL.entriesFlushed,1788938877070000000,1788938937070000000,0
FilePageCache.totalPageStoresUs,1788938877070000000,1788938937070000000,8903
DirectByteBufferAllocator.misses,1788938877070000000,1788938937070000000,0
FilePageCache.WAL.entriesFlushedOnRead,1788938877070000000,1788938937070000000,0
MappedFileStorage.totalBytesMapped,1788938877070000000,1788938937070000000,232783872
FilePageCache.pageHits,1788938877070000000,1788938937070000000,0
FilePageCache.capacityInBytes,1788938877070000000,1788938937070000000,629145600
MappedFileStorage.totalPagesMapped,1788938877070000000,1788938937070000000,8
StreamlinedBlobStorage.totalLiveRecordsPayloadBytes,1788938877070000000,1788938937070000000,0
FilePageCache.totalPageDisposalsUs,1788938877070000000,1788938937070000000,0
StreamlinedBlobStorage.recordsRelocated,1788938877070000000,1788938937070000000,0
FilePageCache.totalPageLoadsUs,1788938877070000000,1788938937070000000,0
FilePageCache.WAL.entriesFlushedOnForce,1788938877070000000,1788938937070000000,0
FilePageCache.pageLoads,1788938877070000000,1788938937070000000,0
FileChannelInterruptsRetryer.totalRetriedAttempts,1788938877070000000,1788938937070000000,0
StreamlinedBlobStorage.totalLiveRecordsCapacityBytes,1788938877070000000,1788938937070000000,0
FilePageCache.WAL.entriesFlushedOnClose,1788938877070000000,1788938937070000000,0
FilePageCache.disposedBuffers,1788938877070000000,1788938937070000000,0
FilePageCache.uncachedFileAccess,1788938877070000000,1788938937070000000,60
FilePageCache.WAL.bytesQueued,1788938877070000000,1788938937070000000,0
StorageLockContext.competingThreads.avg,1788938877070000000,1788938937070000000,0.0
DirectByteBufferAllocator.disposed,1788938877070000000,1788938937070000000,0
FilePageCache.maxCacheSizeInBytes,1788938877070000000,1788938937070000000,400564224
MappedFileStorage.totalTimeSpentOnMappingUs,1788938877070000000,1788938937070000000,179239
StreamlinedBlobStorage.recordsDeleted,1788938877070000000,1788938937070000000,0
FilePageCache.WAL.entriesFlushedOnTruncate,1788938877070000000,1788938937070000000,0
DirectByteBufferAllocator.totalSizeOfBuffersAllocatedInBytes,1788938877070000000,1788938937070000000,400564224
FilePageCache.pageLoadsAboveSizeThreshold,1788938877070000000,1788938937070000000,0
FilePageCache.maxRegisteredFiles,1788938877070000000,1788938937070000000,1072
cacheStateStorage.set.counter,1788938877070000000,1788938937070000000,0
cacheStateStorage.get.counter,1788938877070000000,1788938937070000000,0
cacheStateStorage.get.duration,1788938877070000000,1788938937070000000,0
cacheStateStorage.set.duration,1788938877070000000,1788938937070000000,0
jps.global.initialize.library.bridges.ms,1788938877070000000,1788938937070000000,0
workspaceModel.mutableEntityStorage.changeLog.addReplaceEventForRemovedChild.ms,1788938877070000000,1788938937070000000,0
jps.app.storage.content.reader.load.component.ms,1788938877070000000,1788938937070000000,0
workspaceModel.mutableEntityStorage.put.entity.ms,1788938877070000000,1788938937070000000,0
workspaceModel.global.apply.state.to.project.builder.ms,1788938877070000000,1788938937070000000,0
workspaceModel.mutableEntityStorage.remove.entity.ms,1788938877070000000,1788938937070000000,0
workspaceModel.mutableEntityStorage.entities.by.source.ms,1788938877070000000,1788938937070000000,0
workspaceModel.mutableEntityStorage.collect.changes.ms,1788938877070000000,1788938937070000000,0
workspaceModel.mutableEntityStorage.instances.count,1788938877070000000,1788938937070000000,0
workspaceModel.mutableEntityStorage.changeLog.addReplaceEventForNewChild.ms,1788938877070000000,1788938937070000000,0
workspaceModel.global.updates.ms,1788938877070000000,1788938937070000000,0
jps.load.initial.state.ms,1788938877070000000,1788938937070000000,0
workspaceModel.mutableEntityStorage.add.entity.ms,1788938877070000000,1788938937070000000,0
workspaceModel.mutableEntityStorage.mutable.vfurl.index.ms,1788938877070000000,1788938937070000000,0
workspaceModel.load.cache.metadata.from.file.ms,1788938877070000000,1788938937070000000,0
workspaceModel.mutableEntityStorage.has.same.entities.ms,1788938877070000000,1788938937070000000,0
workspaceModel.mutableEntityStorage.mutable.ext.mapping.ms,1788938877070000000,1788938937070000000,0
jps.global.get.library.ms,1788938877070000000,1788938937070000000,0
workspaceModel.mutableEntityStorage.entities.ms,1788938877070000000,1788938937070000000,0
workspaceModel.mutableEntityStorage.to.snapshot.ms,1788938877070000000,1788938937070000000,0
workspaceModel.mutableEntityStorage.referrers.ms,1788938877070000000,1788938937070000000,0
jps.global.get.libraries.ms,1788938877070000000,1788938937070000000,0
jps.global.handle.before.change.events.ms,1788938877070000000,1788938937070000000,0
jps.global.handle.changed.events.ms,1788938877070000000,1788938937070000000,0
workspaceModel.save.cache.to.file.ms,1788938877070000000,1788938937070000000,0
jps.global.initialize.library.bridges.after.loading.ms,1788938877070000000,1788938937070000000,0
jps.library.entities.serializer.save.entities.ms,1788938877070000000,1788938937070000000,0
workspaceModel.mutableEntityStorage.modify.entity.ms,1788938877070000000,1788938937070000000,0
workspaceModel.mutableEntityStorage.changeLog.addReplaceEventForNewParent.ms,1788938877070000000,1788938937070000000,0
workspaceModel.load.cache.from.file.ms,1788938877070000000,1788938937070000000,0
jps.save.global.entities.ms,1788938877070000000,1788938937070000000,0
workspaceModel.mutableEntityStorage.hasReferrers.ms,1788938877070000000,1788938937070000000,0
jps.library.entities.serializer.load.entities.ms,1788938877070000000,1788938937070000000,0
workspaceModel.mutableEntityStorage.changeLog.addReplaceEventForRemovedParent.ms,1788938877070000000,1788938937070000000,0
workspaceModel.mutableEntityStorage.apply.changes.from.ms,1788938877070000000,1788938937070000000,0
workspaceModel.mutableEntityStorage.replace.by.source.ms,1788938877070000000,1788938937070000000,0
workspaceModel.mutableEntityStorage.resolve.ms,1788938877070000000,1788938937070000000,0
workspaceModel.global.updates.count,1788938877070000000,1788938937070000000,0
workspaceModel.sync.entities.ms,1788938877070000000,1788938937070000000,0
workspaceModel.global.apply.state.to.project.ms,1788938877070000000,1788938937070000000,0
jps.global.get.library.by.name.ms,1788938877070000000,1788938937070000000,0
jps.app.storage.content.writer.save.component.ms,1788938877070000000,1788938937070000000,0
workspaceModel.entityStorageSnapshotImpl.instances.count,1788938877070000000,1788938937070000000,0
writeAction.median.wait.ms,1788938877070000000,1788938937070000000,0
writeAction.wait.ms,1788938877070000000,1788938937070000000,0
writeAction.max.wait.ms,1788938877070000000,1788938937070000000,1
writeAction.count,1788938877070000000,1788938937070000000,0
FlushQueue.waitingTime90PNs,1788938937070000000,1788938997070000000,0
ReadAction.executionsCount,1788938937070000000,1788938997070000000,60
FlushQueue.executionTime90PNs,1788938937070000000,1788938997070000000,0
FlushQueue.queueSize90P,1788938937070000000,1788938997070000000,0
FlushQueue.queueSizeMax,1788938937070000000,1788938997070000000,0
AWTEventQueue.dispatchTime90PNs,1788938937070000000,1788938997070000000,114687
FlushQueue.queueSizeAvg,1788938937070000000,1788938997070000000,0.0
FlushQueue.waitingTimeMaxNs,1788938937070000000,1788938997070000000,0
WriteAction.executionsCount,1788938937070000000,1788938997070000000,0
AWTEventQueue.dispatchTimeMaxNs,1788938937070000000,1788938997070000000,223231
FlushQueue.tasksExecuted,1788938937070000000,1788938997070000000,0
FlushQueue.executionTimeMaxNs,1788938937070000000,1788938997070000000,0
FlushQueue.executionTimeAvgNs,1788938937070000000,1788938997070000000,0.0
AWTEventQueue.eventsDispatched,1788938937070000000,1788938997070000000,180
FlushQueue.waitingTimeAvgNs,1788938937070000000,1788938997070000000,0.0
AWTEventQueue.dispatchTimeTotalNS,1788938937070000000,1788938997070000000,16934789
AWTEventQueue.dispatchTimeAvgNs,1788938937070000000,1788938997070000000,94103.46666666666
VFS.contentStorage.recordsRead,1788938937070000000,1788938997070000000,0
VFS.cache.filesCreated,1788938937070000000,1788938997070000000,0
VFS.ContentWriter.totalTimeSpentOnAsyncOperationsUs,1788938937070000000,1788938997070000000,0
VFS.ContentWriter.totalTasksExecutedSync,1788938937070000000,1788938997070000000,0
VFS.contentStorage.recordsStoredSize,1788938937070000000,1788938997070000000,0
VFS.invertedFileNameIndex.requests,1788938937070000000,1788938997070000000,0
VFS.folderCaseSensitivityReads,1788938937070000000,1788938997070000000,0
FileNameCache.queries,1788938937070000000,1788938997070000000,0
VFS.contentStorage.recordsReadSize,1788938937070000000,1788938997070000000,0
VFS.contentStorage.recordsStoredCompressed,1788938937070000000,1788938997070000000,0
VFS.contentStorage.recordsReadDecompressed,1788938937070000000,1788938997070000000,0
VFS.fileChildByName,1788938937070000000,1788938997070000000,0
VFS.contentStorage.recordsDecompressionTimeUs,1788938937070000000,1788938997070000000,0
FileNameCache.totalMisses,1788938937070000000,1788938997070000000,0
VFS.contentStorage.recordsDeduplicated,1788938937070000000,1788938997070000000,0
VFS.fileByIdCache.hits,1788938937070000000,1788938997070000000,0
VFS.contentStorage.recordsStored,1788938937070000000,1788938997070000000,0
VFS.contentStorage.recordsUncompressedSize,1788938937070000000,1788938997070000000,0
VFS.fileByIdCache.misses,1788938937070000000,1788938997070000000,0
VFS.cache.segments,1788938937070000000,1788938997070000000,0
VFS.cache.segmentsCreated,1788938937070000000,1788938997070000000,0
VFS.ContentWriter.totalTimeSpentOnSyncOperationsUs,1788938937070000000,1788938997070000000,0
VFS.ContentWriter.totalFlushes,1788938937070000000,1788938997070000000,0
VFS.ContentWriter.totalTasksExecutedAsync,1788938937070000000,1788938997070000000,0
VFS.rootsCount,1788938937070000000,1788938997070000000,0.0
VFS.cache.directoriesCreated,1788938937070000000,1788938997070000000,0
Indexing.writesQueuedMin,1788938937070000000,1788938997070000000,0
Indexing.writer_1.totalTimeSpentWritingMs,1788938937070000000,1788938997070000000,0
Indexing.writer_0.totalTimeSpentWritingMs,1788938937070000000,1788938997070000000,0
Indexing.writesQueuedMax,1788938937070000000,1788938997070000000,0
Indexing.cache.totalCacheMisses,1788938937070000000,1788938997070000000,0
Indexing.cache.totalCacheAccesses,1788938937070000000,1788938997070000000,0
Indexing.writer_2.totalTimeSpentWritingMs,1788938937070000000,1788938997070000000,0
Indexing.cache.totalCacheEvicted,1788938937070000000,1788938997070000000,0
Indexing.totalTimeIndexersSleptMs,1788938937070000000,1788938997070000000,0
Indexing.writesQueuedAvg,1788938937070000000,1788938997070000000,0.0
Indexing.writer_3.totalTimeSpentWritingMs,1788938937070000000,1788938997070000000,0
FilePageCache.WAL.flushesForcedByOverflow,1788938937070000000,1788938997070000000,0
MappedFileStorage.storages,1788938937070000000,1788938997070000000,8
StorageLockContext.competingThreads.90P,1788938937070000000,1788938997070000000,0
FilePageCache.pageFastCacheHits,1788938937070000000,1788938997070000000,180
DirectByteBufferAllocator.reclaimed,1788938937070000000,1788938997070000000,0
FilePageCache.WAL.bytesCopiedByApplyUnfinished,1788938937070000000,1788938997070000000,0
FilePageCache.totalBytesStored,1788938937070000000,1788938997070000000,960
StreamlinedBlobStorage.recordsAllocated,1788938937070000000,1788938997070000000,0
DirectByteBufferAllocator.hits,1788938937070000000,1788938997070000000,0
StorageLockContext.competingThreads.max,1788938937070000000,1788938997070000000,0
DirectByteBufferAllocator.totalSizeOfBuffersCachedInBytes,1788938937070000000,1788938997070000000,41959424
FilePageCache.WAL.entriesFlushed,1788938937070000000,1788938997070000000,0
FilePageCache.totalPageStoresUs,1788938937070000000,1788938997070000000,10220
DirectByteBufferAllocator.misses,1788938937070000000,1788938997070000000,0
FilePageCache.WAL.entriesFlushedOnRead,1788938937070000000,1788938997070000000,0
MappedFileStorage.totalBytesMapped,1788938937070000000,1788938997070000000,232783872
FilePageCache.pageHits,1788938937070000000,1788938997070000000,0
FilePageCache.capacityInBytes,1788938937070000000,1788938997070000000,629145600
MappedFileStorage.totalPagesMapped,1788938937070000000,1788938997070000000,8
StreamlinedBlobStorage.totalLiveRecordsPayloadBytes,1788938937070000000,1788938997070000000,0
FilePageCache.totalPageDisposalsUs,1788938937070000000,1788938997070000000,0
StreamlinedBlobStorage.recordsRelocated,1788938937070000000,1788938997070000000,0
FilePageCache.totalPageLoadsUs,1788938937070000000,1788938997070000000,0
FilePageCache.WAL.entriesFlushedOnForce,1788938937070000000,1788938997070000000,0
FilePageCache.pageLoads,1788938937070000000,1788938997070000000,0
FileChannelInterruptsRetryer.totalRetriedAttempts,1788938937070000000,1788938997070000000,0
StreamlinedBlobStorage.totalLiveRecordsCapacityBytes,1788938937070000000,1788938997070000000,0
FilePageCache.WAL.entriesFlushedOnClose,1788938937070000000,1788938997070000000,0
FilePageCache.disposedBuffers,1788938937070000000,1788938997070000000,0
FilePageCache.uncachedFileAccess,1788938937070000000,1788938997070000000,60
FilePageCache.WAL.bytesQueued,1788938937070000000,1788938997070000000,0
StorageLockContext.competingThreads.avg,1788938937070000000,1788938997070000000,0.0
DirectByteBufferAllocator.disposed,1788938937070000000,1788938997070000000,0
FilePageCache.maxCacheSizeInBytes,1788938937070000000,1788938997070000000,400564224
MappedFileStorage.totalTimeSpentOnMappingUs,1788938937070000000,1788938997070000000,179239
StreamlinedBlobStorage.recordsDeleted,1788938937070000000,1788938997070000000,0
FilePageCache.WAL.entriesFlushedOnTruncate,1788938937070000000,1788938997070000000,0
DirectByteBufferAllocator.totalSizeOfBuffersAllocatedInBytes,1788938937070000000,1788938997070000000,400564224
FilePageCache.pageLoadsAboveSizeThreshold,1788938937070000000,1788938997070000000,0
FilePageCache.maxRegisteredFiles,1788938937070000000,1788938997070000000,1072
cacheStateStorage.set.counter,1788938937070000000,1788938997070000000,0
cacheStateStorage.get.counter,1788938937070000000,1788938997070000000,0
cacheStateStorage.get.duration,1788938937070000000,1788938997070000000,0
cacheStateStorage.set.duration,1788938937070000000,1788938997070000000,0
jps.global.initialize.library.bridges.ms,1788938937070000000,1788938997070000000,0
workspaceModel.mutableEntityStorage.changeLog.addReplaceEventForRemovedChild.ms,1788938937070000000,1788938997070000000,0
jps.app.storage.content.reader.load.component.ms,1788938937070000000,1788938997070000000,0
workspaceModel.mutableEntityStorage.put.entity.ms,1788938937070000000,1788938997070000000,0
workspaceModel.global.apply.state.to.project.builder.ms,1788938937070000000,1788938997070000000,0
workspaceModel.mutableEntityStorage.remove.entity.ms,1788938937070000000,1788938997070000000,0
workspaceModel.mutableEntityStorage.entities.by.source.ms,1788938937070000000,1788938997070000000,0
workspaceModel.mutableEntityStorage.collect.changes.ms,1788938937070000000,1788938997070000000,0
workspaceModel.mutableEntityStorage.instances.count,1788938937070000000,1788938997070000000,0
workspaceModel.mutableEntityStorage.changeLog.addReplaceEventForNewChild.ms,1788938937070000000,1788938997070000000,0
workspaceModel.global.updates.ms,1788938937070000000,1788938997070000000,0
jps.load.initial.state.ms,1788938937070000000,1788938997070000000,0
workspaceModel.mutableEntityStorage.add.entity.ms,1788938937070000000,1788938997070000000,0
workspaceModel.mutableEntityStorage.mutable.vfurl.index.ms,1788938937070000000,1788938997070000000,0
workspaceModel.load.cache.metadata.from.file.ms,1788938937070000000,1788938997070000000,0
workspaceModel.mutableEntityStorage.has.same.entities.ms,1788938937070000000,1788938997070000000,0
workspaceModel.mutableEntityStorage.mutable.ext.mapping.ms,1788938937070000000,1788938997070000000,0
jps.global.get.library.ms,1788938937070000000,1788938997070000000,0
workspaceModel.mutableEntityStorage.entities.ms,1788938937070000000,1788938997070000000,0
workspaceModel.mutableEntityStorage.to.snapshot.ms,1788938937070000000,1788938997070000000,0
workspaceModel.mutableEntityStorage.referrers.ms,1788938937070000000,1788938997070000000,0
jps.global.get.libraries.ms,1788938937070000000,1788938997070000000,0
jps.global.handle.before.change.events.ms,1788938937070000000,1788938997070000000,0
jps.global.handle.changed.events.ms,1788938937070000000,1788938997070000000,0
workspaceModel.save.cache.to.file.ms,1788938937070000000,1788938997070000000,0
jps.global.initialize.library.bridges.after.loading.ms,1788938937070000000,1788938997070000000,0
jps.library.entities.serializer.save.entities.ms,1788938937070000000,1788938997070000000,0
workspaceModel.mutableEntityStorage.modify.entity.ms,1788938937070000000,1788938997070000000,0
workspaceModel.mutableEntityStorage.changeLog.addReplaceEventForNewParent.ms,1788938937070000000,1788938997070000000,0
workspaceModel.load.cache.from.file.ms,1788938937070000000,1788938997070000000,0
jps.save.global.entities.ms,1788938937070000000,1788938997070000000,0
workspaceModel.mutableEntityStorage.hasReferrers.ms,1788938937070000000,1788938997070000000,0
jps.library.entities.serializer.load.entities.ms,1788938937070000000,1788938997070000000,0
workspaceModel.mutableEntityStorage.changeLog.addReplaceEventForRemovedParent.ms,1788938937070000000,1788938997070000000,0
workspaceModel.mutableEntityStorage.apply.changes.from.ms,1788938937070000000,1788938997070000000,0
workspaceModel.mutableEntityStorage.replace.by.source.ms,1788938937070000000,1788938997070000000,0
workspaceModel.mutableEntityStorage.resolve.ms,1788938937070000000,1788938997070000000,0
workspaceModel.global.updates.count,1788938937070000000,1788938997070000000,0
workspaceModel.sync.entities.ms,1788938937070000000,1788938997070000000,0
workspaceModel.global.apply.state.to.project.ms,1788938937070000000,1788938997070000000,0
jps.global.get.library.by.name.ms,1788938937070000000,1788938997070000000,0
jps.app.storage.content.writer.save.component.ms,1788938937070000000,1788938997070000000,0
workspaceModel.entityStorageSnapshotImpl.instances.count,1788938937070000000,1788938997070000000,0
writeAction.median.wait.ms,1788938937070000000,1788938997070000000,0
writeAction.wait.ms,1788938937070000000,1788938997070000000,0
writeAction.max.wait.ms,1788938937070000000,1788938997070000000,1
writeAction.count,1788938937070000000,1788938997070000000,0
FlushQueue.waitingTime90PNs,1788938997070000000,1788939057070000000,0
ReadAction.executionsCount,1788938997070000000,1788939057070000000,60
FlushQueue.executionTime90PNs,1788938997070000000,1788939057070000000,0
FlushQueue.queueSize90P,1788938997070000000,1788939057070000000,0
FlushQueue.queueSizeMax,1788938997070000000,1788939057070000000,0
AWTEventQueue.dispatchTime90PNs,1788938997070000000,1788939057070000000,116735
FlushQueue.queueSizeAvg,1788938997070000000,1788939057070000000,0.0
FlushQueue.waitingTimeMaxNs,1788938997070000000,1788939057070000000,0
WriteAction.executionsCount,1788938997070000000,1788939057070000000,0
AWTEventQueue.dispatchTimeMaxNs,1788938997070000000,1788939057070000000,1433599
FlushQueue.tasksExecuted,1788938997070000000,1788939057070000000,0
FlushQueue.executionTimeMaxNs,1788938997070000000,1788939057070000000,0
FlushQueue.executionTimeAvgNs,1788938997070000000,1788939057070000000,0.0
AWTEventQueue.eventsDispatched,1788938997070000000,1788939057070000000,179
FlushQueue.waitingTimeAvgNs,1788938997070000000,1788939057070000000,0.0
AWTEventQueue.dispatchTimeTotalNS,1788938997070000000,1788939057070000000,18156467
AWTEventQueue.dispatchTimeAvgNs,1788938997070000000,1788939057070000000,101421.76536312849
VFS.contentStorage.recordsRead,1788938997070000000,1788939057070000000,0
VFS.cache.filesCreated,1788938997070000000,1788939057070000000,0
VFS.ContentWriter.totalTimeSpentOnAsyncOperationsUs,1788938997070000000,1788939057070000000,0
VFS.ContentWriter.totalTasksExecutedSync,1788938997070000000,1788939057070000000,0
VFS.contentStorage.recordsStoredSize,1788938997070000000,1788939057070000000,0
VFS.invertedFileNameIndex.requests,1788938997070000000,1788939057070000000,0
VFS.folderCaseSensitivityReads,1788938997070000000,1788939057070000000,0
FileNameCache.queries,1788938997070000000,1788939057070000000,0
VFS.contentStorage.recordsReadSize,1788938997070000000,1788939057070000000,0
VFS.contentStorage.recordsStoredCompressed,1788938997070000000,1788939057070000000,0
VFS.contentStorage.recordsReadDecompressed,1788938997070000000,1788939057070000000,0
VFS.fileChildByName,1788938997070000000,1788939057070000000,0
VFS.contentStorage.recordsDecompressionTimeUs,1788938997070000000,1788939057070000000,0
FileNameCache.totalMisses,1788938997070000000,1788939057070000000,0
VFS.contentStorage.recordsDeduplicated,1788938997070000000,1788939057070000000,0
VFS.fileByIdCache.hits,1788938997070000000,1788939057070000000,0
VFS.contentStorage.recordsStored,1788938997070000000,1788939057070000000,0
VFS.contentStorage.recordsUncompressedSize,1788938997070000000,1788939057070000000,0
VFS.fileByIdCache.misses,1788938997070000000,1788939057070000000,0
VFS.cache.segments,1788938997070000000,1788939057070000000,0
VFS.cache.segmentsCreated,1788938997070000000,1788939057070000000,0
VFS.ContentWriter.totalTimeSpentOnSyncOperationsUs,1788938997070000000,1788939057070000000,0
VFS.ContentWriter.totalFlushes,1788938997070000000,1788939057070000000,0
VFS.ContentWriter.totalTasksExecutedAsync,1788938997070000000,1788939057070000000,0
VFS.rootsCount,1788938997070000000,1788939057070000000,0.0
VFS.cache.directoriesCreated,1788938997070000000,1788939057070000000,0
Indexing.writesQueuedMin,1788938997070000000,1788939057070000000,0
Indexing.writer_1.totalTimeSpentWritingMs,1788938997070000000,1788939057070000000,0
Indexing.writer_0.totalTimeSpentWritingMs,1788938997070000000,1788939057070000000,0
Indexing.writesQueuedMax,1788938997070000000,1788939057070000000,0
Indexing.cache.totalCacheMisses,1788938997070000000,1788939057070000000,0
Indexing.cache.totalCacheAccesses,1788938997070000000,1788939057070000000,0
Indexing.writer_2.totalTimeSpentWritingMs,1788938997070000000,1788939057070000000,0
Indexing.cache.totalCacheEvicted,1788938997070000000,1788939057070000000,0
Indexing.totalTimeIndexersSleptMs,1788938997070000000,1788939057070000000,0
Indexing.writesQueuedAvg,1788938997070000000,1788939057070000000,0.0
Indexing.writer_3.totalTimeSpentWritingMs,1788938997070000000,1788939057070000000,0
FilePageCache.WAL.flushesForcedByOverflow,1788938997070000000,1788939057070000000,0
MappedFileStorage.storages,1788938997070000000,1788939057070000000,8
StorageLockContext.competingThreads.90P,1788938997070000000,1788939057070000000,0
FilePageCache.pageFastCacheHits,1788938997070000000,1788939057070000000,180
DirectByteBufferAllocator.reclaimed,1788938997070000000,1788939057070000000,0
FilePageCache.WAL.bytesCopiedByApplyUnfinished,1788938997070000000,1788939057070000000,0
FilePageCache.totalBytesStored,1788938997070000000,1788939057070000000,960
StreamlinedBlobStorage.recordsAllocated,1788938997070000000,1788939057070000000,0
DirectByteBufferAllocator.hits,1788938997070000000,1788939057070000000,0
StorageLockContext.competingThreads.max,1788938997070000000,1788939057070000000,0
DirectByteBufferAllocator.totalSizeOfBuffersCachedInBytes,1788938997070000000,1788939057070000000,41959424
FilePageCache.WAL.entriesFlushed,1788938997070000000,1788939057070000000,0
FilePageCache.totalPageStoresUs,1788938997070000000,1788939057070000000,8985
DirectByteBufferAllocator.misses,1788938997070000000,1788939057070000000,0
FilePageCache.WAL.entriesFlushedOnRead,1788938997070000000,1788939057070000000,0
MappedFileStorage.totalBytesMapped,1788938997070000000,1788939057070000000,232783872
FilePageCache.pageHits,1788938997070000000,1788939057070000000,0
FilePageCache.capacityInBytes,1788938997070000000,1788939057070000000,629145600
MappedFileStorage.totalPagesMapped,1788938997070000000,1788939057070000000,8
StreamlinedBlobStorage.totalLiveRecordsPayloadBytes,1788938997070000000,1788939057070000000,0
FilePageCache.totalPageDisposalsUs,1788938997070000000,1788939057070000000,0
StreamlinedBlobStorage.recordsRelocated,1788938997070000000,1788939057070000000,0
FilePageCache.totalPageLoadsUs,1788938997070000000,1788939057070000000,0
FilePageCache.WAL.entriesFlushedOnForce,1788938997070000000,1788939057070000000,0
FilePageCache.pageLoads,1788938997070000000,1788939057070000000,0
FileChannelInterruptsRetryer.totalRetriedAttempts,1788938997070000000,1788939057070000000,0
StreamlinedBlobStorage.totalLiveRecordsCapacityBytes,1788938997070000000,1788939057070000000,0
FilePageCache.WAL.entriesFlushedOnClose,1788938997070000000,1788939057070000000,0
FilePageCache.disposedBuffers,1788938997070000000,1788939057070000000,0
FilePageCache.uncachedFileAccess,1788938997070000000,1788939057070000000,60
FilePageCache.WAL.bytesQueued,1788938997070000000,1788939057070000000,0
StorageLockContext.competingThreads.avg,1788938997070000000,1788939057070000000,0.0
DirectByteBufferAllocator.disposed,1788938997070000000,1788939057070000000,0
FilePageCache.maxCacheSizeInBytes,1788938997070000000,1788939057070000000,400564224
MappedFileStorage.totalTimeSpentOnMappingUs,1788938997070000000,1788939057070000000,179239
StreamlinedBlobStorage.recordsDeleted,1788938997070000000,1788939057070000000,0
FilePageCache.WAL.entriesFlushedOnTruncate,1788938997070000000,1788939057070000000,0
DirectByteBufferAllocator.totalSizeOfBuffersAllocatedInBytes,1788938997070000000,1788939057070000000,400564224
FilePageCache.pageLoadsAboveSizeThreshold,1788938997070000000,1788939057070000000,0
FilePageCache.maxRegisteredFiles,1788938997070000000,1788939057070000000,1072
cacheStateStorage.set.counter,1788938997070000000,1788939057070000000,0
cacheStateStorage.get.counter,1788938997070000000,1788939057070000000,0
cacheStateStorage.get.duration,1788938997070000000,1788939057070000000,0
cacheStateStorage.set.duration,1788938997070000000,1788939057070000000,0
jps.global.initialize.library.bridges.ms,1788938997070000000,1788939057070000000,0
workspaceModel.mutableEntityStorage.changeLog.addReplaceEventForRemovedChild.ms,1788938997070000000,1788939057070000000,0
jps.app.storage.content.reader.load.component.ms,1788938997070000000,1788939057070000000,0
workspaceModel.mutableEntityStorage.put.entity.ms,1788938997070000000,1788939057070000000,0
workspaceModel.global.apply.state.to.project.builder.ms,1788938997070000000,1788939057070000000,0
workspaceModel.mutableEntityStorage.remove.entity.ms,1788938997070000000,1788939057070000000,0
workspaceModel.mutableEntityStorage.entities.by.source.ms,1788938997070000000,1788939057070000000,0
workspaceModel.mutableEntityStorage.collect.changes.ms,1788938997070000000,1788939057070000000,0
workspaceModel.mutableEntityStorage.instances.count,1788938997070000000,1788939057070000000,0
workspaceModel.mutableEntityStorage.changeLog.addReplaceEventForNewChild.ms,1788938997070000000,1788939057070000000,0
workspaceModel.global.updates.ms,1788938997070000000,1788939057070000000,0
jps.load.initial.state.ms,1788938997070000000,1788939057070000000,0
workspaceModel.mutableEntityStorage.add.entity.ms,1788938997070000000,1788939057070000000,0
workspaceModel.mutableEntityStorage.mutable.vfurl.index.ms,1788938997070000000,1788939057070000000,0
workspaceModel.load.cache.metadata.from.file.ms,1788938997070000000,1788939057070000000,0
workspaceModel.mutableEntityStorage.has.same.entities.ms,1788938997070000000,1788939057070000000,0
workspaceModel.mutableEntityStorage.mutable.ext.mapping.ms,1788938997070000000,1788939057070000000,0
jps.global.get.library.ms,1788938997070000000,1788939057070000000,0
workspaceModel.mutableEntityStorage.entities.ms,1788938997070000000,1788939057070000000,0
workspaceModel.mutableEntityStorage.to.snapshot.ms,1788938997070000000,1788939057070000000,0
workspaceModel.mutableEntityStorage.referrers.ms,1788938997070000000,1788939057070000000,0
jps.global.get.libraries.ms,1788938997070000000,1788939057070000000,0
jps.global.handle.before.change.events.ms,1788938997070000000,1788939057070000000,0
jps.global.handle.changed.events.ms,1788938997070000000,1788939057070000000,0
workspaceModel.save.cache.to.file.ms,1788938997070000000,1788939057070000000,0
jps.global.initialize.library.bridges.after.loading.ms,1788938997070000000,1788939057070000000,0
jps.library.entities.serializer.save.entities.ms,1788938997070000000,1788939057070000000,0
workspaceModel.mutableEntityStorage.modify.entity.ms,1788938997070000000,1788939057070000000,0
workspaceModel.mutableEntityStorage.changeLog.addReplaceEventForNewParent.ms,1788938997070000000,1788939057070000000,0
workspaceModel.load.cache.from.file.ms,1788938997070000000,1788939057070000000,0
jps.save.global.entities.ms,1788938997070000000,1788939057070000000,0
workspaceModel.mutableEntityStorage.hasReferrers.ms,1788938997070000000,1788939057070000000,0
jps.library.entities.serializer.load.entities.ms,1788938997070000000,1788939057070000000,0
workspaceModel.mutableEntityStorage.changeLog.addReplaceEventForRemovedParent.ms,1788938997070000000,1788939057070000000,0
workspaceModel.mutableEntityStorage.apply.changes.from.ms,1788938997070000000,1788939057070000000,0
workspaceModel.mutableEntityStorage.replace.by.source.ms,1788938997070000000,1788939057070000000,0
workspaceModel.mutableEntityStorage.resolve.ms,1788938997070000000,1788939057070000000,0
workspaceModel.global.updates.count,1788938997070000000,1788939057070000000,0
workspaceModel.sync.entities.ms,1788938997070000000,1788939057070000000,0
workspaceModel.global.apply.state.to.project.ms,1788938997070000000,1788939057070000000,0
jps.global.get.library.by.name.ms,1788938997070000000,1788939057070000000,0
jps.app.storage.content.writer.save.component.ms,1788938997070000000,1788939057070000000,0
workspaceModel.entityStorageSnapshotImpl.instances.count,1788938997070000000,1788939057070000000,0
writeAction.median.wait.ms,1788938997070000000,1788939057070000000,0
writeAction.wait.ms,1788938997070000000,1788939057070000000,0
writeAction.max.wait.ms,1788938997070000000,1788939057070000000,1
writeAction.count,1788938997070000000,1788939057070000000,0
FlushQueue.waitingTime90PNs,1788939057070000000,1788939117070000000,0
ReadAction.executionsCount,1788939057070000000,1788939117070000000,60
FlushQueue.executionTime90PNs,1788939057070000000,1788939117070000000,0
FlushQueue.queueSize90P,1788939057070000000,1788939117070000000,0
FlushQueue.queueSizeMax,1788939057070000000,1788939117070000000,0
AWTEventQueue.dispatchTime90PNs,1788939057070000000,1788939117070000000,110079
FlushQueue.queueSizeAvg,1788939057070000000,1788939117070000000,0.0
FlushQueue.waitingTimeMaxNs,1788939057070000000,1788939117070000000,0
WriteAction.executionsCount,1788939057070000000,1788939117070000000,0
AWTEventQueue.dispatchTimeMaxNs,1788939057070000000,1788939117070000000,237567
FlushQueue.tasksExecuted,1788939057070000000,1788939117070000000,0
FlushQueue.executionTimeMaxNs,1788939057070000000,1788939117070000000,0
FlushQueue.executionTimeAvgNs,1788939057070000000,1788939117070000000,0.0
AWTEventQueue.eventsDispatched,1788939057070000000,1788939117070000000,180
FlushQueue.waitingTimeAvgNs,1788939057070000000,1788939117070000000,0.0
AWTEventQueue.dispatchTimeTotalNS,1788939057070000000,1788939117070000000,16363804
AWTEventQueue.dispatchTimeAvgNs,1788939057070000000,1788939117070000000,90904.88888888889
VFS.contentStorage.recordsRead,1788939057070000000,1788939117070000000,0
VFS.cache.filesCreated,1788939057070000000,1788939117070000000,0
VFS.ContentWriter.totalTimeSpentOnAsyncOperationsUs,1788939057070000000,1788939117070000000,0
VFS.ContentWriter.totalTasksExecutedSync,1788939057070000000,1788939117070000000,0
VFS.contentStorage.recordsStoredSize,1788939057070000000,1788939117070000000,0
VFS.invertedFileNameIndex.requests,1788939057070000000,1788939117070000000,0
VFS.folderCaseSensitivityReads,1788939057070000000,1788939117070000000,0
FileNameCache.queries,1788939057070000000,1788939117070000000,0
VFS.contentStorage.recordsReadSize,1788939057070000000,1788939117070000000,0
VFS.contentStorage.recordsStoredCompressed,1788939057070000000,1788939117070000000,0
VFS.contentStorage.recordsReadDecompressed,1788939057070000000,1788939117070000000,0
VFS.fileChildByName,1788939057070000000,1788939117070000000,0
VFS.contentStorage.recordsDecompressionTimeUs,1788939057070000000,1788939117070000000,0
FileNameCache.totalMisses,1788939057070000000,1788939117070000000,0
VFS.contentStorage.recordsDeduplicated,1788939057070000000,1788939117070000000,0
VFS.fileByIdCache.hits,1788939057070000000,1788939117070000000,0
VFS.contentStorage.recordsStored,1788939057070000000,1788939117070000000,0
VFS.contentStorage.recordsUncompressedSize,1788939057070000000,1788939117070000000,0
VFS.fileByIdCache.misses,1788939057070000000,1788939117070000000,0
VFS.cache.segments,1788939057070000000,1788939117070000000,0
VFS.cache.segmentsCreated,1788939057070000000,1788939117070000000,0
VFS.ContentWriter.totalTimeSpentOnSyncOperationsUs,1788939057070000000,1788939117070000000,0
VFS.ContentWriter.totalFlushes,1788939057070000000,1788939117070000000,0
VFS.ContentWriter.totalTasksExecutedAsync,1788939057070000000,1788939117070000000,0
VFS.rootsCount,1788939057070000000,1788939117070000000,0.0
VFS.cache.directoriesCreated,1788939057070000000,1788939117070000000,0
Indexing.writesQueuedMin,1788939057070000000,1788939117070000000,0
Indexing.writer_1.totalTimeSpentWritingMs,1788939057070000000,1788939117070000000,0
Indexing.writer_0.totalTimeSpentWritingMs,1788939057070000000,1788939117070000000,0
Indexing.writesQueuedMax,1788939057070000000,1788939117070000000,0
Indexing.cache.totalCacheMisses,1788939057070000000,1788939117070000000,0
Indexing.cache.totalCacheAccesses,1788939057070000000,1788939117070000000,0
Indexing.writer_2.totalTimeSpentWritingMs,1788939057070000000,1788939117070000000,0
Indexing.cache.totalCacheEvicted,1788939057070000000,1788939117070000000,0
Indexing.totalTimeIndexersSleptMs,1788939057070000000,1788939117070000000,0
Indexing.writesQueuedAvg,1788939057070000000,1788939117070000000,0.0
Indexing.writer_3.totalTimeSpentWritingMs,1788939057070000000,1788939117070000000,0
FilePageCache.WAL.flushesForcedByOverflow,1788939057070000000,1788939117070000000,0
MappedFileStorage.storages,1788939057070000000,1788939117070000000,8
StorageLockContext.competingThreads.90P,1788939057070000000,1788939117070000000,0
FilePageCache.pageFastCacheHits,1788939057070000000,1788939117070000000,180
DirectByteBufferAllocator.reclaimed,1788939057070000000,1788939117070000000,0
FilePageCache.WAL.bytesCopiedByApplyUnfinished,1788939057070000000,1788939117070000000,0
FilePageCache.totalBytesStored,1788939057070000000,1788939117070000000,960
StreamlinedBlobStorage.recordsAllocated,1788939057070000000,1788939117070000000,0
DirectByteBufferAllocator.hits,1788939057070000000,1788939117070000000,0
StorageLockContext.competingThreads.max,1788939057070000000,1788939117070000000,0
DirectByteBufferAllocator.totalSizeOfBuffersCachedInBytes,1788939057070000000,1788939117070000000,41959424
FilePageCache.WAL.entriesFlushed,1788939057070000000,1788939117070000000,0
FilePageCache.totalPageStoresUs,1788939057070000000,1788939117070000000,8639
DirectByteBufferAllocator.misses,1788939057070000000,1788939117070000000,0
FilePageCache.WAL.entriesFlushedOnRead,1788939057070000000,1788939117070000000,0
MappedFileStorage.totalBytesMapped,1788939057070000000,1788939117070000000,232783872
FilePageCache.pageHits,1788939057070000000,1788939117070000000,0
FilePageCache.capacityInBytes,1788939057070000000,1788939117070000000,629145600
MappedFileStorage.totalPagesMapped,1788939057070000000,1788939117070000000,8
StreamlinedBlobStorage.totalLiveRecordsPayloadBytes,1788939057070000000,1788939117070000000,0
FilePageCache.totalPageDisposalsUs,1788939057070000000,1788939117070000000,0
StreamlinedBlobStorage.recordsRelocated,1788939057070000000,1788939117070000000,0
FilePageCache.totalPageLoadsUs,1788939057070000000,1788939117070000000,0
FilePageCache.WAL.entriesFlushedOnForce,1788939057070000000,1788939117070000000,0
FilePageCache.pageLoads,1788939057070000000,1788939117070000000,0
FileChannelInterruptsRetryer.totalRetriedAttempts,1788939057070000000,1788939117070000000,0
StreamlinedBlobStorage.totalLiveRecordsCapacityBytes,1788939057070000000,1788939117070000000,0
FilePageCache.WAL.entriesFlushedOnClose,1788939057070000000,1788939117070000000,0
FilePageCache.disposedBuffers,1788939057070000000,1788939117070000000,0
FilePageCache.uncachedFileAccess,1788939057070000000,1788939117070000000,60
FilePageCache.WAL.bytesQueued,1788939057070000000,1788939117070000000,0
StorageLockContext.competingThreads.avg,1788939057070000000,1788939117070000000,0.0
DirectByteBufferAllocator.disposed,1788939057070000000,1788939117070000000,0
FilePageCache.maxCacheSizeInBytes,1788939057070000000,1788939117070000000,400564224
MappedFileStorage.totalTimeSpentOnMappingUs,1788939057070000000,1788939117070000000,179239
StreamlinedBlobStorage.recordsDeleted,1788939057070000000,1788939117070000000,0
FilePageCache.WAL.entriesFlushedOnTruncate,1788939057070000000,1788939117070000000,0
DirectByteBufferAllocator.totalSizeOfBuffersAllocatedInBytes,1788939057070000000,1788939117070000000,400564224
FilePageCache.pageLoadsAboveSizeThreshold,1788939057070000000,1788939117070000000,0
FilePageCache.maxRegisteredFiles,1788939057070000000,1788939117070000000,1072
cacheStateStorage.set.counter,1788939057070000000,1788939117070000000,0
cacheStateStorage.get.counter,1788939057070000000,1788939117070000000,0
cacheStateStorage.get.duration,1788939057070000000,1788939117070000000,0
cacheStateStorage.set.duration,1788939057070000000,1788939117070000000,0
jps.global.initialize.library.bridges.ms,1788939057070000000,1788939117070000000,0
workspaceModel.mutableEntityStorage.changeLog.addReplaceEventForRemovedChild.ms,1788939057070000000,1788939117070000000,0
jps.app.storage.content.reader.load.component.ms,1788939057070000000,1788939117070000000,0
workspaceModel.mutableEntityStorage.put.entity.ms,1788939057070000000,1788939117070000000,0
workspaceModel.global.apply.state.to.project.builder.ms,1788939057070000000,1788939117070000000,0
workspaceModel.mutableEntityStorage.remove.entity.ms,1788939057070000000,1788939117070000000,0
workspaceModel.mutableEntityStorage.entities.by.source.ms,1788939057070000000,1788939117070000000,0
workspaceModel.mutableEntityStorage.collect.changes.ms,1788939057070000000,1788939117070000000,0
workspaceModel.mutableEntityStorage.instances.count,1788939057070000000,1788939117070000000,0
workspaceModel.mutableEntityStorage.changeLog.addReplaceEventForNewChild.ms,1788939057070000000,1788939117070000000,0
workspaceModel.global.updates.ms,1788939057070000000,1788939117070000000,0
jps.load.initial.state.ms,1788939057070000000,1788939117070000000,0
workspaceModel.mutableEntityStorage.add.entity.ms,1788939057070000000,1788939117070000000,0
workspaceModel.mutableEntityStorage.mutable.vfurl.index.ms,1788939057070000000,1788939117070000000,0
workspaceModel.load.cache.metadata.from.file.ms,1788939057070000000,1788939117070000000,0
workspaceModel.mutableEntityStorage.has.same.entities.ms,1788939057070000000,1788939117070000000,0
workspaceModel.mutableEntityStorage.mutable.ext.mapping.ms,1788939057070000000,1788939117070000000,0
jps.global.get.library.ms,1788939057070000000,1788939117070000000,0
workspaceModel.mutableEntityStorage.entities.ms,1788939057070000000,1788939117070000000,0
workspaceModel.mutableEntityStorage.to.snapshot.ms,1788939057070000000,1788939117070000000,0
workspaceModel.mutableEntityStorage.referrers.ms,1788939057070000000,1788939117070000000,0
jps.global.get.libraries.ms,1788939057070000000,1788939117070000000,0
jps.global.handle.before.change.events.ms,1788939057070000000,1788939117070000000,0
jps.global.handle.changed.events.ms,1788939057070000000,1788939117070000000,0
workspaceModel.save.cache.to.file.ms,1788939057070000000,1788939117070000000,0
jps.global.initialize.library.bridges.after.loading.ms,1788939057070000000,1788939117070000000,0
jps.library.entities.serializer.save.entities.ms,1788939057070000000,1788939117070000000,0
workspaceModel.mutableEntityStorage.modify.entity.ms,1788939057070000000,1788939117070000000,0
workspaceModel.mutableEntityStorage.changeLog.addReplaceEventForNewParent.ms,1788939057070000000,1788939117070000000,0
workspaceModel.load.cache.from.file.ms,1788939057070000000,1788939117070000000,0
jps.save.global.entities.ms,1788939057070000000,1788939117070000000,0
workspaceModel.mutableEntityStorage.hasReferrers.ms,1788939057070000000,1788939117070000000,0
jps.library.entities.serializer.load.entities.ms,1788939057070000000,1788939117070000000,0
workspaceModel.mutableEntityStorage.changeLog.addReplaceEventForRemovedParent.ms,1788939057070000000,1788939117070000000,0
workspaceModel.mutableEntityStorage.apply.changes.from.ms,1788939057070000000,1788939117070000000,0
workspaceModel.mutableEntityStorage.replace.by.source.ms,1788939057070000000,1788939117070000000,0
workspaceModel.mutableEntityStorage.resolve.ms,1788939057070000000,1788939117070000000,0
workspaceModel.global.updates.count,1788939057070000000,1788939117070000000,0
workspaceModel.sync.entities.ms,1788939057070000000,1788939117070000000,0
workspaceModel.global.apply.state.to.project.ms,1788939057070000000,1788939117070000000,0
jps.global.get.library.by.name.ms,1788939057070000000,1788939117070000000,0
jps.app.storage.content.writer.save.component.ms,1788939057070000000,1788939117070000000,0
workspaceModel.entityStorageSnapshotImpl.instances.count,1788939057070000000,1788939117070000000,0
writeAction.median.wait.ms,1788939057070000000,1788939117070000000,0
writeAction.wait.ms,1788939057070000000,1788939117070000000,0
writeAction.max.wait.ms,1788939057070000000,1788939117070000000,1
writeAction.count,1788939057070000000,1788939117070000000,0
FlushQueue.waitingTime90PNs,1788939117070000000,1788939177070000000,0
ReadAction.executionsCount,1788939117070000000,1788939177070000000,60
FlushQueue.executionTime90PNs,1788939117070000000,1788939177070000000,0
FlushQueue.queueSize90P,1788939117070000000,1788939177070000000,0
FlushQueue.queueSizeMax,1788939117070000000,1788939177070000000,0
AWTEventQueue.dispatchTime90PNs,1788939117070000000,1788939177070000000,114687
FlushQueue.queueSizeAvg,1788939117070000000,1788939177070000000,0.0
FlushQueue.waitingTimeMaxNs,1788939117070000000,1788939177070000000,0
WriteAction.executionsCount,1788939117070000000,1788939177070000000,0
AWTEventQueue.dispatchTimeMaxNs,1788939117070000000,1788939177070000000,397311
FlushQueue.tasksExecuted,1788939117070000000,1788939177070000000,0
FlushQueue.executionTimeMaxNs,1788939117070000000,1788939177070000000,0
FlushQueue.executionTimeAvgNs,1788939117070000000,1788939177070000000,0.0
AWTEventQueue.eventsDispatched,1788939117070000000,1788939177070000000,180
FlushQueue.waitingTimeAvgNs,1788939117070000000,1788939177070000000,0.0
AWTEventQueue.dispatchTimeTotalNS,1788939117070000000,1788939177070000000,17171072
AWTEventQueue.dispatchTimeAvgNs,1788939117070000000,1788939177070000000,95392.71111111112
VFS.contentStorage.recordsRead,1788939117070000000,1788939177070000000,0
VFS.cache.filesCreated,1788939117070000000,1788939177070000000,0
VFS.ContentWriter.totalTimeSpentOnAsyncOperationsUs,1788939117070000000,1788939177070000000,0
VFS.ContentWriter.totalTasksExecutedSync,1788939117070000000,1788939177070000000,0
VFS.contentStorage.recordsStoredSize,1788939117070000000,1788939177070000000,0
VFS.invertedFileNameIndex.requests,1788939117070000000,1788939177070000000,0
VFS.folderCaseSensitivityReads,1788939117070000000,1788939177070000000,0
FileNameCache.queries,1788939117070000000,1788939177070000000,0
VFS.contentStorage.recordsReadSize,1788939117070000000,1788939177070000000,0
VFS.contentStorage.recordsStoredCompressed,1788939117070000000,1788939177070000000,0
VFS.contentStorage.recordsReadDecompressed,1788939117070000000,1788939177070000000,0
VFS.fileChildByName,1788939117070000000,1788939177070000000,0
VFS.contentStorage.recordsDecompressionTimeUs,1788939117070000000,1788939177070000000,0
FileNameCache.totalMisses,1788939117070000000,1788939177070000000,0
VFS.contentStorage.recordsDeduplicated,1788939117070000000,1788939177070000000,0
VFS.fileByIdCache.hits,1788939117070000000,1788939177070000000,0
VFS.contentStorage.recordsStored,1788939117070000000,1788939177070000000,0
VFS.contentStorage.recordsUncompressedSize,1788939117070000000,1788939177070000000,0
VFS.fileByIdCache.misses,1788939117070000000,1788939177070000000,0
VFS.cache.segments,1788939117070000000,1788939177070000000,0
VFS.cache.segmentsCreated,1788939117070000000,1788939177070000000,0
VFS.ContentWriter.totalTimeSpentOnSyncOperationsUs,1788939117070000000,1788939177070000000,0
VFS.ContentWriter.totalFlushes,1788939117070000000,1788939177070000000,0
VFS.ContentWriter.totalTasksExecutedAsync,1788939117070000000,1788939177070000000,0
VFS.rootsCount,1788939117070000000,1788939177070000000,0.0
VFS.cache.directoriesCreated,1788939117070000000,1788939177070000000,0
Indexing.writesQueuedMin,1788939117070000000,1788939177070000000,0
Indexing.writer_1.totalTimeSpentWritingMs,1788939117070000000,1788939177070000000,0
Indexing.writer_0.totalTimeSpentWritingMs,1788939117070000000,1788939177070000000,0
Indexing.writesQueuedMax,1788939117070000000,1788939177070000000,0
Indexing.cache.totalCacheMisses,1788939117070000000,1788939177070000000,0
Indexing.cache.totalCacheAccesses,1788939117070000000,1788939177070000000,0
Indexing.writer_2.totalTimeSpentWritingMs,1788939117070000000,1788939177070000000,0
Indexing.cache.totalCacheEvicted,1788939117070000000,1788939177070000000,0
Indexing.totalTimeIndexersSleptMs,1788939117070000000,1788939177070000000,0
Indexing.writesQueuedAvg,1788939117070000000,1788939177070000000,0.0
Indexing.writer_3.totalTimeSpentWritingMs,1788939117070000000,1788939177070000000,0
FilePageCache.WAL.flushesForcedByOverflow,1788939117070000000,1788939177070000000,0
MappedFileStorage.storages,1788939117070000000,1788939177070000000,8
StorageLockContext.competingThreads.90P,1788939117070000000,1788939177070000000,0
FilePageCache.pageFastCacheHits,1788939117070000000,1788939177070000000,180
DirectByteBufferAllocator.reclaimed,1788939117070000000,1788939177070000000,0
FilePageCache.WAL.bytesCopiedByApplyUnfinished,1788939117070000000,1788939177070000000,0
FilePageCache.totalBytesStored,1788939117070000000,1788939177070000000,960
StreamlinedBlobStorage.recordsAllocated,1788939117070000000,1788939177070000000,0
DirectByteBufferAllocator.hits,1788939117070000000,1788939177070000000,0
StorageLockContext.competingThreads.max,1788939117070000000,1788939177070000000,0
DirectByteBufferAllocator.totalSizeOfBuffersCachedInBytes,1788939117070000000,1788939177070000000,41959424
FilePageCache.WAL.entriesFlushed,1788939117070000000,1788939177070000000,0
FilePageCache.totalPageStoresUs,1788939117070000000,1788939177070000000,8493
DirectByteBufferAllocator.misses,1788939117070000000,1788939177070000000,0
FilePageCache.WAL.entriesFlushedOnRead,1788939117070000000,1788939177070000000,0
MappedFileStorage.totalBytesMapped,1788939117070000000,1788939177070000000,232783872
FilePageCache.pageHits,1788939117070000000,1788939177070000000,0
FilePageCache.capacityInBytes,1788939117070000000,1788939177070000000,629145600
MappedFileStorage.totalPagesMapped,1788939117070000000,1788939177070000000,8
StreamlinedBlobStorage.totalLiveRecordsPayloadBytes,1788939117070000000,1788939177070000000,0
FilePageCache.totalPageDisposalsUs,1788939117070000000,1788939177070000000,0
StreamlinedBlobStorage.recordsRelocated,1788939117070000000,1788939177070000000,0
FilePageCache.totalPageLoadsUs,1788939117070000000,1788939177070000000,0
FilePageCache.WAL.entriesFlushedOnForce,1788939117070000000,1788939177070000000,0
FilePageCache.pageLoads,1788939117070000000,1788939177070000000,0
FileChannelInterruptsRetryer.totalRetriedAttempts,1788939117070000000,1788939177070000000,0
StreamlinedBlobStorage.totalLiveRecordsCapacityBytes,1788939117070000000,1788939177070000000,0
FilePageCache.WAL.entriesFlushedOnClose,1788939117070000000,1788939177070000000,0
FilePageCache.disposedBuffers,1788939117070000000,1788939177070000000,0
FilePageCache.uncachedFileAccess,1788939117070000000,1788939177070000000,60
FilePageCache.WAL.bytesQueued,1788939117070000000,1788939177070000000,0
StorageLockContext.competingThreads.avg,1788939117070000000,1788939177070000000,0.0
DirectByteBufferAllocator.disposed,1788939117070000000,1788939177070000000,0
FilePageCache.maxCacheSizeInBytes,1788939117070000000,1788939177070000000,400564224
MappedFileStorage.totalTimeSpentOnMappingUs,1788939117070000000,1788939177070000000,179239
StreamlinedBlobStorage.recordsDeleted,1788939117070000000,1788939177070000000,0
FilePageCache.WAL.entriesFlushedOnTruncate,1788939117070000000,1788939177070000000,0
DirectByteBufferAllocator.totalSizeOfBuffersAllocatedInBytes,1788939117070000000,1788939177070000000,400564224
FilePageCache.pageLoadsAboveSizeThreshold,1788939117070000000,1788939177070000000,0
FilePageCache.maxRegisteredFiles,1788939117070000000,1788939177070000000,1072
cacheStateStorage.set.counter,1788939117070000000,1788939177070000000,0
cacheStateStorage.get.counter,1788939117070000000,1788939177070000000,0
cacheStateStorage.get.duration,1788939117070000000,1788939177070000000,0
cacheStateStorage.set.duration,1788939117070000000,1788939177070000000,0
jps.global.initialize.library.bridges.ms,1788939117070000000,1788939177070000000,0
workspaceModel.mutableEntityStorage.changeLog.addReplaceEventForRemovedChild.ms,1788939117070000000,1788939177070000000,0
jps.app.storage.content.reader.load.component.ms,1788939117070000000,1788939177070000000,0
workspaceModel.mutableEntityStorage.put.entity.ms,1788939117070000000,1788939177070000000,0
workspaceModel.global.apply.state.to.project.builder.ms,1788939117070000000,1788939177070000000,0
workspaceModel.mutableEntityStorage.remove.entity.ms,1788939117070000000,1788939177070000000,0
workspaceModel.mutableEntityStorage.entities.by.source.ms,1788939117070000000,1788939177070000000,0
workspaceModel.mutableEntityStorage.collect.changes.ms,1788939117070000000,1788939177070000000,0
workspaceModel.mutableEntityStorage.instances.count,1788939117070000000,1788939177070000000,0
workspaceModel.mutableEntityStorage.changeLog.addReplaceEventForNewChild.ms,1788939117070000000,1788939177070000000,0
workspaceModel.global.updates.ms,1788939117070000000,1788939177070000000,0
jps.load.initial.state.ms,1788939117070000000,1788939177070000000,0
workspaceModel.mutableEntityStorage.add.entity.ms,1788939117070000000,1788939177070000000,0
workspaceModel.mutableEntityStorage.mutable.vfurl.index.ms,1788939117070000000,1788939177070000000,0
workspaceModel.load.cache.metadata.from.file.ms,1788939117070000000,1788939177070000000,0
workspaceModel.mutableEntityStorage.has.same.entities.ms,1788939117070000000,1788939177070000000,0
workspaceModel.mutableEntityStorage.mutable.ext.mapping.ms,1788939117070000000,1788939177070000000,0
jps.global.get.library.ms,1788939117070000000,1788939177070000000,0
workspaceModel.mutableEntityStorage.entities.ms,1788939117070000000,1788939177070000000,0
workspaceModel.mutableEntityStorage.to.snapshot.ms,1788939117070000000,1788939177070000000,0
workspaceModel.mutableEntityStorage.referrers.ms,1788939117070000000,1788939177070000000,0
jps.global.get.libraries.ms,1788939117070000000,1788939177070000000,0
jps.global.handle.before.change.events.ms,1788939117070000000,1788939177070000000,0
jps.global.handle.changed.events.ms,1788939117070000000,1788939177070000000,0
workspaceModel.save.cache.to.file.ms,1788939117070000000,1788939177070000000,0
jps.global.initialize.library.bridges.after.loading.ms,1788939117070000000,1788939177070000000,0
jps.library.entities.serializer.save.entities.ms,1788939117070000000,1788939177070000000,0
workspaceModel.mutableEntityStorage.modify.entity.ms,1788939117070000000,1788939177070000000,0
workspaceModel.mutableEntityStorage.changeLog.addReplaceEventForNewParent.ms,1788939117070000000,1788939177070000000,0
workspaceModel.load.cache.from.file.ms,1788939117070000000,1788939177070000000,0
jps.save.global.entities.ms,1788939117070000000,1788939177070000000,0
workspaceModel.mutableEntityStorage.hasReferrers.ms,1788939117070000000,1788939177070000000,0
jps.library.entities.serializer.load.entities.ms,1788939117070000000,1788939177070000000,0
workspaceModel.mutableEntityStorage.changeLog.addReplaceEventForRemovedParent.ms,1788939117070000000,1788939177070000000,0
workspaceModel.mutableEntityStorage.apply.changes.from.ms,1788939117070000000,1788939177070000000,0
workspaceModel.mutableEntityStorage.replace.by.source.ms,1788939117070000000,1788939177070000000,0
workspaceModel.mutableEntityStorage.resolve.ms,1788939117070000000,1788939177070000000,0
workspaceModel.global.updates.count,1788939117070000000,1788939177070000000,0
workspaceModel.sync.entities.ms,1788939117070000000,1788939177070000000,0
workspaceModel.global.apply.state.to.project.ms,1788939117070000000,1788939177070000000,0
jps.global.get.library.by.name.ms,1788939117070000000,1788939177070000000,0
jps.app.storage.content.writer.save.component.ms,1788939117070000000,1788939177070000000,0
workspaceModel.entityStorageSnapshotImpl.instances.count,1788939117070000000,1788939177070000000,0
writeAction.median.wait.ms,1788939117070000000,1788939177070000000,0
writeAction.wait.ms,1788939117070000000,1788939177070000000,0
writeAction.max.wait.ms,1788939117070000000,1788939177070000000,1
writeAction.count,1788939117070000000,1788939177070000000,0
FlushQueue.waitingTime90PNs,1788939177070000000,1788939237070000000,0
ReadAction.executionsCount,1788939177070000000,1788939237070000000,60
FlushQueue.executionTime90PNs,1788939177070000000,1788939237070000000,0
FlushQueue.queueSize90P,1788939177070000000,1788939237070000000,0
FlushQueue.queueSizeMax,1788939177070000000,1788939237070000000,0
AWTEventQueue.dispatchTime90PNs,1788939177070000000,1788939237070000000,110591
FlushQueue.queueSizeAvg,1788939177070000000,1788939237070000000,0.0
FlushQueue.waitingTimeMaxNs,1788939177070000000,1788939237070000000,0
WriteAction.executionsCount,1788939177070000000,1788939237070000000,0
AWTEventQueue.dispatchTimeMaxNs,1788939177070000000,1788939237070000000,167935
FlushQueue.tasksExecuted,1788939177070000000,1788939237070000000,0
FlushQueue.executionTimeMaxNs,1788939177070000000,1788939237070000000,0
FlushQueue.executionTimeAvgNs,1788939177070000000,1788939237070000000,0.0
AWTEventQueue.eventsDispatched,1788939177070000000,1788939237070000000,180
FlushQueue.waitingTimeAvgNs,1788939177070000000,1788939237070000000,0.0
AWTEventQueue.dispatchTimeTotalNS,1788939177070000000,1788939237070000000,16341733
AWTEventQueue.dispatchTimeAvgNs,1788939177070000000,1788939237070000000,90784.71111111112
VFS.contentStorage.recordsRead,1788939177070000000,1788939237070000000,0
VFS.cache.filesCreated,1788939177070000000,1788939237070000000,0
VFS.ContentWriter.totalTimeSpentOnAsyncOperationsUs,1788939177070000000,1788939237070000000,0
VFS.ContentWriter.totalTasksExecutedSync,1788939177070000000,1788939237070000000,0
VFS.contentStorage.recordsStoredSize,1788939177070000000,1788939237070000000,0
VFS.invertedFileNameIndex.requests,1788939177070000000,1788939237070000000,0
VFS.folderCaseSensitivityReads,1788939177070000000,1788939237070000000,0
FileNameCache.queries,1788939177070000000,1788939237070000000,0
VFS.contentStorage.recordsReadSize,1788939177070000000,1788939237070000000,0
VFS.contentStorage.recordsStoredCompressed,1788939177070000000,1788939237070000000,0
VFS.contentStorage.recordsReadDecompressed,1788939177070000000,1788939237070000000,0
VFS.fileChildByName,1788939177070000000,1788939237070000000,0
VFS.contentStorage.recordsDecompressionTimeUs,1788939177070000000,1788939237070000000,0
FileNameCache.totalMisses,1788939177070000000,1788939237070000000,0
VFS.contentStorage.recordsDeduplicated,1788939177070000000,1788939237070000000,0
VFS.fileByIdCache.hits,1788939177070000000,1788939237070000000,0
VFS.contentStorage.recordsStored,1788939177070000000,1788939237070000000,0
VFS.contentStorage.recordsUncompressedSize,1788939177070000000,1788939237070000000,0
VFS.fileByIdCache.misses,1788939177070000000,1788939237070000000,0
VFS.cache.segments,1788939177070000000,1788939237070000000,0
VFS.cache.segmentsCreated,1788939177070000000,1788939237070000000,0
VFS.ContentWriter.totalTimeSpentOnSyncOperationsUs,1788939177070000000,1788939237070000000,0
VFS.ContentWriter.totalFlushes,1788939177070000000,1788939237070000000,0
VFS.ContentWriter.totalTasksExecutedAsync,1788939177070000000,1788939237070000000,0
VFS.rootsCount,1788939177070000000,1788939237070000000,0.0
VFS.cache.directoriesCreated,1788939177070000000,1788939237070000000,0
Indexing.writesQueuedMin,1788939177070000000,1788939237070000000,0
Indexing.writer_1.totalTimeSpentWritingMs,1788939177070000000,1788939237070000000,0
Indexing.writer_0.totalTimeSpentWritingMs,1788939177070000000,1788939237070000000,0
Indexing.writesQueuedMax,1788939177070000000,1788939237070000000,0
Indexing.cache.totalCacheMisses,1788939177070000000,1788939237070000000,0
Indexing.cache.totalCacheAccesses,1788939177070000000,1788939237070000000,0
Indexing.writer_2.totalTimeSpentWritingMs,1788939177070000000,1788939237070000000,0
Indexing.cache.totalCacheEvicted,1788939177070000000,1788939237070000000,0
Indexing.totalTimeIndexersSleptMs,1788939177070000000,1788939237070000000,0
Indexing.writesQueuedAvg,1788939177070000000,1788939237070000000,0.0
Indexing.writer_3.totalTimeSpentWritingMs,1788939177070000000,1788939237070000000,0
FilePageCache.WAL.flushesForcedByOverflow,1788939177070000000,1788939237070000000,0
MappedFileStorage.storages,1788939177070000000,1788939237070000000,8
StorageLockContext.competingThreads.90P,1788939177070000000,1788939237070000000,0
FilePageCache.pageFastCacheHits,1788939177070000000,1788939237070000000,180
DirectByteBufferAllocator.reclaimed,1788939177070000000,1788939237070000000,0
FilePageCache.WAL.bytesCopiedByApplyUnfinished,1788939177070000000,1788939237070000000,0
FilePageCache.totalBytesStored,1788939177070000000,1788939237070000000,960
StreamlinedBlobStorage.recordsAllocated,1788939177070000000,1788939237070000000,0
DirectByteBufferAllocator.hits,1788939177070000000,1788939237070000000,0
StorageLockContext.competingThreads.max,1788939177070000000,1788939237070000000,0
DirectByteBufferAllocator.totalSizeOfBuffersCachedInBytes,1788939177070000000,1788939237070000000,41959424
FilePageCache.WAL.entriesFlushed,1788939177070000000,1788939237070000000,0
FilePageCache.totalPageStoresUs,1788939177070000000,1788939237070000000,8551
DirectByteBufferAllocator.misses,1788939177070000000,1788939237070000000,0
FilePageCache.WAL.entriesFlushedOnRead,1788939177070000000,1788939237070000000,0
MappedFileStorage.totalBytesMapped,1788939177070000000,1788939237070000000,232783872
FilePageCache.pageHits,1788939177070000000,1788939237070000000,0
FilePageCache.capacityInBytes,1788939177070000000,1788939237070000000,629145600
MappedFileStorage.totalPagesMapped,1788939177070000000,1788939237070000000,8
StreamlinedBlobStorage.totalLiveRecordsPayloadBytes,1788939177070000000,1788939237070000000,0
FilePageCache.totalPageDisposalsUs,1788939177070000000,1788939237070000000,0
StreamlinedBlobStorage.recordsRelocated,1788939177070000000,1788939237070000000,0
FilePageCache.totalPageLoadsUs,1788939177070000000,1788939237070000000,0
FilePageCache.WAL.entriesFlushedOnForce,1788939177070000000,1788939237070000000,0
FilePageCache.pageLoads,1788939177070000000,1788939237070000000,0
FileChannelInterruptsRetryer.totalRetriedAttempts,1788939177070000000,1788939237070000000,0
StreamlinedBlobStorage.totalLiveRecordsCapacityBytes,1788939177070000000,1788939237070000000,0
FilePageCache.WAL.entriesFlushedOnClose,1788939177070000000,1788939237070000000,0
FilePageCache.disposedBuffers,1788939177070000000,1788939237070000000,0
FilePageCache.uncachedFileAccess,1788939177070000000,1788939237070000000,60
FilePageCache.WAL.bytesQueued,1788939177070000000,1788939237070000000,0
StorageLockContext.competingThreads.avg,1788939177070000000,1788939237070000000,0.0
DirectByteBufferAllocator.disposed,1788939177070000000,1788939237070000000,0
FilePageCache.maxCacheSizeInBytes,1788939177070000000,1788939237070000000,400564224
MappedFileStorage.totalTimeSpentOnMappingUs,1788939177070000000,1788939237070000000,179239
StreamlinedBlobStorage.recordsDeleted,1788939177070000000,1788939237070000000,0
FilePageCache.WAL.entriesFlushedOnTruncate,1788939177070000000,1788939237070000000,0
DirectByteBufferAllocator.totalSizeOfBuffersAllocatedInBytes,1788939177070000000,1788939237070000000,400564224
FilePageCache.pageLoadsAboveSizeThreshold,1788939177070000000,1788939237070000000,0
FilePageCache.maxRegisteredFiles,1788939177070000000,1788939237070000000,1072
cacheStateStorage.set.counter,1788939177070000000,1788939237070000000,0
cacheStateStorage.get.counter,1788939177070000000,1788939237070000000,0
cacheStateStorage.get.duration,1788939177070000000,1788939237070000000,0
cacheStateStorage.set.duration,1788939177070000000,1788939237070000000,0
jps.global.initialize.library.bridges.ms,1788939177070000000,1788939237070000000,0
workspaceModel.mutableEntityStorage.changeLog.addReplaceEventForRemovedChild.ms,1788939177070000000,1788939237070000000,0
jps.app.storage.content.reader.load.component.ms,1788939177070000000,1788939237070000000,0
workspaceModel.mutableEntityStorage.put.entity.ms,1788939177070000000,1788939237070000000,0
workspaceModel.global.apply.state.to.project.builder.ms,1788939177070000000,1788939237070000000,0
workspaceModel.mutableEntityStorage.remove.entity.ms,1788939177070000000,1788939237070000000,0
workspaceModel.mutableEntityStorage.entities.by.source.ms,1788939177070000000,1788939237070000000,0
workspaceModel.mutableEntityStorage.collect.changes.ms,1788939177070000000,1788939237070000000,0
workspaceModel.mutableEntityStorage.instances.count,1788939177070000000,1788939237070000000,0
workspaceModel.mutableEntityStorage.changeLog.addReplaceEventForNewChild.ms,1788939177070000000,1788939237070000000,0
workspaceModel.global.updates.ms,1788939177070000000,1788939237070000000,0
jps.load.initial.state.ms,1788939177070000000,1788939237070000000,0
workspaceModel.mutableEntityStorage.add.entity.ms,1788939177070000000,1788939237070000000,0
workspaceModel.mutableEntityStorage.mutable.vfurl.index.ms,1788939177070000000,1788939237070000000,0
workspaceModel.load.cache.metadata.from.file.ms,1788939177070000000,1788939237070000000,0
workspaceModel.mutableEntityStorage.has.same.entities.ms,1788939177070000000,1788939237070000000,0
workspaceModel.mutableEntityStorage.mutable.ext.mapping.ms,1788939177070000000,1788939237070000000,0
jps.global.get.library.ms,1788939177070000000,1788939237070000000,0
workspaceModel.mutableEntityStorage.entities.ms,1788939177070000000,1788939237070000000,0
workspaceModel.mutableEntityStorage.to.snapshot.ms,1788939177070000000,1788939237070000000,0
workspaceModel.mutableEntityStorage.referrers.ms,1788939177070000000,1788939237070000000,0
jps.global.get.libraries.ms,1788939177070000000,1788939237070000000,0
jps.global.handle.before.change.events.ms,1788939177070000000,1788939237070000000,0
jps.global.handle.changed.events.ms,1788939177070000000,1788939237070000000,0
workspaceModel.save.cache.to.file.ms,1788939177070000000,1788939237070000000,0
jps.global.initialize.library.bridges.after.loading.ms,1788939177070000000,1788939237070000000,0
jps.library.entities.serializer.save.entities.ms,1788939177070000000,1788939237070000000,0
workspaceModel.mutableEntityStorage.modify.entity.ms,1788939177070000000,1788939237070000000,0
workspaceModel.mutableEntityStorage.changeLog.addReplaceEventForNewParent.ms,1788939177070000000,1788939237070000000,0
workspaceModel.load.cache.from.file.ms,1788939177070000000,1788939237070000000,0
jps.save.global.entities.ms,1788939177070000000,1788939237070000000,0
workspaceModel.mutableEntityStorage.hasReferrers.ms,1788939177070000000,1788939237070000000,0
jps.library.entities.serializer.load.entities.ms,1788939177070000000,1788939237070000000,0
workspaceModel.mutableEntityStorage.changeLog.addReplaceEventForRemovedParent.ms,1788939177070000000,1788939237070000000,0
workspaceModel.mutableEntityStorage.apply.changes.from.ms,1788939177070000000,1788939237070000000,0
workspaceModel.mutableEntityStorage.replace.by.source.ms,1788939177070000000,1788939237070000000,0
workspaceModel.mutableEntityStorage.resolve.ms,1788939177070000000,1788939237070000000,0
workspaceModel.global.updates.count,1788939177070000000,1788939237070000000,0
workspaceModel.sync.entities.ms,1788939177070000000,1788939237070000000,0
workspaceModel.global.apply.state.to.project.ms,1788939177070000000,1788939237070000000,0
jps.global.get.library.by.name.ms,1788939177070000000,1788939237070000000,0
jps.app.storage.content.writer.save.component.ms,1788939177070000000,1788939237070000000,0
workspaceModel.entityStorageSnapshotImpl.instances.count,1788939177070000000,1788939237070000000,0
writeAction.median.wait.ms,1788939177070000000,1788939237070000000,0
writeAction.wait.ms,1788939177070000000,1788939237070000000,0
writeAction.max.wait.ms,1788939177070000000,1788939237070000000,1
writeAction.count,1788939177070000000,1788939237070000000,0
FlushQueue.waitingTime90PNs,1788939237070000000,1788939297070000000,0
ReadAction.executionsCount,1788939237070000000,1788939297070000000,60
FlushQueue.executionTime90PNs,1788939237070000000,1788939297070000000,0
FlushQueue.queueSize90P,1788939237070000000,1788939297070000000,0
FlushQueue.queueSizeMax,1788939237070000000,1788939297070000000,0
AWTEventQueue.dispatchTime90PNs,1788939237070000000,1788939297070000000,106495
FlushQueue.queueSizeAvg,1788939237070000000,1788939297070000000,0.0
FlushQueue.waitingTimeMaxNs,1788939237070000000,1788939297070000000,0
WriteAction.executionsCount,1788939237070000000,1788939297070000000,0
AWTEventQueue.dispatchTimeMaxNs,1788939237070000000,1788939297070000000,360447
FlushQueue.tasksExecuted,1788939237070000000,1788939297070000000,0
FlushQueue.executionTimeMaxNs,1788939237070000000,1788939297070000000,0
FlushQueue.executionTimeAvgNs,1788939237070000000,1788939297070000000,0.0
AWTEventQueue.eventsDispatched,1788939237070000000,1788939297070000000,180
FlushQueue.waitingTimeAvgNs,1788939237070000000,1788939297070000000,0.0
AWTEventQueue.dispatchTimeTotalNS,1788939237070000000,1788939297070000000,16168044
AWTEventQueue.dispatchTimeAvgNs,1788939237070000000,1788939297070000000,89834.66666666667
VFS.contentStorage.recordsRead,1788939237070000000,1788939297070000000,0
VFS.cache.filesCreated,1788939237070000000,1788939297070000000,0
VFS.ContentWriter.totalTimeSpentOnAsyncOperationsUs,1788939237070000000,1788939297070000000,0
VFS.ContentWriter.totalTasksExecutedSync,1788939237070000000,1788939297070000000,0
VFS.contentStorage.recordsStoredSize,1788939237070000000,1788939297070000000,0
VFS.invertedFileNameIndex.requests,1788939237070000000,1788939297070000000,0
VFS.folderCaseSensitivityReads,1788939237070000000,1788939297070000000,0
FileNameCache.queries,1788939237070000000,1788939297070000000,0
VFS.contentStorage.recordsReadSize,1788939237070000000,1788939297070000000,0
VFS.contentStorage.recordsStoredCompressed,1788939237070000000,1788939297070000000,0
VFS.contentStorage.recordsReadDecompressed,1788939237070000000,1788939297070000000,0
VFS.fileChildByName,1788939237070000000,1788939297070000000,0
VFS.contentStorage.recordsDecompressionTimeUs,1788939237070000000,1788939297070000000,0
FileNameCache.totalMisses,1788939237070000000,1788939297070000000,0
VFS.contentStorage.recordsDeduplicated,1788939237070000000,1788939297070000000,0
VFS.fileByIdCache.hits,1788939237070000000,1788939297070000000,0
VFS.contentStorage.recordsStored,1788939237070000000,1788939297070000000,0
VFS.contentStorage.recordsUncompressedSize,1788939237070000000,1788939297070000000,0
VFS.fileByIdCache.misses,1788939237070000000,1788939297070000000,0
VFS.cache.segments,1788939237070000000,1788939297070000000,0
VFS.cache.segmentsCreated,1788939237070000000,1788939297070000000,0
VFS.ContentWriter.totalTimeSpentOnSyncOperationsUs,1788939237070000000,1788939297070000000,0
VFS.ContentWriter.totalFlushes,1788939237070000000,1788939297070000000,0
VFS.ContentWriter.totalTasksExecutedAsync,1788939237070000000,1788939297070000000,0
VFS.rootsCount,1788939237070000000,1788939297070000000,0.0
VFS.cache.directoriesCreated,1788939237070000000,1788939297070000000,0
Indexing.writesQueuedMin,1788939237070000000,1788939297070000000,0
Indexing.writer_1.totalTimeSpentWritingMs,1788939237070000000,1788939297070000000,0
Indexing.writer_0.totalTimeSpentWritingMs,1788939237070000000,1788939297070000000,0
Indexing.writesQueuedMax,1788939237070000000,1788939297070000000,0
Indexing.cache.totalCacheMisses,1788939237070000000,1788939297070000000,0
Indexing.cache.totalCacheAccesses,1788939237070000000,1788939297070000000,0
Indexing.writer_2.totalTimeSpentWritingMs,1788939237070000000,1788939297070000000,0
Indexing.cache.totalCacheEvicted,1788939237070000000,1788939297070000000,0
Indexing.totalTimeIndexersSleptMs,1788939237070000000,1788939297070000000,0
Indexing.writesQueuedAvg,1788939237070000000,1788939297070000000,0.0
Indexing.writer_3.totalTimeSpentWritingMs,1788939237070000000,1788939297070000000,0
FilePageCache.WAL.flushesForcedByOverflow,1788939237070000000,1788939297070000000,0
MappedFileStorage.storages,1788939237070000000,1788939297070000000,8
StorageLockContext.competingThreads.90P,1788939237070000000,1788939297070000000,0
FilePageCache.pageFastCacheHits,1788939237070000000,1788939297070000000,180
DirectByteBufferAllocator.reclaimed,1788939237070000000,1788939297070000000,0
FilePageCache.WAL.bytesCopiedByApplyUnfinished,1788939237070000000,1788939297070000000,0
FilePageCache.totalBytesStored,1788939237070000000,1788939297070000000,960
StreamlinedBlobStorage.recordsAllocated,1788939237070000000,1788939297070000000,0
DirectByteBufferAllocator.hits,1788939237070000000,1788939297070000000,0
StorageLockContext.competingThreads.max,1788939237070000000,1788939297070000000,0
DirectByteBufferAllocator.totalSizeOfBuffersCachedInBytes,1788939237070000000,1788939297070000000,41959424
FilePageCache.WAL.entriesFlushed,1788939237070000000,1788939297070000000,0
FilePageCache.totalPageStoresUs,1788939237070000000,1788939297070000000,8870
DirectByteBufferAllocator.misses,1788939237070000000,1788939297070000000,0
FilePageCache.WAL.entriesFlushedOnRead,1788939237070000000,1788939297070000000,0
MappedFileStorage.totalBytesMapped,1788939237070000000,1788939297070000000,232783872
FilePageCache.pageHits,1788939237070000000,1788939297070000000,0
FilePageCache.capacityInBytes,1788939237070000000,1788939297070000000,629145600
MappedFileStorage.totalPagesMapped,1788939237070000000,1788939297070000000,8
StreamlinedBlobStorage.totalLiveRecordsPayloadBytes,1788939237070000000,1788939297070000000,0
FilePageCache.totalPageDisposalsUs,1788939237070000000,1788939297070000000,0
StreamlinedBlobStorage.recordsRelocated,1788939237070000000,1788939297070000000,0
FilePageCache.totalPageLoadsUs,1788939237070000000,1788939297070000000,0
FilePageCache.WAL.entriesFlushedOnForce,1788939237070000000,1788939297070000000,0
FilePageCache.pageLoads,1788939237070000000,1788939297070000000,0
FileChannelInterruptsRetryer.totalRetriedAttempts,1788939237070000000,1788939297070000000,0
StreamlinedBlobStorage.totalLiveRecordsCapacityBytes,1788939237070000000,1788939297070000000,0
FilePageCache.WAL.entriesFlushedOnClose,1788939237070000000,1788939297070000000,0
FilePageCache.disposedBuffers,1788939237070000000,1788939297070000000,0
FilePageCache.uncachedFileAccess,1788939237070000000,1788939297070000000,60
FilePageCache.WAL.bytesQueued,1788939237070000000,1788939297070000000,0
StorageLockContext.competingThreads.avg,1788939237070000000,1788939297070000000,0.0
DirectByteBufferAllocator.disposed,1788939237070000000,1788939297070000000,0
FilePageCache.maxCacheSizeInBytes,1788939237070000000,1788939297070000000,400564224
MappedFileStorage.totalTimeSpentOnMappingUs,1788939237070000000,1788939297070000000,179239
StreamlinedBlobStorage.recordsDeleted,1788939237070000000,1788939297070000000,0
FilePageCache.WAL.entriesFlushedOnTruncate,1788939237070000000,1788939297070000000,0
DirectByteBufferAllocator.totalSizeOfBuffersAllocatedInBytes,1788939237070000000,1788939297070000000,400564224
FilePageCache.pageLoadsAboveSizeThreshold,1788939237070000000,1788939297070000000,0
FilePageCache.maxRegisteredFiles,1788939237070000000,1788939297070000000,1072
cacheStateStorage.set.counter,1788939237070000000,1788939297070000000,0
cacheStateStorage.get.counter,1788939237070000000,1788939297070000000,0
cacheStateStorage.get.duration,1788939237070000000,1788939297070000000,0
cacheStateStorage.set.duration,1788939237070000000,1788939297070000000,0
jps.global.initialize.library.bridges.ms,1788939237070000000,1788939297070000000,0
workspaceModel.mutableEntityStorage.changeLog.addReplaceEventForRemovedChild.ms,1788939237070000000,1788939297070000000,0
jps.app.storage.content.reader.load.component.ms,1788939237070000000,1788939297070000000,0
workspaceModel.mutableEntityStorage.put.entity.ms,1788939237070000000,1788939297070000000,0
workspaceModel.global.apply.state.to.project.builder.ms,1788939237070000000,1788939297070000000,0
workspaceModel.mutableEntityStorage.remove.entity.ms,1788939237070000000,1788939297070000000,0
workspaceModel.mutableEntityStorage.entities.by.source.ms,1788939237070000000,1788939297070000000,0
workspaceModel.mutableEntityStorage.collect.changes.ms,1788939237070000000,1788939297070000000,0
workspaceModel.mutableEntityStorage.instances.count,1788939237070000000,1788939297070000000,0
workspaceModel.mutableEntityStorage.changeLog.addReplaceEventForNewChild.ms,1788939237070000000,1788939297070000000,0
workspaceModel.global.updates.ms,1788939237070000000,1788939297070000000,0
jps.load.initial.state.ms,1788939237070000000,1788939297070000000,0
workspaceModel.mutableEntityStorage.add.entity.ms,1788939237070000000,1788939297070000000,0
workspaceModel.mutableEntityStorage.mutable.vfurl.index.ms,1788939237070000000,1788939297070000000,0
workspaceModel.load.cache.metadata.from.file.ms,1788939237070000000,1788939297070000000,0
workspaceModel.mutableEntityStorage.has.same.entities.ms,1788939237070000000,1788939297070000000,0
workspaceModel.mutableEntityStorage.mutable.ext.mapping.ms,1788939237070000000,1788939297070000000,0
jps.global.get.library.ms,1788939237070000000,1788939297070000000,0
workspaceModel.mutableEntityStorage.entities.ms,1788939237070000000,1788939297070000000,0
workspaceModel.mutableEntityStorage.to.snapshot.ms,1788939237070000000,1788939297070000000,0
workspaceModel.mutableEntityStorage.referrers.ms,1788939237070000000,1788939297070000000,0
jps.global.get.libraries.ms,1788939237070000000,1788939297070000000,0
jps.global.handle.before.change.events.ms,1788939237070000000,1788939297070000000,0
jps.global.handle.changed.events.ms,1788939237070000000,1788939297070000000,0
workspaceModel.save.cache.to.file.ms,1788939237070000000,1788939297070000000,0
jps.global.initialize.library.bridges.after.loading.ms,1788939237070000000,1788939297070000000,0
jps.library.entities.serializer.save.entities.ms,1788939237070000000,1788939297070000000,0
workspaceModel.mutableEntityStorage.modify.entity.ms,1788939237070000000,1788939297070000000,0
workspaceModel.mutableEntityStorage.changeLog.addReplaceEventForNewParent.ms,1788939237070000000,1788939297070000000,0
workspaceModel.load.cache.from.file.ms,1788939237070000000,1788939297070000000,0
jps.save.global.entities.ms,1788939237070000000,1788939297070000000,0
workspaceModel.mutableEntityStorage.hasReferrers.ms,1788939237070000000,1788939297070000000,0
jps.library.entities.serializer.load.entities.ms,1788939237070000000,1788939297070000000,0
workspaceModel.mutableEntityStorage.changeLog.addReplaceEventForRemovedParent.ms,1788939237070000000,1788939297070000000,0
workspaceModel.mutableEntityStorage.apply.changes.from.ms,1788939237070000000,1788939297070000000,0
workspaceModel.mutableEntityStorage.replace.by.source.ms,1788939237070000000,1788939297070000000,0
workspaceModel.mutableEntityStorage.resolve.ms,1788939237070000000,1788939297070000000,0
workspaceModel.global.updates.count,1788939237070000000,1788939297070000000,0
workspaceModel.sync.entities.ms,1788939237070000000,1788939297070000000,0
workspaceModel.global.apply.state.to.project.ms,1788939237070000000,1788939297070000000,0
jps.global.get.library.by.name.ms,1788939237070000000,1788939297070000000,0
jps.app.storage.content.writer.save.component.ms,1788939237070000000,1788939297070000000,0
workspaceModel.entityStorageSnapshotImpl.instances.count,1788939237070000000,1788939297070000000,0
writeAction.median.wait.ms,1788939237070000000,1788939297070000000,0
writeAction.wait.ms,1788939237070000000,1788939297070000000,0
writeAction.max.wait.ms,1788939237070000000,1788939297070000000,1
writeAction.count,1788939237070000000,1788939297070000000,0
FlushQueue.waitingTime90PNs,1788939297070000000,1788939357070000000,0
ReadAction.executionsCount,1788939297070000000,1788939357070000000,60
FlushQueue.executionTime90PNs,1788939297070000000,1788939357070000000,0
FlushQueue.queueSize90P,1788939297070000000,1788939357070000000,0
FlushQueue.queueSizeMax,1788939297070000000,1788939357070000000,0
AWTEventQueue.dispatchTime90PNs,1788939297070000000,1788939357070000000,92671
FlushQueue.queueSizeAvg,1788939297070000000,1788939357070000000,0.0
FlushQueue.waitingTimeMaxNs,1788939297070000000,1788939357070000000,0
WriteAction.executionsCount,1788939297070000000,1788939357070000000,0
AWTEventQueue.dispatchTimeMaxNs,1788939297070000000,1788939357070000000,149503
FlushQueue.tasksExecuted,1788939297070000000,1788939357070000000,0
FlushQueue.executionTimeMaxNs,1788939297070000000,1788939357070000000,0
FlushQueue.executionTimeAvgNs,1788939297070000000,1788939357070000000,0.0
AWTEventQueue.eventsDispatched,1788939297070000000,1788939357070000000,180
FlushQueue.waitingTimeAvgNs,1788939297070000000,1788939357070000000,0.0
AWTEventQueue.dispatchTimeTotalNS,1788939297070000000,1788939357070000000,14629269
AWTEventQueue.dispatchTimeAvgNs,1788939297070000000,1788939357070000000,81268.62222222223
VFS.contentStorage.recordsRead,1788939297070000000,1788939357070000000,0
VFS.cache.filesCreated,1788939297070000000,1788939357070000000,0
VFS.ContentWriter.totalTimeSpentOnAsyncOperationsUs,1788939297070000000,1788939357070000000,0
VFS.ContentWriter.totalTasksExecutedSync,1788939297070000000,1788939357070000000,0
VFS.contentStorage.recordsStoredSize,1788939297070000000,1788939357070000000,0
VFS.invertedFileNameIndex.requests,1788939297070000000,1788939357070000000,0
VFS.folderCaseSensitivityReads,1788939297070000000,1788939357070000000,0
FileNameCache.queries,1788939297070000000,1788939357070000000,0
VFS.contentStorage.recordsReadSize,1788939297070000000,1788939357070000000,0
VFS.contentStorage.recordsStoredCompressed,1788939297070000000,1788939357070000000,0
VFS.contentStorage.recordsReadDecompressed,1788939297070000000,1788939357070000000,0
VFS.fileChildByName,1788939297070000000,1788939357070000000,0
VFS.contentStorage.recordsDecompressionTimeUs,1788939297070000000,1788939357070000000,0
FileNameCache.totalMisses,1788939297070000000,1788939357070000000,0
VFS.contentStorage.recordsDeduplicated,1788939297070000000,1788939357070000000,0
VFS.fileByIdCache.hits,1788939297070000000,1788939357070000000,0
VFS.contentStorage.recordsStored,1788939297070000000,1788939357070000000,0
VFS.contentStorage.recordsUncompressedSize,1788939297070000000,1788939357070000000,0
VFS.fileByIdCache.misses,1788939297070000000,1788939357070000000,0
VFS.cache.segments,1788939297070000000,1788939357070000000,0
VFS.cache.segmentsCreated,1788939297070000000,1788939357070000000,0
VFS.ContentWriter.totalTimeSpentOnSyncOperationsUs,1788939297070000000,1788939357070000000,0
VFS.ContentWriter.totalFlushes,1788939297070000000,1788939357070000000,0
VFS.ContentWriter.totalTasksExecutedAsync,1788939297070000000,1788939357070000000,0
VFS.rootsCount,1788939297070000000,1788939357070000000,0.0
VFS.cache.directoriesCreated,1788939297070000000,1788939357070000000,0
Indexing.writesQueuedMin,1788939297070000000,1788939357070000000,0
Indexing.writer_1.totalTimeSpentWritingMs,1788939297070000000,1788939357070000000,0
Indexing.writer_0.totalTimeSpentWritingMs,1788939297070000000,1788939357070000000,0
Indexing.writesQueuedMax,1788939297070000000,1788939357070000000,0
Indexing.cache.totalCacheMisses,1788939297070000000,1788939357070000000,0
Indexing.cache.totalCacheAccesses,1788939297070000000,1788939357070000000,0
Indexing.writer_2.totalTimeSpentWritingMs,1788939297070000000,1788939357070000000,0
Indexing.cache.totalCacheEvicted,1788939297070000000,1788939357070000000,0
Indexing.totalTimeIndexersSleptMs,1788939297070000000,1788939357070000000,0
Indexing.writesQueuedAvg,1788939297070000000,1788939357070000000,0.0
Indexing.writer_3.totalTimeSpentWritingMs,1788939297070000000,1788939357070000000,0
FilePageCache.WAL.flushesForcedByOverflow,1788939297070000000,1788939357070000000,0
MappedFileStorage.storages,1788939297070000000,1788939357070000000,8
StorageLockContext.competingThreads.90P,1788939297070000000,1788939357070000000,0
FilePageCache.pageFastCacheHits,1788939297070000000,1788939357070000000,180
DirectByteBufferAllocator.reclaimed,1788939297070000000,1788939357070000000,0
FilePageCache.WAL.bytesCopiedByApplyUnfinished,1788939297070000000,1788939357070000000,0
FilePageCache.totalBytesStored,1788939297070000000,1788939357070000000,960
StreamlinedBlobStorage.recordsAllocated,1788939297070000000,1788939357070000000,0
DirectByteBufferAllocator.hits,1788939297070000000,1788939357070000000,0
StorageLockContext.competingThreads.max,1788939297070000000,1788939357070000000,0
DirectByteBufferAllocator.totalSizeOfBuffersCachedInBytes,1788939297070000000,1788939357070000000,41959424
FilePageCache.WAL.entriesFlushed,1788939297070000000,1788939357070000000,0
FilePageCache.totalPageStoresUs,1788939297070000000,1788939357070000000,8352
DirectByteBufferAllocator.misses,1788939297070000000,1788939357070000000,0
FilePageCache.WAL.entriesFlushedOnRead,1788939297070000000,1788939357070000000,0
MappedFileStorage.totalBytesMapped,1788939297070000000,1788939357070000000,232783872
FilePageCache.pageHits,1788939297070000000,1788939357070000000,0
FilePageCache.capacityInBytes,1788939297070000000,1788939357070000000,629145600
MappedFileStorage.totalPagesMapped,1788939297070000000,1788939357070000000,8
StreamlinedBlobStorage.totalLiveRecordsPayloadBytes,1788939297070000000,1788939357070000000,0
FilePageCache.totalPageDisposalsUs,1788939297070000000,1788939357070000000,0
StreamlinedBlobStorage.recordsRelocated,1788939297070000000,1788939357070000000,0
FilePageCache.totalPageLoadsUs,1788939297070000000,1788939357070000000,0
FilePageCache.WAL.entriesFlushedOnForce,1788939297070000000,1788939357070000000,0
FilePageCache.pageLoads,1788939297070000000,1788939357070000000,0
FileChannelInterruptsRetryer.totalRetriedAttempts,1788939297070000000,1788939357070000000,0
StreamlinedBlobStorage.totalLiveRecordsCapacityBytes,1788939297070000000,1788939357070000000,0
FilePageCache.WAL.entriesFlushedOnClose,1788939297070000000,1788939357070000000,0
FilePageCache.disposedBuffers,1788939297070000000,1788939357070000000,0
FilePageCache.uncachedFileAccess,1788939297070000000,1788939357070000000,60
FilePageCache.WAL.bytesQueued,1788939297070000000,1788939357070000000,0
StorageLockContext.competingThreads.avg,1788939297070000000,1788939357070000000,0.0
DirectByteBufferAllocator.disposed,1788939297070000000,1788939357070000000,0
FilePageCache.maxCacheSizeInBytes,1788939297070000000,1788939357070000000,400564224
MappedFileStorage.totalTimeSpentOnMappingUs,1788939297070000000,1788939357070000000,179239
StreamlinedBlobStorage.recordsDeleted,1788939297070000000,1788939357070000000,0
FilePageCache.WAL.entriesFlushedOnTruncate,1788939297070000000,1788939357070000000,0
DirectByteBufferAllocator.totalSizeOfBuffersAllocatedInBytes,1788939297070000000,1788939357070000000,400564224
FilePageCache.pageLoadsAboveSizeThreshold,1788939297070000000,1788939357070000000,0
FilePageCache.maxRegisteredFiles,1788939297070000000,1788939357070000000,1072
cacheStateStorage.set.counter,1788939297070000000,1788939357070000000,0
cacheStateStorage.get.counter,1788939297070000000,1788939357070000000,0
cacheStateStorage.get.duration,1788939297070000000,1788939357070000000,0
cacheStateStorage.set.duration,1788939297070000000,1788939357070000000,0
jps.global.initialize.library.bridges.ms,1788939297070000000,1788939357070000000,0
workspaceModel.mutableEntityStorage.changeLog.addReplaceEventForRemovedChild.ms,1788939297070000000,1788939357070000000,0
jps.app.storage.content.reader.load.component.ms,1788939297070000000,1788939357070000000,0
workspaceModel.mutableEntityStorage.put.entity.ms,1788939297070000000,1788939357070000000,0
workspaceModel.global.apply.state.to.project.builder.ms,1788939297070000000,1788939357070000000,0
workspaceModel.mutableEntityStorage.remove.entity.ms,1788939297070000000,1788939357070000000,0
workspaceModel.mutableEntityStorage.entities.by.source.ms,1788939297070000000,1788939357070000000,0
workspaceModel.mutableEntityStorage.collect.changes.ms,1788939297070000000,1788939357070000000,0
workspaceModel.mutableEntityStorage.instances.count,1788939297070000000,1788939357070000000,0
workspaceModel.mutableEntityStorage.changeLog.addReplaceEventForNewChild.ms,1788939297070000000,1788939357070000000,0
workspaceModel.global.updates.ms,1788939297070000000,1788939357070000000,0
jps.load.initial.state.ms,1788939297070000000,1788939357070000000,0
workspaceModel.mutableEntityStorage.add.entity.ms,1788939297070000000,1788939357070000000,0
workspaceModel.mutableEntityStorage.mutable.vfurl.index.ms,1788939297070000000,1788939357070000000,0
workspaceModel.load.cache.metadata.from.file.ms,1788939297070000000,1788939357070000000,0
workspaceModel.mutableEntityStorage.has.same.entities.ms,1788939297070000000,1788939357070000000,0
workspaceModel.mutableEntityStorage.mutable.ext.mapping.ms,1788939297070000000,1788939357070000000,0
jps.global.get.library.ms,1788939297070000000,1788939357070000000,0
workspaceModel.mutableEntityStorage.entities.ms,1788939297070000000,1788939357070000000,0
workspaceModel.mutableEntityStorage.to.snapshot.ms,1788939297070000000,1788939357070000000,0
workspaceModel.mutableEntityStorage.referrers.ms,1788939297070000000,1788939357070000000,0
jps.global.get.libraries.ms,1788939297070000000,1788939357070000000,0
jps.global.handle.before.change.events.ms,1788939297070000000,1788939357070000000,0
jps.global.handle.changed.events.ms,1788939297070000000,1788939357070000000,0
workspaceModel.save.cache.to.file.ms,1788939297070000000,1788939357070000000,0
jps.global.initialize.library.bridges.after.loading.ms,1788939297070000000,1788939357070000000,0
jps.library.entities.serializer.save.entities.ms,1788939297070000000,1788939357070000000,0
workspaceModel.mutableEntityStorage.modify.entity.ms,1788939297070000000,1788939357070000000,0
workspaceModel.mutableEntityStorage.changeLog.addReplaceEventForNewParent.ms,1788939297070000000,1788939357070000000,0
workspaceModel.load.cache.from.file.ms,1788939297070000000,1788939357070000000,0
jps.save.global.entities.ms,1788939297070000000,1788939357070000000,0
workspaceModel.mutableEntityStorage.hasReferrers.ms,1788939297070000000,1788939357070000000,0
jps.library.entities.serializer.load.entities.ms,1788939297070000000,1788939357070000000,0
workspaceModel.mutableEntityStorage.changeLog.addReplaceEventForRemovedParent.ms,1788939297070000000,1788939357070000000,0
workspaceModel.mutableEntityStorage.apply.changes.from.ms,1788939297070000000,1788939357070000000,0
workspaceModel.mutableEntityStorage.replace.by.source.ms,1788939297070000000,1788939357070000000,0
workspaceModel.mutableEntityStorage.resolve.ms,1788939297070000000,1788939357070000000,0
workspaceModel.global.updates.count,1788939297070000000,1788939357070000000,0
workspaceModel.sync.entities.ms,1788939297070000000,1788939357070000000,0
workspaceModel.global.apply.state.to.project.ms,1788939297070000000,1788939357070000000,0
jps.global.get.library.by.name.ms,1788939297070000000,1788939357070000000,0
jps.app.storage.content.writer.save.component.ms,1788939297070000000,1788939357070000000,0
workspaceModel.entityStorageSnapshotImpl.instances.count,1788939297070000000,1788939357070000000,0
writeAction.median.wait.ms,1788939297070000000,1788939357070000000,0
writeAction.wait.ms,1788939297070000000,1788939357070000000,0
writeAction.max.wait.ms,1788939297070000000,1788939357070000000,1
writeAction.count,1788939297070000000,1788939357070000000,0
FlushQueue.waitingTime90PNs,1788939357070000000,1788939417070000000,0
ReadAction.executionsCount,1788939357070000000,1788939417070000000,60
FlushQueue.executionTime90PNs,1788939357070000000,1788939417070000000,0
FlushQueue.queueSize90P,1788939357070000000,1788939417070000000,0
FlushQueue.queueSizeMax,1788939357070000000,1788939417070000000,0
AWTEventQueue.dispatchTime90PNs,1788939357070000000,1788939417070000000,94719
FlushQueue.queueSizeAvg,1788939357070000000,1788939417070000000,0.0
FlushQueue.waitingTimeMaxNs,1788939357070000000,1788939417070000000,0
WriteAction.executionsCount,1788939357070000000,1788939417070000000,0
AWTEventQueue.dispatchTimeMaxNs,1788939357070000000,1788939417070000000,152575
FlushQueue.tasksExecuted,1788939357070000000,1788939417070000000,0
FlushQueue.executionTimeMaxNs,1788939357070000000,1788939417070000000,0
FlushQueue.executionTimeAvgNs,1788939357070000000,1788939417070000000,0.0
AWTEventQueue.eventsDispatched,1788939357070000000,1788939417070000000,180
FlushQueue.waitingTimeAvgNs,1788939357070000000,1788939417070000000,0.0
AWTEventQueue.dispatchTimeTotalNS,1788939357070000000,1788939417070000000,14621502
AWTEventQueue.dispatchTimeAvgNs,1788939357070000000,1788939417070000000,81248.71111111112
VFS.contentStorage.recordsRead,1788939357070000000,1788939417070000000,0
VFS.cache.filesCreated,1788939357070000000,1788939417070000000,0
VFS.ContentWriter.totalTimeSpentOnAsyncOperationsUs,1788939357070000000,1788939417070000000,0
VFS.ContentWriter.totalTasksExecutedSync,1788939357070000000,1788939417070000000,0
VFS.contentStorage.recordsStoredSize,1788939357070000000,1788939417070000000,0
VFS.invertedFileNameIndex.requests,1788939357070000000,1788939417070000000,0
VFS.folderCaseSensitivityReads,1788939357070000000,1788939417070000000,0
FileNameCache.queries,1788939357070000000,1788939417070000000,0
VFS.contentStorage.recordsReadSize,1788939357070000000,1788939417070000000,0
VFS.contentStorage.recordsStoredCompressed,1788939357070000000,1788939417070000000,0
VFS.contentStorage.recordsReadDecompressed,1788939357070000000,1788939417070000000,0
VFS.fileChildByName,1788939357070000000,1788939417070000000,0
VFS.contentStorage.recordsDecompressionTimeUs,1788939357070000000,1788939417070000000,0
FileNameCache.totalMisses,1788939357070000000,1788939417070000000,0
VFS.contentStorage.recordsDeduplicated,1788939357070000000,1788939417070000000,0
VFS.fileByIdCache.hits,1788939357070000000,1788939417070000000,0
VFS.contentStorage.recordsStored,1788939357070000000,1788939417070000000,0
VFS.contentStorage.recordsUncompressedSize,1788939357070000000,1788939417070000000,0
VFS.fileByIdCache.misses,1788939357070000000,1788939417070000000,0
VFS.cache.segments,1788939357070000000,1788939417070000000,0
VFS.cache.segmentsCreated,1788939357070000000,1788939417070000000,0
VFS.ContentWriter.totalTimeSpentOnSyncOperationsUs,1788939357070000000,1788939417070000000,0
VFS.ContentWriter.totalFlushes,1788939357070000000,1788939417070000000,0
VFS.ContentWriter.totalTasksExecutedAsync,1788939357070000000,1788939417070000000,0
VFS.rootsCount,1788939357070000000,1788939417070000000,0.0
VFS.cache.directoriesCreated,1788939357070000000,1788939417070000000,0
Indexing.writesQueuedMin,1788939357070000000,1788939417070000000,0
Indexing.writer_1.totalTimeSpentWritingMs,1788939357070000000,1788939417070000000,0
Indexing.writer_0.totalTimeSpentWritingMs,1788939357070000000,1788939417070000000,0
Indexing.writesQueuedMax,1788939357070000000,1788939417070000000,0
Indexing.cache.totalCacheMisses,1788939357070000000,1788939417070000000,0
Indexing.cache.totalCacheAccesses,1788939357070000000,1788939417070000000,0
Indexing.writer_2.totalTimeSpentWritingMs,1788939357070000000,1788939417070000000,0
Indexing.cache.totalCacheEvicted,1788939357070000000,1788939417070000000,0
Indexing.totalTimeIndexersSleptMs,1788939357070000000,1788939417070000000,0
Indexing.writesQueuedAvg,1788939357070000000,1788939417070000000,0.0
Indexing.writer_3.totalTimeSpentWritingMs,1788939357070000000,1788939417070000000,0
FilePageCache.WAL.flushesForcedByOverflow,1788939357070000000,1788939417070000000,0
MappedFileStorage.storages,1788939357070000000,1788939417070000000,8
StorageLockContext.competingThreads.90P,1788939357070000000,1788939417070000000,0
FilePageCache.pageFastCacheHits,1788939357070000000,1788939417070000000,180
DirectByteBufferAllocator.reclaimed,1788939357070000000,1788939417070000000,0
FilePageCache.WAL.bytesCopiedByApplyUnfinished,1788939357070000000,1788939417070000000,0
FilePageCache.totalBytesStored,1788939357070000000,1788939417070000000,960
StreamlinedBlobStorage.recordsAllocated,1788939357070000000,1788939417070000000,0
DirectByteBufferAllocator.hits,1788939357070000000,1788939417070000000,0
StorageLockContext.competingThreads.max,1788939357070000000,1788939417070000000,0
DirectByteBufferAllocator.totalSizeOfBuffersCachedInBytes,1788939357070000000,1788939417070000000,41959424
FilePageCache.WAL.entriesFlushed,1788939357070000000,1788939417070000000,0
FilePageCache.totalPageStoresUs,1788939357070000000,1788939417070000000,8014
DirectByteBufferAllocator.misses,1788939357070000000,1788939417070000000,0
FilePageCache.WAL.entriesFlushedOnRead,1788939357070000000,1788939417070000000,0
MappedFileStorage.totalBytesMapped,1788939357070000000,1788939417070000000,232783872
FilePageCache.pageHits,1788939357070000000,1788939417070000000,0
FilePageCache.capacityInBytes,1788939357070000000,1788939417070000000,629145600
MappedFileStorage.totalPagesMapped,1788939357070000000,1788939417070000000,8
StreamlinedBlobStorage.totalLiveRecordsPayloadBytes,1788939357070000000,1788939417070000000,0
FilePageCache.totalPageDisposalsUs,1788939357070000000,1788939417070000000,0
StreamlinedBlobStorage.recordsRelocated,1788939357070000000,1788939417070000000,0
FilePageCache.totalPageLoadsUs,1788939357070000000,1788939417070000000,0
FilePageCache.WAL.entriesFlushedOnForce,1788939357070000000,1788939417070000000,0
FilePageCache.pageLoads,1788939357070000000,1788939417070000000,0
FileChannelInterruptsRetryer.totalRetriedAttempts,1788939357070000000,1788939417070000000,0
StreamlinedBlobStorage.totalLiveRecordsCapacityBytes,1788939357070000000,1788939417070000000,0
FilePageCache.WAL.entriesFlushedOnClose,1788939357070000000,1788939417070000000,0
FilePageCache.disposedBuffers,1788939357070000000,1788939417070000000,0
FilePageCache.uncachedFileAccess,1788939357070000000,1788939417070000000,60
FilePageCache.WAL.bytesQueued,1788939357070000000,1788939417070000000,0
StorageLockContext.competingThreads.avg,1788939357070000000,1788939417070000000,0.0
DirectByteBufferAllocator.disposed,1788939357070000000,1788939417070000000,0
FilePageCache.maxCacheSizeInBytes,1788939357070000000,1788939417070000000,400564224
MappedFileStorage.totalTimeSpentOnMappingUs,1788939357070000000,1788939417070000000,179239
StreamlinedBlobStorage.recordsDeleted,1788939357070000000,1788939417070000000,0
FilePageCache.WAL.entriesFlushedOnTruncate,1788939357070000000,1788939417070000000,0
DirectByteBufferAllocator.totalSizeOfBuffersAllocatedInBytes,1788939357070000000,1788939417070000000,400564224
FilePageCache.pageLoadsAboveSizeThreshold,1788939357070000000,1788939417070000000,0
FilePageCache.maxRegisteredFiles,1788939357070000000,1788939417070000000,1072
cacheStateStorage.set.counter,1788939357070000000,1788939417070000000,0
cacheStateStorage.get.counter,1788939357070000000,1788939417070000000,0
cacheStateStorage.get.duration,1788939357070000000,1788939417070000000,0
cacheStateStorage.set.duration,1788939357070000000,1788939417070000000,0
jps.global.initialize.library.bridges.ms,1788939357070000000,1788939417070000000,0
workspaceModel.mutableEntityStorage.changeLog.addReplaceEventForRemovedChild.ms,1788939357070000000,1788939417070000000,0
jps.app.storage.content.reader.load.component.ms,1788939357070000000,1788939417070000000,0
workspaceModel.mutableEntityStorage.put.entity.ms,1788939357070000000,1788939417070000000,0
workspaceModel.global.apply.state.to.project.builder.ms,1788939357070000000,1788939417070000000,0
workspaceModel.mutableEntityStorage.remove.entity.ms,1788939357070000000,1788939417070000000,0
workspaceModel.mutableEntityStorage.entities.by.source.ms,1788939357070000000,1788939417070000000,0
workspaceModel.mutableEntityStorage.collect.changes.ms,1788939357070000000,1788939417070000000,0
workspaceModel.mutableEntityStorage.instances.count,1788939357070000000,1788939417070000000,0
workspaceModel.mutableEntityStorage.changeLog.addReplaceEventForNewChild.ms,1788939357070000000,1788939417070000000,0
workspaceModel.global.updates.ms,1788939357070000000,1788939417070000000,0
jps.load.initial.state.ms,1788939357070000000,1788939417070000000,0
workspaceModel.mutableEntityStorage.add.entity.ms,1788939357070000000,1788939417070000000,0
workspaceModel.mutableEntityStorage.mutable.vfurl.index.ms,1788939357070000000,1788939417070000000,0
workspaceModel.load.cache.metadata.from.file.ms,1788939357070000000,1788939417070000000,0
workspaceModel.mutableEntityStorage.has.same.entities.ms,1788939357070000000,1788939417070000000,0
workspaceModel.mutableEntityStorage.mutable.ext.mapping.ms,1788939357070000000,1788939417070000000,0
jps.global.get.library.ms,1788939357070000000,1788939417070000000,0
workspaceModel.mutableEntityStorage.entities.ms,1788939357070000000,1788939417070000000,0
workspaceModel.mutableEntityStorage.to.snapshot.ms,1788939357070000000,1788939417070000000,0
workspaceModel.mutableEntityStorage.referrers.ms,1788939357070000000,1788939417070000000,0
jps.global.get.libraries.ms,1788939357070000000,1788939417070000000,0
jps.global.handle.before.change.events.ms,1788939357070000000,1788939417070000000,0
jps.global.handle.changed.events.ms,1788939357070000000,1788939417070000000,0
workspaceModel.save.cache.to.file.ms,1788939357070000000,1788939417070000000,0
jps.global.initialize.library.bridges.after.loading.ms,1788939357070000000,1788939417070000000,0
jps.library.entities.serializer.save.entities.ms,1788939357070000000,1788939417070000000,0
workspaceModel.mutableEntityStorage.modify.entity.ms,1788939357070000000,1788939417070000000,0
workspaceModel.mutableEntityStorage.changeLog.addReplaceEventForNewParent.ms,1788939357070000000,1788939417070000000,0
workspaceModel.load.cache.from.file.ms,1788939357070000000,1788939417070000000,0
jps.save.global.entities.ms,1788939357070000000,1788939417070000000,0
workspaceModel.mutableEntityStorage.hasReferrers.ms,1788939357070000000,1788939417070000000,0
jps.library.entities.serializer.load.entities.ms,1788939357070000000,1788939417070000000,0
workspaceModel.mutableEntityStorage.changeLog.addReplaceEventForRemovedParent.ms,1788939357070000000,1788939417070000000,0
workspaceModel.mutableEntityStorage.apply.changes.from.ms,1788939357070000000,1788939417070000000,0
workspaceModel.mutableEntityStorage.replace.by.source.ms,1788939357070000000,1788939417070000000,0
workspaceModel.mutableEntityStorage.resolve.ms,1788939357070000000,1788939417070000000,0
workspaceModel.global.updates.count,1788939357070000000,1788939417070000000,0
workspaceModel.sync.entities.ms,1788939357070000000,1788939417070000000,0
workspaceModel.global.apply.state.to.project.ms,1788939357070000000,1788939417070000000,0
jps.global.get.library.by.name.ms,1788939357070000000,1788939417070000000,0
jps.app.storage.content.writer.save.component.ms,1788939357070000000,1788939417070000000,0
workspaceModel.entityStorageSnapshotImpl.instances.count,1788939357070000000,1788939417070000000,0
writeAction.median.wait.ms,1788939357070000000,1788939417070000000,0
writeAction.wait.ms,1788939357070000000,1788939417070000000,0
writeAction.max.wait.ms,1788939357070000000,1788939417070000000,1
writeAction.count,1788939357070000000,1788939417070000000,0
FlushQueue.waitingTime90PNs,1788939417070000000,1788939477070000000,0
ReadAction.executionsCount,1788939417070000000,1788939477070000000,60
FlushQueue.executionTime90PNs,1788939417070000000,1788939477070000000,0
FlushQueue.queueSize90P,1788939417070000000,1788939477070000000,0
FlushQueue.queueSizeMax,1788939417070000000,1788939477070000000,0
AWTEventQueue.dispatchTime90PNs,1788939417070000000,1788939477070000000,95743
FlushQueue.queueSizeAvg,1788939417070000000,1788939477070000000,0.0
FlushQueue.waitingTimeMaxNs,1788939417070000000,1788939477070000000,0
WriteAction.executionsCount,1788939417070000000,1788939477070000000,0
AWTEventQueue.dispatchTimeMaxNs,1788939417070000000,1788939477070000000,176127
FlushQueue.tasksExecuted,1788939417070000000,1788939477070000000,0
FlushQueue.executionTimeMaxNs,1788939417070000000,1788939477070000000,0
FlushQueue.executionTimeAvgNs,1788939417070000000,1788939477070000000,0.0
AWTEventQueue.eventsDispatched,1788939417070000000,1788939477070000000,179
FlushQueue.waitingTimeAvgNs,1788939417070000000,1788939477070000000,0.0
AWTEventQueue.dispatchTimeTotalNS,1788939417070000000,1788939477070000000,14703520
AWTEventQueue.dispatchTimeAvgNs,1788939417070000000,1788939477070000000,82130.23463687151
VFS.contentStorage.recordsRead,1788939417070000000,1788939477070000000,0
VFS.cache.filesCreated,1788939417070000000,1788939477070000000,0
VFS.ContentWriter.totalTimeSpentOnAsyncOperationsUs,1788939417070000000,1788939477070000000,0
VFS.ContentWriter.totalTasksExecutedSync,1788939417070000000,1788939477070000000,0
VFS.contentStorage.recordsStoredSize,1788939417070000000,1788939477070000000,0
VFS.invertedFileNameIndex.requests,1788939417070000000,1788939477070000000,0
VFS.folderCaseSensitivityReads,1788939417070000000,1788939477070000000,0
FileNameCache.queries,1788939417070000000,1788939477070000000,0
VFS.contentStorage.recordsReadSize,1788939417070000000,1788939477070000000,0
VFS.contentStorage.recordsStoredCompressed,1788939417070000000,1788939477070000000,0
VFS.contentStorage.recordsReadDecompressed,1788939417070000000,1788939477070000000,0
VFS.fileChildByName,1788939417070000000,1788939477070000000,0
VFS.contentStorage.recordsDecompressionTimeUs,1788939417070000000,1788939477070000000,0
FileNameCache.totalMisses,1788939417070000000,1788939477070000000,0
VFS.contentStorage.recordsDeduplicated,1788939417070000000,1788939477070000000,0
VFS.fileByIdCache.hits,1788939417070000000,1788939477070000000,0
VFS.contentStorage.recordsStored,1788939417070000000,1788939477070000000,0
VFS.contentStorage.recordsUncompressedSize,1788939417070000000,1788939477070000000,0
VFS.fileByIdCache.misses,1788939417070000000,1788939477070000000,0
VFS.cache.segments,1788939417070000000,1788939477070000000,0
VFS.cache.segmentsCreated,1788939417070000000,1788939477070000000,0
VFS.ContentWriter.totalTimeSpentOnSyncOperationsUs,1788939417070000000,1788939477070000000,0
VFS.ContentWriter.totalFlushes,1788939417070000000,1788939477070000000,0
VFS.ContentWriter.totalTasksExecutedAsync,1788939417070000000,1788939477070000000,0
VFS.rootsCount,1788939417070000000,1788939477070000000,0.0
VFS.cache.directoriesCreated,1788939417070000000,1788939477070000000,0
Indexing.writesQueuedMin,1788939417070000000,1788939477070000000,0
Indexing.writer_1.totalTimeSpentWritingMs,1788939417070000000,1788939477070000000,0
Indexing.writer_0.totalTimeSpentWritingMs,1788939417070000000,1788939477070000000,0
Indexing.writesQueuedMax,1788939417070000000,1788939477070000000,0
Indexing.cache.totalCacheMisses,1788939417070000000,1788939477070000000,0
Indexing.cache.totalCacheAccesses,1788939417070000000,1788939477070000000,0
Indexing.writer_2.totalTimeSpentWritingMs,1788939417070000000,1788939477070000000,0
Indexing.cache.totalCacheEvicted,1788939417070000000,1788939477070000000,0
Indexing.totalTimeIndexersSleptMs,1788939417070000000,1788939477070000000,0
Indexing.writesQueuedAvg,1788939417070000000,1788939477070000000,0.0
Indexing.writer_3.totalTimeSpentWritingMs,1788939417070000000,1788939477070000000,0
FilePageCache.WAL.flushesForcedByOverflow,1788939417070000000,1788939477070000000,0
MappedFileStorage.storages,1788939417070000000,1788939477070000000,8
StorageLockContext.competingThreads.90P,1788939417070000000,1788939477070000000,0
FilePageCache.pageFastCacheHits,1788939417070000000,1788939477070000000,180
DirectByteBufferAllocator.reclaimed,1788939417070000000,1788939477070000000,0
FilePageCache.WAL.bytesCopiedByApplyUnfinished,1788939417070000000,1788939477070000000,0
FilePageCache.totalBytesStored,1788939417070000000,1788939477070000000,960
StreamlinedBlobStorage.recordsAllocated,1788939417070000000,1788939477070000000,0
DirectByteBufferAllocator.hits,1788939417070000000,1788939477070000000,0
StorageLockContext.competingThreads.max,1788939417070000000,1788939477070000000,0
DirectByteBufferAllocator.totalSizeOfBuffersCachedInBytes,1788939417070000000,1788939477070000000,41959424
FilePageCache.WAL.entriesFlushed,1788939417070000000,1788939477070000000,0
FilePageCache.totalPageStoresUs,1788939417070000000,1788939477070000000,7663
DirectByteBufferAllocator.misses,1788939417070000000,1788939477070000000,0
FilePageCache.WAL.entriesFlushedOnRead,1788939417070000000,1788939477070000000,0
MappedFileStorage.totalBytesMapped,1788939417070000000,1788939477070000000,232783872
FilePageCache.pageHits,1788939417070000000,1788939477070000000,0
FilePageCache.capacityInBytes,1788939417070000000,1788939477070000000,629145600
MappedFileStorage.totalPagesMapped,1788939417070000000,1788939477070000000,8
StreamlinedBlobStorage.totalLiveRecordsPayloadBytes,1788939417070000000,1788939477070000000,0
FilePageCache.totalPageDisposalsUs,1788939417070000000,1788939477070000000,0
StreamlinedBlobStorage.recordsRelocated,1788939417070000000,1788939477070000000,0
FilePageCache.totalPageLoadsUs,1788939417070000000,1788939477070000000,0
FilePageCache.WAL.entriesFlushedOnForce,1788939417070000000,1788939477070000000,0
FilePageCache.pageLoads,1788939417070000000,1788939477070000000,0
FileChannelInterruptsRetryer.totalRetriedAttempts,1788939417070000000,1788939477070000000,0
StreamlinedBlobStorage.totalLiveRecordsCapacityBytes,1788939417070000000,1788939477070000000,0
FilePageCache.WAL.entriesFlushedOnClose,1788939417070000000,1788939477070000000,0
FilePageCache.disposedBuffers,1788939417070000000,1788939477070000000,0
FilePageCache.uncachedFileAccess,1788939417070000000,1788939477070000000,60
FilePageCache.WAL.bytesQueued,1788939417070000000,1788939477070000000,0
StorageLockContext.competingThreads.avg,1788939417070000000,1788939477070000000,0.0
DirectByteBufferAllocator.disposed,1788939417070000000,1788939477070000000,0
FilePageCache.maxCacheSizeInBytes,1788939417070000000,1788939477070000000,400564224
MappedFileStorage.totalTimeSpentOnMappingUs,1788939417070000000,1788939477070000000,179239
StreamlinedBlobStorage.recordsDeleted,1788939417070000000,1788939477070000000,0
FilePageCache.WAL.entriesFlushedOnTruncate,1788939417070000000,1788939477070000000,0
DirectByteBufferAllocator.totalSizeOfBuffersAllocatedInBytes,1788939417070000000,1788939477070000000,400564224
FilePageCache.pageLoadsAboveSizeThreshold,1788939417070000000,1788939477070000000,0
FilePageCache.maxRegisteredFiles,1788939417070000000,1788939477070000000,1072
cacheStateStorage.set.counter,1788939417070000000,1788939477070000000,0
cacheStateStorage.get.counter,1788939417070000000,1788939477070000000,0
cacheStateStorage.get.duration,1788939417070000000,1788939477070000000,0
cacheStateStorage.set.duration,1788939417070000000,1788939477070000000,0
jps.global.initialize.library.bridges.ms,1788939417070000000,1788939477070000000,0
workspaceModel.mutableEntityStorage.changeLog.addReplaceEventForRemovedChild.ms,1788939417070000000,1788939477070000000,0
jps.app.storage.content.reader.load.component.ms,1788939417070000000,1788939477070000000,0
workspaceModel.mutableEntityStorage.put.entity.ms,1788939417070000000,1788939477070000000,0
workspaceModel.global.apply.state.to.project.builder.ms,1788939417070000000,1788939477070000000,0
workspaceModel.mutableEntityStorage.remove.entity.ms,1788939417070000000,1788939477070000000,0
workspaceModel.mutableEntityStorage.entities.by.source.ms,1788939417070000000,1788939477070000000,0
workspaceModel.mutableEntityStorage.collect.changes.ms,1788939417070000000,1788939477070000000,0
workspaceModel.mutableEntityStorage.instances.count,1788939417070000000,1788939477070000000,0
workspaceModel.mutableEntityStorage.changeLog.addReplaceEventForNewChild.ms,1788939417070000000,1788939477070000000,0
workspaceModel.global.updates.ms,1788939417070000000,1788939477070000000,0
jps.load.initial.state.ms,1788939417070000000,1788939477070000000,0
workspaceModel.mutableEntityStorage.add.entity.ms,1788939417070000000,1788939477070000000,0
workspaceModel.mutableEntityStorage.mutable.vfurl.index.ms,1788939417070000000,1788939477070000000,0
workspaceModel.load.cache.metadata.from.file.ms,1788939417070000000,1788939477070000000,0
workspaceModel.mutableEntityStorage.has.same.entities.ms,1788939417070000000,1788939477070000000,0
workspaceModel.mutableEntityStorage.mutable.ext.mapping.ms,1788939417070000000,1788939477070000000,0
jps.global.get.library.ms,1788939417070000000,1788939477070000000,0
workspaceModel.mutableEntityStorage.entities.ms,1788939417070000000,1788939477070000000,0
workspaceModel.mutableEntityStorage.to.snapshot.ms,1788939417070000000,1788939477070000000,0
workspaceModel.mutableEntityStorage.referrers.ms,1788939417070000000,1788939477070000000,0
jps.global.get.libraries.ms,1788939417070000000,1788939477070000000,0
jps.global.handle.before.change.events.ms,1788939417070000000,1788939477070000000,0
jps.global.handle.changed.events.ms,1788939417070000000,1788939477070000000,0
workspaceModel.save.cache.to.file.ms,1788939417070000000,1788939477070000000,0
jps.global.initialize.library.bridges.after.loading.ms,1788939417070000000,1788939477070000000,0
jps.library.entities.serializer.save.entities.ms,1788939417070000000,1788939477070000000,0
workspaceModel.mutableEntityStorage.modify.entity.ms,1788939417070000000,1788939477070000000,0
workspaceModel.mutableEntityStorage.changeLog.addReplaceEventForNewParent.ms,1788939417070000000,1788939477070000000,0
workspaceModel.load.cache.from.file.ms,1788939417070000000,1788939477070000000,0
jps.save.global.entities.ms,1788939417070000000,1788939477070000000,0
workspaceModel.mutableEntityStorage.hasReferrers.ms,1788939417070000000,1788939477070000000,0
jps.library.entities.serializer.load.entities.ms,1788939417070000000,1788939477070000000,0
workspaceModel.mutableEntityStorage.changeLog.addReplaceEventForRemovedParent.ms,1788939417070000000,1788939477070000000,0
workspaceModel.mutableEntityStorage.apply.changes.from.ms,1788939417070000000,1788939477070000000,0
workspaceModel.mutableEntityStorage.replace.by.source.ms,1788939417070000000,1788939477070000000,0
workspaceModel.mutableEntityStorage.resolve.ms,1788939417070000000,1788939477070000000,0
workspaceModel.global.updates.count,1788939417070000000,1788939477070000000,0
workspaceModel.sync.entities.ms,1788939417070000000,1788939477070000000,0
workspaceModel.global.apply.state.to.project.ms,1788939417070000000,1788939477070000000,0
jps.global.get.library.by.name.ms,1788939417070000000,1788939477070000000,0
jps.app.storage.content.writer.save.component.ms,1788939417070000000,1788939477070000000,0
workspaceModel.entityStorageSnapshotImpl.instances.count,1788939417070000000,1788939477070000000,0
writeAction.median.wait.ms,1788939417070000000,1788939477070000000,0
writeAction.wait.ms,1788939417070000000,1788939477070000000,0
writeAction.max.wait.ms,1788939417070000000,1788939477070000000,1
writeAction.count,1788939417070000000,1788939477070000000,0
FlushQueue.waitingTime90PNs,1788939477070000000,1788939537070000000,0
ReadAction.executionsCount,1788939477070000000,1788939537070000000,60
FlushQueue.executionTime90PNs,1788939477070000000,1788939537070000000,0
FlushQueue.queueSize90P,1788939477070000000,1788939537070000000,0
FlushQueue.queueSizeMax,1788939477070000000,1788939537070000000,0
AWTEventQueue.dispatchTime90PNs,1788939477070000000,1788939537070000000,96767
FlushQueue.queueSizeAvg,1788939477070000000,1788939537070000000,0.0
FlushQueue.waitingTimeMaxNs,1788939477070000000,1788939537070000000,0
WriteAction.executionsCount,1788939477070000000,1788939537070000000,0
AWTEventQueue.dispatchTimeMaxNs,1788939477070000000,1788939537070000000,128511
FlushQueue.tasksExecuted,1788939477070000000,1788939537070000000,0
FlushQueue.executionTimeMaxNs,1788939477070000000,1788939537070000000,0
FlushQueue.executionTimeAvgNs,1788939477070000000,1788939537070000000,0.0
AWTEventQueue.eventsDispatched,1788939477070000000,1788939537070000000,180
FlushQueue.waitingTimeAvgNs,1788939477070000000,1788939537070000000,0.0
AWTEventQueue.dispatchTimeTotalNS,1788939477070000000,1788939537070000000,14928693
AWTEventQueue.dispatchTimeAvgNs,1788939477070000000,1788939537070000000,82936.17777777778
VFS.contentStorage.recordsRead,1788939477070000000,1788939537070000000,0
VFS.cache.filesCreated,1788939477070000000,1788939537070000000,0
VFS.ContentWriter.totalTimeSpentOnAsyncOperationsUs,1788939477070000000,1788939537070000000,0
VFS.ContentWriter.totalTasksExecutedSync,1788939477070000000,1788939537070000000,0
VFS.contentStorage.recordsStoredSize,1788939477070000000,1788939537070000000,0
VFS.invertedFileNameIndex.requests,1788939477070000000,1788939537070000000,0
VFS.folderCaseSensitivityReads,1788939477070000000,1788939537070000000,0
FileNameCache.queries,1788939477070000000,1788939537070000000,0
VFS.contentStorage.recordsReadSize,1788939477070000000,1788939537070000000,0
VFS.contentStorage.recordsStoredCompressed,1788939477070000000,1788939537070000000,0
VFS.contentStorage.recordsReadDecompressed,1788939477070000000,1788939537070000000,0
VFS.fileChildByName,1788939477070000000,1788939537070000000,0
VFS.contentStorage.recordsDecompressionTimeUs,1788939477070000000,1788939537070000000,0
FileNameCache.totalMisses,1788939477070000000,1788939537070000000,0
VFS.contentStorage.recordsDeduplicated,1788939477070000000,1788939537070000000,0
VFS.fileByIdCache.hits,1788939477070000000,1788939537070000000,0
VFS.contentStorage.recordsStored,1788939477070000000,1788939537070000000,0
VFS.contentStorage.recordsUncompressedSize,1788939477070000000,1788939537070000000,0
VFS.fileByIdCache.misses,1788939477070000000,1788939537070000000,0
VFS.cache.segments,1788939477070000000,1788939537070000000,0
VFS.cache.segmentsCreated,1788939477070000000,1788939537070000000,0
VFS.ContentWriter.totalTimeSpentOnSyncOperationsUs,1788939477070000000,1788939537070000000,0
VFS.ContentWriter.totalFlushes,1788939477070000000,1788939537070000000,0
VFS.ContentWriter.totalTasksExecutedAsync,1788939477070000000,1788939537070000000,0
VFS.rootsCount,1788939477070000000,1788939537070000000,0.0
VFS.cache.directoriesCreated,1788939477070000000,1788939537070000000,0
Indexing.writesQueuedMin,1788939477070000000,1788939537070000000,0
Indexing.writer_1.totalTimeSpentWritingMs,1788939477070000000,1788939537070000000,0
Indexing.writer_0.totalTimeSpentWritingMs,1788939477070000000,1788939537070000000,0
Indexing.writesQueuedMax,1788939477070000000,1788939537070000000,0
Indexing.cache.totalCacheMisses,1788939477070000000,1788939537070000000,0
Indexing.cache.totalCacheAccesses,1788939477070000000,1788939537070000000,0
Indexing.writer_2.totalTimeSpentWritingMs,1788939477070000000,1788939537070000000,0
Indexing.cache.totalCacheEvicted,1788939477070000000,1788939537070000000,0
Indexing.totalTimeIndexersSleptMs,1788939477070000000,1788939537070000000,0
Indexing.writesQueuedAvg,1788939477070000000,1788939537070000000,0.0
Indexing.writer_3.totalTimeSpentWritingMs,1788939477070000000,1788939537070000000,0
FilePageCache.WAL.flushesForcedByOverflow,1788939477070000000,1788939537070000000,0
MappedFileStorage.storages,1788939477070000000,1788939537070000000,8
StorageLockContext.competingThreads.90P,1788939477070000000,1788939537070000000,0
FilePageCache.pageFastCacheHits,1788939477070000000,1788939537070000000,180
DirectByteBufferAllocator.reclaimed,1788939477070000000,1788939537070000000,0
FilePageCache.WAL.bytesCopiedByApplyUnfinished,1788939477070000000,1788939537070000000,0
FilePageCache.totalBytesStored,1788939477070000000,1788939537070000000,960
StreamlinedBlobStorage.recordsAllocated,1788939477070000000,1788939537070000000,0
DirectByteBufferAllocator.hits,1788939477070000000,1788939537070000000,0
StorageLockContext.competingThreads.max,1788939477070000000,1788939537070000000,0
DirectByteBufferAllocator.totalSizeOfBuffersCachedInBytes,1788939477070000000,1788939537070000000,41959424
FilePageCache.WAL.entriesFlushed,1788939477070000000,1788939537070000000,0
FilePageCache.totalPageStoresUs,1788939477070000000,1788939537070000000,7687
DirectByteBufferAllocator.misses,1788939477070000000,1788939537070000000,0
FilePageCache.WAL.entriesFlushedOnRead,1788939477070000000,1788939537070000000,0
MappedFileStorage.totalBytesMapped,1788939477070000000,1788939537070000000,232783872
FilePageCache.pageHits,1788939477070000000,1788939537070000000,0
FilePageCache.capacityInBytes,1788939477070000000,1788939537070000000,629145600
MappedFileStorage.totalPagesMapped,1788939477070000000,1788939537070000000,8
StreamlinedBlobStorage.totalLiveRecordsPayloadBytes,1788939477070000000,1788939537070000000,0
FilePageCache.totalPageDisposalsUs,1788939477070000000,1788939537070000000,0
StreamlinedBlobStorage.recordsRelocated,1788939477070000000,1788939537070000000,0
FilePageCache.totalPageLoadsUs,1788939477070000000,1788939537070000000,0
FilePageCache.WAL.entriesFlushedOnForce,1788939477070000000,1788939537070000000,0
FilePageCache.pageLoads,1788939477070000000,1788939537070000000,0
FileChannelInterruptsRetryer.totalRetriedAttempts,1788939477070000000,1788939537070000000,0
StreamlinedBlobStorage.totalLiveRecordsCapacityBytes,1788939477070000000,1788939537070000000,0
FilePageCache.WAL.entriesFlushedOnClose,1788939477070000000,1788939537070000000,0
FilePageCache.disposedBuffers,1788939477070000000,1788939537070000000,0
FilePageCache.uncachedFileAccess,1788939477070000000,1788939537070000000,60
FilePageCache.WAL.bytesQueued,1788939477070000000,1788939537070000000,0
StorageLockContext.competingThreads.avg,1788939477070000000,1788939537070000000,0.0
DirectByteBufferAllocator.disposed,1788939477070000000,1788939537070000000,0
FilePageCache.maxCacheSizeInBytes,1788939477070000000,1788939537070000000,400564224
MappedFileStorage.totalTimeSpentOnMappingUs,1788939477070000000,1788939537070000000,179239
StreamlinedBlobStorage.recordsDeleted,1788939477070000000,1788939537070000000,0
FilePageCache.WAL.entriesFlushedOnTruncate,1788939477070000000,1788939537070000000,0
DirectByteBufferAllocator.totalSizeOfBuffersAllocatedInBytes,1788939477070000000,1788939537070000000,400564224
FilePageCache.pageLoadsAboveSizeThreshold,1788939477070000000,1788939537070000000,0
FilePageCache.maxRegisteredFiles,1788939477070000000,1788939537070000000,1072
cacheStateStorage.set.counter,1788939477070000000,1788939537070000000,0
cacheStateStorage.get.counter,1788939477070000000,1788939537070000000,0
cacheStateStorage.get.duration,1788939477070000000,1788939537070000000,0
cacheStateStorage.set.duration,1788939477070000000,1788939537070000000,0
jps.global.initialize.library.bridges.ms,1788939477070000000,1788939537070000000,0
workspaceModel.mutableEntityStorage.changeLog.addReplaceEventForRemovedChild.ms,1788939477070000000,1788939537070000000,0
jps.app.storage.content.reader.load.component.ms,1788939477070000000,1788939537070000000,0
workspaceModel.mutableEntityStorage.put.entity.ms,1788939477070000000,1788939537070000000,0
workspaceModel.global.apply.state.to.project.builder.ms,1788939477070000000,1788939537070000000,0
workspaceModel.mutableEntityStorage.remove.entity.ms,1788939477070000000,1788939537070000000,0
workspaceModel.mutableEntityStorage.entities.by.source.ms,1788939477070000000,1788939537070000000,0
workspaceModel.mutableEntityStorage.collect.changes.ms,1788939477070000000,1788939537070000000,0
workspaceModel.mutableEntityStorage.instances.count,1788939477070000000,1788939537070000000,0
workspaceModel.mutableEntityStorage.changeLog.addReplaceEventForNewChild.ms,1788939477070000000,1788939537070000000,0
workspaceModel.global.updates.ms,1788939477070000000,1788939537070000000,0
jps.load.initial.state.ms,1788939477070000000,1788939537070000000,0
workspaceModel.mutableEntityStorage.add.entity.ms,1788939477070000000,1788939537070000000,0
workspaceModel.mutableEntityStorage.mutable.vfurl.index.ms,1788939477070000000,1788939537070000000,0
workspaceModel.load.cache.metadata.from.file.ms,1788939477070000000,1788939537070000000,0
workspaceModel.mutableEntityStorage.has.same.entities.ms,1788939477070000000,1788939537070000000,0
workspaceModel.mutableEntityStorage.mutable.ext.mapping.ms,1788939477070000000,1788939537070000000,0
jps.global.get.library.ms,1788939477070000000,1788939537070000000,0
workspaceModel.mutableEntityStorage.entities.ms,1788939477070000000,1788939537070000000,0
workspaceModel.mutableEntityStorage.to.snapshot.ms,1788939477070000000,1788939537070000000,0
workspaceModel.mutableEntityStorage.referrers.ms,1788939477070000000,1788939537070000000,0
jps.global.get.libraries.ms,1788939477070000000,1788939537070000000,0
jps.global.handle.before.change.events.ms,1788939477070000000,1788939537070000000,0
jps.global.handle.changed.events.ms,1788939477070000000,1788939537070000000,0
workspaceModel.save.cache.to.file.ms,1788939477070000000,1788939537070000000,0
jps.global.initialize.library.bridges.after.loading.ms,1788939477070000000,1788939537070000000,0
jps.library.entities.serializer.save.entities.ms,1788939477070000000,1788939537070000000,0
workspaceModel.mutableEntityStorage.modify.entity.ms,1788939477070000000,1788939537070000000,0
workspaceModel.mutableEntityStorage.changeLog.addReplaceEventForNewParent.ms,1788939477070000000,1788939537070000000,0
workspaceModel.load.cache.from.file.ms,1788939477070000000,1788939537070000000,0
jps.save.global.entities.ms,1788939477070000000,1788939537070000000,0
workspaceModel.mutableEntityStorage.hasReferrers.ms,1788939477070000000,1788939537070000000,0
jps.library.entities.serializer.load.entities.ms,1788939477070000000,1788939537070000000,0
workspaceModel.mutableEntityStorage.changeLog.addReplaceEventForRemovedParent.ms,1788939477070000000,1788939537070000000,0
workspaceModel.mutableEntityStorage.apply.changes.from.ms,1788939477070000000,1788939537070000000,0
workspaceModel.mutableEntityStorage.replace.by.source.ms,1788939477070000000,1788939537070000000,0
workspaceModel.mutableEntityStorage.resolve.ms,1788939477070000000,1788939537070000000,0
workspaceModel.global.updates.count,1788939477070000000,1788939537070000000,0
workspaceModel.sync.entities.ms,1788939477070000000,1788939537070000000,0
workspaceModel.global.apply.state.to.project.ms,1788939477070000000,1788939537070000000,0
jps.global.get.library.by.name.ms,1788939477070000000,1788939537070000000,0
jps.app.storage.content.writer.save.component.ms,1788939477070000000,1788939537070000000,0
workspaceModel.entityStorageSnapshotImpl.instances.count,1788939477070000000,1788939537070000000,0
writeAction.median.wait.ms,1788939477070000000,1788939537070000000,0
writeAction.wait.ms,1788939477070000000,1788939537070000000,0
writeAction.max.wait.ms,1788939477070000000,1788939537070000000,1
writeAction.count,1788939477070000000,1788939537070000000,0
FlushQueue.waitingTime90PNs,1788939537070000000,1788939597070000000,0
ReadAction.executionsCount,1788939537070000000,1788939597070000000,60
FlushQueue.executionTime90PNs,1788939537070000000,1788939597070000000,0
FlushQueue.queueSize90P,1788939537070000000,1788939597070000000,0
FlushQueue.queueSizeMax,1788939537070000000,1788939597070000000,0
AWTEventQueue.dispatchTime90PNs,1788939537070000000,1788939597070000000,100863
FlushQueue.queueSizeAvg,1788939537070000000,1788939597070000000,0.0
FlushQueue.waitingTimeMaxNs,1788939537070000000,1788939597070000000,0
WriteAction.executionsCount,1788939537070000000,1788939597070000000,0
AWTEventQueue.dispatchTimeMaxNs,1788939537070000000,1788939597070000000,156671
FlushQueue.tasksExecuted,1788939537070000000,1788939597070000000,0
FlushQueue.executionTimeMaxNs,1788939537070000000,1788939597070000000,0
FlushQueue.executionTimeAvgNs,1788939537070000000,1788939597070000000,0.0
AWTEventQueue.eventsDispatched,1788939537070000000,1788939597070000000,179
FlushQueue.waitingTimeAvgNs,1788939537070000000,1788939597070000000,0.0
AWTEventQueue.dispatchTimeTotalNS,1788939537070000000,1788939597070000000,14712917
AWTEventQueue.dispatchTimeAvgNs,1788939537070000000,1788939597070000000,82175.28491620111
VFS.contentStorage.recordsRead,1788939537070000000,1788939597070000000,0
VFS.cache.filesCreated,1788939537070000000,1788939597070000000,0
VFS.ContentWriter.totalTimeSpentOnAsyncOperationsUs,1788939537070000000,1788939597070000000,0
VFS.ContentWriter.totalTasksExecutedSync,1788939537070000000,1788939597070000000,0
VFS.contentStorage.recordsStoredSize,1788939537070000000,1788939597070000000,0
VFS.invertedFileNameIndex.requests,1788939537070000000,1788939597070000000,0
VFS.folderCaseSensitivityReads,1788939537070000000,1788939597070000000,0
FileNameCache.queries,1788939537070000000,1788939597070000000,0
VFS.contentStorage.recordsReadSize,1788939537070000000,1788939597070000000,0
VFS.contentStorage.recordsStoredCompressed,1788939537070000000,1788939597070000000,0
VFS.contentStorage.recordsReadDecompressed,1788939537070000000,1788939597070000000,0
VFS.fileChildByName,1788939537070000000,1788939597070000000,0
VFS.contentStorage.recordsDecompressionTimeUs,1788939537070000000,1788939597070000000,0
FileNameCache.totalMisses,1788939537070000000,1788939597070000000,0
VFS.contentStorage.recordsDeduplicated,1788939537070000000,1788939597070000000,0
VFS.fileByIdCache.hits,1788939537070000000,1788939597070000000,0
VFS.contentStorage.recordsStored,1788939537070000000,1788939597070000000,0
VFS.contentStorage.recordsUncompressedSize,1788939537070000000,1788939597070000000,0
VFS.fileByIdCache.misses,1788939537070000000,1788939597070000000,0
VFS.cache.segments,1788939537070000000,1788939597070000000,0
VFS.cache.segmentsCreated,1788939537070000000,1788939597070000000,0
VFS.ContentWriter.totalTimeSpentOnSyncOperationsUs,1788939537070000000,1788939597070000000,0
VFS.ContentWriter.totalFlushes,1788939537070000000,1788939597070000000,0
VFS.ContentWriter.totalTasksExecutedAsync,1788939537070000000,1788939597070000000,0
VFS.rootsCount,1788939537070000000,1788939597070000000,0.0
VFS.cache.directoriesCreated,1788939537070000000,1788939597070000000,0
Indexing.writesQueuedMin,1788939537070000000,1788939597070000000,0
Indexing.writer_1.totalTimeSpentWritingMs,1788939537070000000,1788939597070000000,0
Indexing.writer_0.totalTimeSpentWritingMs,1788939537070000000,1788939597070000000,0
Indexing.writesQueuedMax,1788939537070000000,1788939597070000000,0
Indexing.cache.totalCacheMisses,1788939537070000000,1788939597070000000,0
Indexing.cache.totalCacheAccesses,1788939537070000000,1788939597070000000,0
Indexing.writer_2.totalTimeSpentWritingMs,1788939537070000000,1788939597070000000,0
Indexing.cache.totalCacheEvicted,1788939537070000000,1788939597070000000,0
Indexing.totalTimeIndexersSleptMs,1788939537070000000,1788939597070000000,0
Indexing.writesQueuedAvg,1788939537070000000,1788939597070000000,0.0
Indexing.writer_3.totalTimeSpentWritingMs,1788939537070000000,1788939597070000000,0
FilePageCache.WAL.flushesForcedByOverflow,1788939537070000000,1788939597070000000,0
MappedFileStorage.storages,1788939537070000000,1788939597070000000,8
StorageLockContext.competingThreads.90P,1788939537070000000,1788939597070000000,0
FilePageCache.pageFastCacheHits,1788939537070000000,1788939597070000000,180
DirectByteBufferAllocator.reclaimed,1788939537070000000,1788939597070000000,0
FilePageCache.WAL.bytesCopiedByApplyUnfinished,1788939537070000000,1788939597070000000,0
FilePageCache.totalBytesStored,1788939537070000000,1788939597070000000,960
StreamlinedBlobStorage.recordsAllocated,1788939537070000000,1788939597070000000,0
DirectByteBufferAllocator.hits,1788939537070000000,1788939597070000000,0
StorageLockContext.competingThreads.max,1788939537070000000,1788939597070000000,0
DirectByteBufferAllocator.totalSizeOfBuffersCachedInBytes,1788939537070000000,1788939597070000000,41959424
FilePageCache.WAL.entriesFlushed,1788939537070000000,1788939597070000000,0
FilePageCache.totalPageStoresUs,1788939537070000000,1788939597070000000,7868
DirectByteBufferAllocator.misses,1788939537070000000,1788939597070000000,0
FilePageCache.WAL.entriesFlushedOnRead,1788939537070000000,1788939597070000000,0
MappedFileStorage.totalBytesMapped,1788939537070000000,1788939597070000000,232783872
FilePageCache.pageHits,1788939537070000000,1788939597070000000,0
FilePageCache.capacityInBytes,1788939537070000000,1788939597070000000,629145600
MappedFileStorage.totalPagesMapped,1788939537070000000,1788939597070000000,8
StreamlinedBlobStorage.totalLiveRecordsPayloadBytes,1788939537070000000,1788939597070000000,0
FilePageCache.totalPageDisposalsUs,1788939537070000000,1788939597070000000,0
StreamlinedBlobStorage.recordsRelocated,1788939537070000000,1788939597070000000,0
FilePageCache.totalPageLoadsUs,1788939537070000000,1788939597070000000,0
FilePageCache.WAL.entriesFlushedOnForce,1788939537070000000,1788939597070000000,0
FilePageCache.pageLoads,1788939537070000000,1788939597070000000,0
FileChannelInterruptsRetryer.totalRetriedAttempts,1788939537070000000,1788939597070000000,0
StreamlinedBlobStorage.totalLiveRecordsCapacityBytes,1788939537070000000,1788939597070000000,0
FilePageCache.WAL.entriesFlushedOnClose,1788939537070000000,1788939597070000000,0
FilePageCache.disposedBuffers,1788939537070000000,1788939597070000000,0
FilePageCache.uncachedFileAccess,1788939537070000000,1788939597070000000,60
FilePageCache.WAL.bytesQueued,1788939537070000000,1788939597070000000,0
StorageLockContext.competingThreads.avg,1788939537070000000,1788939597070000000,0.0
DirectByteBufferAllocator.disposed,1788939537070000000,1788939597070000000,0
FilePageCache.maxCacheSizeInBytes,1788939537070000000,1788939597070000000,400564224
MappedFileStorage.totalTimeSpentOnMappingUs,1788939537070000000,1788939597070000000,179239
StreamlinedBlobStorage.recordsDeleted,1788939537070000000,1788939597070000000,0
FilePageCache.WAL.entriesFlushedOnTruncate,1788939537070000000,1788939597070000000,0
DirectByteBufferAllocator.totalSizeOfBuffersAllocatedInBytes,1788939537070000000,1788939597070000000,400564224
FilePageCache.pageLoadsAboveSizeThreshold,1788939537070000000,1788939597070000000,0
FilePageCache.maxRegisteredFiles,1788939537070000000,1788939597070000000,1072
cacheStateStorage.set.counter,1788939537070000000,1788939597070000000,0
cacheStateStorage.get.counter,1788939537070000000,1788939597070000000,0
cacheStateStorage.get.duration,1788939537070000000,1788939597070000000,0
cacheStateStorage.set.duration,1788939537070000000,1788939597070000000,0
jps.global.initialize.library.bridges.ms,1788939537070000000,1788939597070000000,0
workspaceModel.mutableEntityStorage.changeLog.addReplaceEventForRemovedChild.ms,1788939537070000000,1788939597070000000,0
jps.app.storage.content.reader.load.component.ms,1788939537070000000,1788939597070000000,0
workspaceModel.mutableEntityStorage.put.entity.ms,1788939537070000000,1788939597070000000,0
workspaceModel.global.apply.state.to.project.builder.ms,1788939537070000000,1788939597070000000,0
workspaceModel.mutableEntityStorage.remove.entity.ms,1788939537070000000,1788939597070000000,0
workspaceModel.mutableEntityStorage.entities.by.source.ms,1788939537070000000,1788939597070000000,0
workspaceModel.mutableEntityStorage.collect.changes.ms,1788939537070000000,1788939597070000000,0
workspaceModel.mutableEntityStorage.instances.count,1788939537070000000,1788939597070000000,0
workspaceModel.mutableEntityStorage.changeLog.addReplaceEventForNewChild.ms,1788939537070000000,1788939597070000000,0
workspaceModel.global.updates.ms,1788939537070000000,1788939597070000000,0
jps.load.initial.state.ms,1788939537070000000,1788939597070000000,0
workspaceModel.mutableEntityStorage.add.entity.ms,1788939537070000000,1788939597070000000,0
workspaceModel.mutableEntityStorage.mutable.vfurl.index.ms,1788939537070000000,1788939597070000000,0
workspaceModel.load.cache.metadata.from.file.ms,1788939537070000000,1788939597070000000,0
workspaceModel.mutableEntityStorage.has.same.entities.ms,1788939537070000000,1788939597070000000,0
workspaceModel.mutableEntityStorage.mutable.ext.mapping.ms,1788939537070000000,1788939597070000000,0
jps.global.get.library.ms,1788939537070000000,1788939597070000000,0
workspaceModel.mutableEntityStorage.entities.ms,1788939537070000000,1788939597070000000,0
workspaceModel.mutableEntityStorage.to.snapshot.ms,1788939537070000000,1788939597070000000,0
workspaceModel.mutableEntityStorage.referrers.ms,1788939537070000000,1788939597070000000,0
jps.global.get.libraries.ms,1788939537070000000,1788939597070000000,0
jps.global.handle.before.change.events.ms,1788939537070000000,1788939597070000000,0
jps.global.handle.changed.events.ms,1788939537070000000,1788939597070000000,0
workspaceModel.save.cache.to.file.ms,1788939537070000000,1788939597070000000,0
jps.global.initialize.library.bridges.after.loading.ms,1788939537070000000,1788939597070000000,0
jps.library.entities.serializer.save.entities.ms,1788939537070000000,1788939597070000000,0
workspaceModel.mutableEntityStorage.modify.entity.ms,1788939537070000000,1788939597070000000,0
workspaceModel.mutableEntityStorage.changeLog.addReplaceEventForNewParent.ms,1788939537070000000,1788939597070000000,0
workspaceModel.load.cache.from.file.ms,1788939537070000000,1788939597070000000,0
jps.save.global.entities.ms,1788939537070000000,1788939597070000000,0
workspaceModel.mutableEntityStorage.hasReferrers.ms,1788939537070000000,1788939597070000000,0
jps.library.entities.serializer.load.entities.ms,1788939537070000000,1788939597070000000,0
workspaceModel.mutableEntityStorage.changeLog.addReplaceEventForRemovedParent.ms,1788939537070000000,1788939597070000000,0
workspaceModel.mutableEntityStorage.apply.changes.from.ms,1788939537070000000,1788939597070000000,0
workspaceModel.mutableEntityStorage.replace.by.source.ms,1788939537070000000,1788939597070000000,0
workspaceModel.mutableEntityStorage.resolve.ms,1788939537070000000,1788939597070000000,0
workspaceModel.global.updates.count,1788939537070000000,1788939597070000000,0
workspaceModel.sync.entities.ms,1788939537070000000,1788939597070000000,0
workspaceModel.global.apply.state.to.project.ms,1788939537070000000,1788939597070000000,0
jps.global.get.library.by.name.ms,1788939537070000000,1788939597070000000,0
jps.app.storage.content.writer.save.component.ms,1788939537070000000,1788939597070000000,0
workspaceModel.entityStorageSnapshotImpl.instances.count,1788939537070000000,1788939597070000000,0
writeAction.median.wait.ms,1788939537070000000,1788939597070000000,0
writeAction.wait.ms,1788939537070000000,1788939597070000000,0
writeAction.max.wait.ms,1788939537070000000,1788939597070000000,1
writeAction.count,1788939537070000000,1788939597070000000,0
FlushQueue.waitingTime90PNs,1788939597070000000,1788939657070000000,0
ReadAction.executionsCount,1788939597070000000,1788939657070000000,60
FlushQueue.executionTime90PNs,1788939597070000000,1788939657070000000,0
FlushQueue.queueSize90P,1788939597070000000,1788939657070000000,0
FlushQueue.queueSizeMax,1788939597070000000,1788939657070000000,0
AWTEventQueue.dispatchTime90PNs,1788939597070000000,1788939657070000000,98303
FlushQueue.queueSizeAvg,1788939597070000000,1788939657070000000,0.0
FlushQueue.waitingTimeMaxNs,1788939597070000000,1788939657070000000,0
WriteAction.executionsCount,1788939597070000000,1788939657070000000,0
AWTEventQueue.dispatchTimeMaxNs,1788939597070000000,1788939657070000000,210943
FlushQueue.tasksExecuted,1788939597070000000,1788939657070000000,0
FlushQueue.executionTimeMaxNs,1788939597070000000,1788939657070000000,0
FlushQueue.executionTimeAvgNs,1788939597070000000,1788939657070000000,0.0
AWTEventQueue.eventsDispatched,1788939597070000000,1788939657070000000,180
FlushQueue.waitingTimeAvgNs,1788939597070000000,1788939657070000000,0.0
AWTEventQueue.dispatchTimeTotalNS,1788939597070000000,1788939657070000000,14780620
AWTEventQueue.dispatchTimeAvgNs,1788939597070000000,1788939657070000000,82086.75555555556
VFS.contentStorage.recordsRead,1788939597070000000,1788939657070000000,0
VFS.cache.filesCreated,1788939597070000000,1788939657070000000,0
VFS.ContentWriter.totalTimeSpentOnAsyncOperationsUs,1788939597070000000,1788939657070000000,0
VFS.ContentWriter.totalTasksExecutedSync,1788939597070000000,1788939657070000000,0
VFS.contentStorage.recordsStoredSize,1788939597070000000,1788939657070000000,0
VFS.invertedFileNameIndex.requests,1788939597070000000,1788939657070000000,0
VFS.folderCaseSensitivityReads,1788939597070000000,1788939657070000000,0
FileNameCache.queries,1788939597070000000,1788939657070000000,0
VFS.contentStorage.recordsReadSize,1788939597070000000,1788939657070000000,0
VFS.contentStorage.recordsStoredCompressed,1788939597070000000,1788939657070000000,0
VFS.contentStorage.recordsReadDecompressed,1788939597070000000,1788939657070000000,0
VFS.fileChildByName,1788939597070000000,1788939657070000000,0
VFS.contentStorage.recordsDecompressionTimeUs,1788939597070000000,1788939657070000000,0
FileNameCache.totalMisses,1788939597070000000,1788939657070000000,0
VFS.contentStorage.recordsDeduplicated,1788939597070000000,1788939657070000000,0
VFS.fileByIdCache.hits,1788939597070000000,1788939657070000000,0
VFS.contentStorage.recordsStored,1788939597070000000,1788939657070000000,0
VFS.contentStorage.recordsUncompressedSize,1788939597070000000,1788939657070000000,0
VFS.fileByIdCache.misses,1788939597070000000,1788939657070000000,0
VFS.cache.segments,1788939597070000000,1788939657070000000,0
VFS.cache.segmentsCreated,1788939597070000000,1788939657070000000,0
VFS.ContentWriter.totalTimeSpentOnSyncOperationsUs,1788939597070000000,1788939657070000000,0
VFS.ContentWriter.totalFlushes,1788939597070000000,1788939657070000000,0
VFS.ContentWriter.totalTasksExecutedAsync,1788939597070000000,1788939657070000000,0
VFS.rootsCount,1788939597070000000,1788939657070000000,0.0
VFS.cache.directoriesCreated,1788939597070000000,1788939657070000000,0
Indexing.writesQueuedMin,1788939597070000000,1788939657070000000,0
Indexing.writer_1.totalTimeSpentWritingMs,1788939597070000000,1788939657070000000,0
Indexing.writer_0.totalTimeSpentWritingMs,1788939597070000000,1788939657070000000,0
Indexing.writesQueuedMax,1788939597070000000,1788939657070000000,0
Indexing.cache.totalCacheMisses,1788939597070000000,1788939657070000000,0
Indexing.cache.totalCacheAccesses,1788939597070000000,1788939657070000000,0
Indexing.writer_2.totalTimeSpentWritingMs,1788939597070000000,1788939657070000000,0
Indexing.cache.totalCacheEvicted,1788939597070000000,1788939657070000000,0
Indexing.totalTimeIndexersSleptMs,1788939597070000000,1788939657070000000,0
Indexing.writesQueuedAvg,1788939597070000000,1788939657070000000,0.0
Indexing.writer_3.totalTimeSpentWritingMs,1788939597070000000,1788939657070000000,0
FilePageCache.WAL.flushesForcedByOverflow,1788939597070000000,1788939657070000000,0
MappedFileStorage.storages,1788939597070000000,1788939657070000000,8
StorageLockContext.competingThreads.90P,1788939597070000000,1788939657070000000,0
FilePageCache.pageFastCacheHits,1788939597070000000,1788939657070000000,180
DirectByteBufferAllocator.reclaimed,1788939597070000000,1788939657070000000,0
FilePageCache.WAL.bytesCopiedByApplyUnfinished,1788939597070000000,1788939657070000000,0
FilePageCache.totalBytesStored,1788939597070000000,1788939657070000000,960
StreamlinedBlobStorage.recordsAllocated,1788939597070000000,1788939657070000000,0
DirectByteBufferAllocator.hits,1788939597070000000,1788939657070000000,0
StorageLockContext.competingThreads.max,1788939597070000000,1788939657070000000,0
DirectByteBufferAllocator.totalSizeOfBuffersCachedInBytes,1788939597070000000,1788939657070000000,41959424
FilePageCache.WAL.entriesFlushed,1788939597070000000,1788939657070000000,0
FilePageCache.totalPageStoresUs,1788939597070000000,1788939657070000000,8369
DirectByteBufferAllocator.misses,1788939597070000000,1788939657070000000,0
FilePageCache.WAL.entriesFlushedOnRead,1788939597070000000,1788939657070000000,0
MappedFileStorage.totalBytesMapped,1788939597070000000,1788939657070000000,232783872
FilePageCache.pageHits,1788939597070000000,1788939657070000000,0
FilePageCache.capacityInBytes,1788939597070000000,1788939657070000000,629145600
MappedFileStorage.totalPagesMapped,1788939597070000000,1788939657070000000,8
StreamlinedBlobStorage.totalLiveRecordsPayloadBytes,1788939597070000000,1788939657070000000,0
FilePageCache.totalPageDisposalsUs,1788939597070000000,1788939657070000000,0
StreamlinedBlobStorage.recordsRelocated,1788939597070000000,1788939657070000000,0
FilePageCache.totalPageLoadsUs,1788939597070000000,1788939657070000000,0
FilePageCache.WAL.entriesFlushedOnForce,1788939597070000000,1788939657070000000,0
FilePageCache.pageLoads,1788939597070000000,1788939657070000000,0
FileChannelInterruptsRetryer.totalRetriedAttempts,1788939597070000000,1788939657070000000,0
StreamlinedBlobStorage.totalLiveRecordsCapacityBytes,1788939597070000000,1788939657070000000,0
FilePageCache.WAL.entriesFlushedOnClose,1788939597070000000,1788939657070000000,0
FilePageCache.disposedBuffers,1788939597070000000,1788939657070000000,0
FilePageCache.uncachedFileAccess,1788939597070000000,1788939657070000000,60
FilePageCache.WAL.bytesQueued,1788939597070000000,1788939657070000000,0
StorageLockContext.competingThreads.avg,1788939597070000000,1788939657070000000,0.0
DirectByteBufferAllocator.disposed,1788939597070000000,1788939657070000000,0
FilePageCache.maxCacheSizeInBytes,1788939597070000000,1788939657070000000,400564224
MappedFileStorage.totalTimeSpentOnMappingUs,1788939597070000000,1788939657070000000,179239
StreamlinedBlobStorage.recordsDeleted,1788939597070000000,1788939657070000000,0
FilePageCache.WAL.entriesFlushedOnTruncate,1788939597070000000,1788939657070000000,0
DirectByteBufferAllocator.totalSizeOfBuffersAllocatedInBytes,1788939597070000000,1788939657070000000,400564224
FilePageCache.pageLoadsAboveSizeThreshold,1788939597070000000,1788939657070000000,0
FilePageCache.maxRegisteredFiles,1788939597070000000,1788939657070000000,1072
cacheStateStorage.set.counter,1788939597070000000,1788939657070000000,0
cacheStateStorage.get.counter,1788939597070000000,1788939657070000000,0
cacheStateStorage.get.duration,1788939597070000000,1788939657070000000,0
cacheStateStorage.set.duration,1788939597070000000,1788939657070000000,0
jps.global.initialize.library.bridges.ms,1788939597070000000,1788939657070000000,0
workspaceModel.mutableEntityStorage.changeLog.addReplaceEventForRemovedChild.ms,1788939597070000000,1788939657070000000,0
jps.app.storage.content.reader.load.component.ms,1788939597070000000,1788939657070000000,0
workspaceModel.mutableEntityStorage.put.entity.ms,1788939597070000000,1788939657070000000,0
workspaceModel.global.apply.state.to.project.builder.ms,1788939597070000000,1788939657070000000,0
workspaceModel.mutableEntityStorage.remove.entity.ms,1788939597070000000,1788939657070000000,0
workspaceModel.mutableEntityStorage.entities.by.source.ms,1788939597070000000,1788939657070000000,0
workspaceModel.mutableEntityStorage.collect.changes.ms,1788939597070000000,1788939657070000000,0
workspaceModel.mutableEntityStorage.instances.count,1788939597070000000,1788939657070000000,0
workspaceModel.mutableEntityStorage.changeLog.addReplaceEventForNewChild.ms,1788939597070000000,1788939657070000000,0
workspaceModel.global.updates.ms,1788939597070000000,1788939657070000000,0
jps.load.initial.state.ms,1788939597070000000,1788939657070000000,0
workspaceModel.mutableEntityStorage.add.entity.ms,1788939597070000000,1788939657070000000,0
workspaceModel.mutableEntityStorage.mutable.vfurl.index.ms,1788939597070000000,1788939657070000000,0
workspaceModel.load.cache.metadata.from.file.ms,1788939597070000000,1788939657070000000,0
workspaceModel.mutableEntityStorage.has.same.entities.ms,1788939597070000000,1788939657070000000,0
workspaceModel.mutableEntityStorage.mutable.ext.mapping.ms,1788939597070000000,1788939657070000000,0
jps.global.get.library.ms,1788939597070000000,1788939657070000000,0
workspaceModel.mutableEntityStorage.entities.ms,1788939597070000000,1788939657070000000,0
workspaceModel.mutableEntityStorage.to.snapshot.ms,1788939597070000000,1788939657070000000,0
workspaceModel.mutableEntityStorage.referrers.ms,1788939597070000000,1788939657070000000,0
jps.global.get.libraries.ms,1788939597070000000,1788939657070000000,0
jps.global.handle.before.change.events.ms,1788939597070000000,1788939657070000000,0
jps.global.handle.changed.events.ms,1788939597070000000,1788939657070000000,0
workspaceModel.save.cache.to.file.ms,1788939597070000000,1788939657070000000,0
jps.global.initialize.library.bridges.after.loading.ms,1788939597070000000,1788939657070000000,0
jps.library.entities.serializer.save.entities.ms,1788939597070000000,1788939657070000000,0
workspaceModel.mutableEntityStorage.modify.entity.ms,1788939597070000000,1788939657070000000,0
workspaceModel.mutableEntityStorage.changeLog.addReplaceEventForNewParent.ms,1788939597070000000,1788939657070000000,0
workspaceModel.load.cache.from.file.ms,1788939597070000000,1788939657070000000,0
jps.save.global.entities.ms,1788939597070000000,1788939657070000000,0
workspaceModel.mutableEntityStorage.hasReferrers.ms,1788939597070000000,1788939657070000000,0
jps.library.entities.serializer.load.entities.ms,1788939597070000000,1788939657070000000,0
workspaceModel.mutableEntityStorage.changeLog.addReplaceEventForRemovedParent.ms,1788939597070000000,1788939657070000000,0
workspaceModel.mutableEntityStorage.apply.changes.from.ms,1788939597070000000,1788939657070000000,0
workspaceModel.mutableEntityStorage.replace.by.source.ms,1788939597070000000,1788939657070000000,0
workspaceModel.mutableEntityStorage.resolve.ms,1788939597070000000,1788939657070000000,0
workspaceModel.global.updates.count,1788939597070000000,1788939657070000000,0
workspaceModel.sync.entities.ms,1788939597070000000,1788939657070000000,0
workspaceModel.global.apply.state.to.project.ms,1788939597070000000,1788939657070000000,0
jps.global.get.library.by.name.ms,1788939597070000000,1788939657070000000,0
jps.app.storage.content.writer.save.component.ms,1788939597070000000,1788939657070000000,0
workspaceModel.entityStorageSnapshotImpl.instances.count,1788939597070000000,1788939657070000000,0
writeAction.median.wait.ms,1788939597070000000,1788939657070000000,0
writeAction.wait.ms,1788939597070000000,1788939657070000000,0
writeAction.max.wait.ms,1788939597070000000,1788939657070000000,1
writeAction.count,1788939597070000000,1788939657070000000,0
FlushQueue.waitingTime90PNs,1788939657070000000,1788939717070000000,0
ReadAction.executionsCount,1788939657070000000,1788939717070000000,60
FlushQueue.executionTime90PNs,1788939657070000000,1788939717070000000,0
FlushQueue.queueSize90P,1788939657070000000,1788939717070000000,0
FlushQueue.queueSizeMax,1788939657070000000,1788939717070000000,0
AWTEventQueue.dispatchTime90PNs,1788939657070000000,1788939717070000000,101887
FlushQueue.queueSizeAvg,1788939657070000000,1788939717070000000,0.0
FlushQueue.waitingTimeMaxNs,1788939657070000000,1788939717070000000,0
WriteAction.executionsCount,1788939657070000000,1788939717070000000,0
AWTEventQueue.dispatchTimeMaxNs,1788939657070000000,1788939717070000000,860159
FlushQueue.tasksExecuted,1788939657070000000,1788939717070000000,0
FlushQueue.executionTimeMaxNs,1788939657070000000,1788939717070000000,0
FlushQueue.executionTimeAvgNs,1788939657070000000,1788939717070000000,0.0
AWTEventQueue.eventsDispatched,1788939657070000000,1788939717070000000,180
FlushQueue.waitingTimeAvgNs,1788939657070000000,1788939717070000000,0.0
AWTEventQueue.dispatchTimeTotalNS,1788939657070000000,1788939717070000000,15480967
AWTEventQueue.dispatchTimeAvgNs,1788939657070000000,1788939717070000000,86028.8
VFS.contentStorage.recordsRead,1788939657070000000,1788939717070000000,0
VFS.cache.filesCreated,1788939657070000000,1788939717070000000,0
VFS.ContentWriter.totalTimeSpentOnAsyncOperationsUs,1788939657070000000,1788939717070000000,0
VFS.ContentWriter.totalTasksExecutedSync,1788939657070000000,1788939717070000000,0
VFS.contentStorage.recordsStoredSize,1788939657070000000,1788939717070000000,0
VFS.invertedFileNameIndex.requests,1788939657070000000,1788939717070000000,0
VFS.folderCaseSensitivityReads,1788939657070000000,1788939717070000000,0
FileNameCache.queries,1788939657070000000,1788939717070000000,0
VFS.contentStorage.recordsReadSize,1788939657070000000,1788939717070000000,0
VFS.contentStorage.recordsStoredCompressed,1788939657070000000,1788939717070000000,0
VFS.contentStorage.recordsReadDecompressed,1788939657070000000,1788939717070000000,0
VFS.fileChildByName,1788939657070000000,1788939717070000000,0
VFS.contentStorage.recordsDecompressionTimeUs,1788939657070000000,1788939717070000000,0
FileNameCache.totalMisses,1788939657070000000,1788939717070000000,0
VFS.contentStorage.recordsDeduplicated,1788939657070000000,1788939717070000000,0
VFS.fileByIdCache.hits,1788939657070000000,1788939717070000000,0
VFS.contentStorage.recordsStored,1788939657070000000,1788939717070000000,0
VFS.contentStorage.recordsUncompressedSize,1788939657070000000,1788939717070000000,0
VFS.fileByIdCache.misses,1788939657070000000,1788939717070000000,0
VFS.cache.segments,1788939657070000000,1788939717070000000,0
VFS.cache.segmentsCreated,1788939657070000000,1788939717070000000,0
VFS.ContentWriter.totalTimeSpentOnSyncOperationsUs,1788939657070000000,1788939717070000000,0
VFS.ContentWriter.totalFlushes,1788939657070000000,1788939717070000000,0
VFS.ContentWriter.totalTasksExecutedAsync,1788939657070000000,1788939717070000000,0
VFS.rootsCount,1788939657070000000,1788939717070000000,0.0
VFS.cache.directoriesCreated,1788939657070000000,1788939717070000000,0
Indexing.writesQueuedMin,1788939657070000000,1788939717070000000,0
Indexing.writer_1.totalTimeSpentWritingMs,1788939657070000000,1788939717070000000,0
Indexing.writer_0.totalTimeSpentWritingMs,1788939657070000000,1788939717070000000,0
Indexing.writesQueuedMax,1788939657070000000,1788939717070000000,0
Indexing.cache.totalCacheMisses,1788939657070000000,1788939717070000000,0
Indexing.cache.totalCacheAccesses,1788939657070000000,1788939717070000000,0
Indexing.writer_2.totalTimeSpentWritingMs,1788939657070000000,1788939717070000000,0
Indexing.cache.totalCacheEvicted,1788939657070000000,1788939717070000000,0
Indexing.totalTimeIndexersSleptMs,1788939657070000000,1788939717070000000,0
Indexing.writesQueuedAvg,1788939657070000000,1788939717070000000,0.0
Indexing.writer_3.totalTimeSpentWritingMs,1788939657070000000,1788939717070000000,0
FilePageCache.WAL.flushesForcedByOverflow,1788939657070000000,1788939717070000000,0
MappedFileStorage.storages,1788939657070000000,1788939717070000000,8
StorageLockContext.competingThreads.90P,1788939657070000000,1788939717070000000,0
FilePageCache.pageFastCacheHits,1788939657070000000,1788939717070000000,180
DirectByteBufferAllocator.reclaimed,1788939657070000000,1788939717070000000,0
FilePageCache.WAL.bytesCopiedByApplyUnfinished,1788939657070000000,1788939717070000000,0
FilePageCache.totalBytesStored,1788939657070000000,1788939717070000000,960
StreamlinedBlobStorage.recordsAllocated,1788939657070000000,1788939717070000000,0
DirectByteBufferAllocator.hits,1788939657070000000,1788939717070000000,0
StorageLockContext.competingThreads.max,1788939657070000000,1788939717070000000,0
DirectByteBufferAllocator.totalSizeOfBuffersCachedInBytes,1788939657070000000,1788939717070000000,41959424
FilePageCache.WAL.entriesFlushed,1788939657070000000,1788939717070000000,0
FilePageCache.totalPageStoresUs,1788939657070000000,1788939717070000000,8316
DirectByteBufferAllocator.misses,1788939657070000000,1788939717070000000,0
FilePageCache.WAL.entriesFlushedOnRead,1788939657070000000,1788939717070000000,0
MappedFileStorage.totalBytesMapped,1788939657070000000,1788939717070000000,232783872
FilePageCache.pageHits,1788939657070000000,1788939717070000000,0
FilePageCache.capacityInBytes,1788939657070000000,1788939717070000000,629145600
MappedFileStorage.totalPagesMapped,1788939657070000000,1788939717070000000,8
StreamlinedBlobStorage.totalLiveRecordsPayloadBytes,1788939657070000000,1788939717070000000,0
FilePageCache.totalPageDisposalsUs,1788939657070000000,1788939717070000000,0
StreamlinedBlobStorage.recordsRelocated,1788939657070000000,1788939717070000000,0
FilePageCache.totalPageLoadsUs,1788939657070000000,1788939717070000000,0
FilePageCache.WAL.entriesFlushedOnForce,1788939657070000000,1788939717070000000,0
FilePageCache.pageLoads,1788939657070000000,1788939717070000000,0
FileChannelInterruptsRetryer.totalRetriedAttempts,1788939657070000000,1788939717070000000,0
StreamlinedBlobStorage.totalLiveRecordsCapacityBytes,1788939657070000000,1788939717070000000,0
FilePageCache.WAL.entriesFlushedOnClose,1788939657070000000,1788939717070000000,0
FilePageCache.disposedBuffers,1788939657070000000,1788939717070000000,0
FilePageCache.uncachedFileAccess,1788939657070000000,1788939717070000000,60
FilePageCache.WAL.bytesQueued,1788939657070000000,1788939717070000000,0
StorageLockContext.competingThreads.avg,1788939657070000000,1788939717070000000,0.0
DirectByteBufferAllocator.disposed,1788939657070000000,1788939717070000000,0
FilePageCache.maxCacheSizeInBytes,1788939657070000000,1788939717070000000,400564224
MappedFileStorage.totalTimeSpentOnMappingUs,1788939657070000000,1788939717070000000,179239
StreamlinedBlobStorage.recordsDeleted,1788939657070000000,1788939717070000000,0
FilePageCache.WAL.entriesFlushedOnTruncate,1788939657070000000,1788939717070000000,0
DirectByteBufferAllocator.totalSizeOfBuffersAllocatedInBytes,1788939657070000000,1788939717070000000,400564224
FilePageCache.pageLoadsAboveSizeThreshold,1788939657070000000,1788939717070000000,0
FilePageCache.maxRegisteredFiles,1788939657070000000,1788939717070000000,1072
cacheStateStorage.set.counter,1788939657070000000,1788939717070000000,0
cacheStateStorage.get.counter,1788939657070000000,1788939717070000000,0
cacheStateStorage.get.duration,1788939657070000000,1788939717070000000,0
cacheStateStorage.set.duration,1788939657070000000,1788939717070000000,0
jps.global.initialize.library.bridges.ms,1788939657070000000,1788939717070000000,0
workspaceModel.mutableEntityStorage.changeLog.addReplaceEventForRemovedChild.ms,1788939657070000000,1788939717070000000,0
jps.app.storage.content.reader.load.component.ms,1788939657070000000,1788939717070000000,0
workspaceModel.mutableEntityStorage.put.entity.ms,1788939657070000000,1788939717070000000,0
workspaceModel.global.apply.state.to.project.builder.ms,1788939657070000000,1788939717070000000,0
workspaceModel.mutableEntityStorage.remove.entity.ms,1788939657070000000,1788939717070000000,0
workspaceModel.mutableEntityStorage.entities.by.source.ms,1788939657070000000,1788939717070000000,0
workspaceModel.mutableEntityStorage.collect.changes.ms,1788939657070000000,1788939717070000000,0
workspaceModel.mutableEntityStorage.instances.count,1788939657070000000,1788939717070000000,0
workspaceModel.mutableEntityStorage.changeLog.addReplaceEventForNewChild.ms,1788939657070000000,1788939717070000000,0
workspaceModel.global.updates.ms,1788939657070000000,1788939717070000000,0
jps.load.initial.state.ms,1788939657070000000,1788939717070000000,0
workspaceModel.mutableEntityStorage.add.entity.ms,1788939657070000000,1788939717070000000,0
workspaceModel.mutableEntityStorage.mutable.vfurl.index.ms,1788939657070000000,1788939717070000000,0
workspaceModel.load.cache.metadata.from.file.ms,1788939657070000000,1788939717070000000,0
workspaceModel.mutableEntityStorage.has.same.entities.ms,1788939657070000000,1788939717070000000,0
workspaceModel.mutableEntityStorage.mutable.ext.mapping.ms,1788939657070000000,1788939717070000000,0
jps.global.get.library.ms,1788939657070000000,1788939717070000000,0
workspaceModel.mutableEntityStorage.entities.ms,1788939657070000000,1788939717070000000,0
workspaceModel.mutableEntityStorage.to.snapshot.ms,1788939657070000000,1788939717070000000,0
workspaceModel.mutableEntityStorage.referrers.ms,1788939657070000000,1788939717070000000,0
jps.global.get.libraries.ms,1788939657070000000,1788939717070000000,0
jps.global.handle.before.change.events.ms,1788939657070000000,1788939717070000000,0
jps.global.handle.changed.events.ms,1788939657070000000,1788939717070000000,0
workspaceModel.save.cache.to.file.ms,1788939657070000000,1788939717070000000,0
jps.global.initialize.library.bridges.after.loading.ms,1788939657070000000,1788939717070000000,0
jps.library.entities.serializer.save.entities.ms,1788939657070000000,1788939717070000000,0
workspaceModel.mutableEntityStorage.modify.entity.ms,1788939657070000000,1788939717070000000,0
workspaceModel.mutableEntityStorage.changeLog.addReplaceEventForNewParent.ms,1788939657070000000,1788939717070000000,0
workspaceModel.load.cache.from.file.ms,1788939657070000000,1788939717070000000,0
jps.save.global.entities.ms,1788939657070000000,1788939717070000000,0
workspaceModel.mutableEntityStorage.hasReferrers.ms,1788939657070000000,1788939717070000000,0
jps.library.entities.serializer.load.entities.ms,1788939657070000000,1788939717070000000,0
workspaceModel.mutableEntityStorage.changeLog.addReplaceEventForRemovedParent.ms,1788939657070000000,1788939717070000000,0
workspaceModel.mutableEntityStorage.apply.changes.from.ms,1788939657070000000,1788939717070000000,0
workspaceModel.mutableEntityStorage.replace.by.source.ms,1788939657070000000,1788939717070000000,0
workspaceModel.mutableEntityStorage.resolve.ms,1788939657070000000,1788939717070000000,0
workspaceModel.global.updates.count,1788939657070000000,1788939717070000000,0
workspaceModel.sync.entities.ms,1788939657070000000,1788939717070000000,0
workspaceModel.global.apply.state.to.project.ms,1788939657070000000,1788939717070000000,0
jps.global.get.library.by.name.ms,1788939657070000000,1788939717070000000,0
jps.app.storage.content.writer.save.component.ms,1788939657070000000,1788939717070000000,0
workspaceModel.entityStorageSnapshotImpl.instances.count,1788939657070000000,1788939717070000000,0
writeAction.median.wait.ms,1788939657070000000,1788939717070000000,0
writeAction.wait.ms,1788939657070000000,1788939717070000000,0
writeAction.max.wait.ms,1788939657070000000,1788939717070000000,1
writeAction.count,1788939657070000000,1788939717070000000,0
FlushQueue.waitingTime90PNs,1788939717070000000,1788939777070000000,0
ReadAction.executionsCount,1788939717070000000,1788939777070000000,60
FlushQueue.executionTime90PNs,1788939717070000000,1788939777070000000,0
FlushQueue.queueSize90P,1788939717070000000,1788939777070000000,0
FlushQueue.queueSizeMax,1788939717070000000,1788939777070000000,0
AWTEventQueue.dispatchTime90PNs,1788939717070000000,1788939777070000000,98303
FlushQueue.queueSizeAvg,1788939717070000000,1788939777070000000,0.0
FlushQueue.waitingTimeMaxNs,1788939717070000000,1788939777070000000,0
WriteAction.executionsCount,1788939717070000000,1788939777070000000,0
AWTEventQueue.dispatchTimeMaxNs,1788939717070000000,1788939777070000000,176127
FlushQueue.tasksExecuted,1788939717070000000,1788939777070000000,0
FlushQueue.executionTimeMaxNs,1788939717070000000,1788939777070000000,0
FlushQueue.executionTimeAvgNs,1788939717070000000,1788939777070000000,0.0
AWTEventQueue.eventsDispatched,1788939717070000000,1788939777070000000,180
FlushQueue.waitingTimeAvgNs,1788939717070000000,1788939777070000000,0.0
AWTEventQueue.dispatchTimeTotalNS,1788939717070000000,1788939777070000000,15158779
AWTEventQueue.dispatchTimeAvgNs,1788939717070000000,1788939777070000000,84209.77777777778
VFS.contentStorage.recordsRead,1788939717070000000,1788939777070000000,0
VFS.cache.filesCreated,1788939717070000000,1788939777070000000,0
VFS.ContentWriter.totalTimeSpentOnAsyncOperationsUs,1788939717070000000,1788939777070000000,0
VFS.ContentWriter.totalTasksExecutedSync,1788939717070000000,1788939777070000000,0
VFS.contentStorage.recordsStoredSize,1788939717070000000,1788939777070000000,0
VFS.invertedFileNameIndex.requests,1788939717070000000,1788939777070000000,0
VFS.folderCaseSensitivityReads,1788939717070000000,1788939777070000000,0
FileNameCache.queries,1788939717070000000,1788939777070000000,0
VFS.contentStorage.recordsReadSize,1788939717070000000,1788939777070000000,0
VFS.contentStorage.recordsStoredCompressed,1788939717070000000,1788939777070000000,0
VFS.contentStorage.recordsReadDecompressed,1788939717070000000,1788939777070000000,0
VFS.fileChildByName,1788939717070000000,1788939777070000000,0
VFS.contentStorage.recordsDecompressionTimeUs,1788939717070000000,1788939777070000000,0
FileNameCache.totalMisses,1788939717070000000,1788939777070000000,0
VFS.contentStorage.recordsDeduplicated,1788939717070000000,1788939777070000000,0
VFS.fileByIdCache.hits,1788939717070000000,1788939777070000000,0
VFS.contentStorage.recordsStored,1788939717070000000,1788939777070000000,0
VFS.contentStorage.recordsUncompressedSize,1788939717070000000,1788939777070000000,0
VFS.fileByIdCache.misses,1788939717070000000,1788939777070000000,0
VFS.cache.segments,1788939717070000000,1788939777070000000,0
VFS.cache.segmentsCreated,1788939717070000000,1788939777070000000,0
VFS.ContentWriter.totalTimeSpentOnSyncOperationsUs,1788939717070000000,1788939777070000000,0
VFS.ContentWriter.totalFlushes,1788939717070000000,1788939777070000000,0
VFS.ContentWriter.totalTasksExecutedAsync,1788939717070000000,1788939777070000000,0
VFS.rootsCount,1788939717070000000,1788939777070000000,0.0
VFS.cache.directoriesCreated,1788939717070000000,1788939777070000000,0
Indexing.writesQueuedMin,1788939717070000000,1788939777070000000,0
Indexing.writer_1.totalTimeSpentWritingMs,1788939717070000000,1788939777070000000,0
Indexing.writer_0.totalTimeSpentWritingMs,1788939717070000000,1788939777070000000,0
Indexing.writesQueuedMax,1788939717070000000,1788939777070000000,0
Indexing.cache.totalCacheMisses,1788939717070000000,1788939777070000000,0
Indexing.cache.totalCacheAccesses,1788939717070000000,1788939777070000000,0
Indexing.writer_2.totalTimeSpentWritingMs,1788939717070000000,1788939777070000000,0
Indexing.cache.totalCacheEvicted,1788939717070000000,1788939777070000000,0
Indexing.totalTimeIndexersSleptMs,1788939717070000000,1788939777070000000,0
Indexing.writesQueuedAvg,1788939717070000000,1788939777070000000,0.0
Indexing.writer_3.totalTimeSpentWritingMs,1788939717070000000,1788939777070000000,0
FilePageCache.WAL.flushesForcedByOverflow,1788939717070000000,1788939777070000000,0
MappedFileStorage.storages,1788939717070000000,1788939777070000000,8
StorageLockContext.competingThreads.90P,1788939717070000000,1788939777070000000,0
FilePageCache.pageFastCacheHits,1788939717070000000,1788939777070000000,180
DirectByteBufferAllocator.reclaimed,1788939717070000000,1788939777070000000,0
FilePageCache.WAL.bytesCopiedByApplyUnfinished,1788939717070000000,1788939777070000000,0
FilePageCache.totalBytesStored,1788939717070000000,1788939777070000000,960
StreamlinedBlobStorage.recordsAllocated,1788939717070000000,1788939777070000000,0
DirectByteBufferAllocator.hits,1788939717070000000,1788939777070000000,0
StorageLockContext.competingThreads.max,1788939717070000000,1788939777070000000,0
DirectByteBufferAllocator.totalSizeOfBuffersCachedInBytes,1788939717070000000,1788939777070000000,41959424
FilePageCache.WAL.entriesFlushed,1788939717070000000,1788939777070000000,0
FilePageCache.totalPageStoresUs,1788939717070000000,1788939777070000000,8331
DirectByteBufferAllocator.misses,1788939717070000000,1788939777070000000,0
FilePageCache.WAL.entriesFlushedOnRead,1788939717070000000,1788939777070000000,0
MappedFileStorage.totalBytesMapped,1788939717070000000,1788939777070000000,232783872
FilePageCache.pageHits,1788939717070000000,1788939777070000000,0
FilePageCache.capacityInBytes,1788939717070000000,1788939777070000000,629145600
MappedFileStorage.totalPagesMapped,1788939717070000000,1788939777070000000,8
StreamlinedBlobStorage.totalLiveRecordsPayloadBytes,1788939717070000000,1788939777070000000,0
FilePageCache.totalPageDisposalsUs,1788939717070000000,1788939777070000000,0
StreamlinedBlobStorage.recordsRelocated,1788939717070000000,1788939777070000000,0
FilePageCache.totalPageLoadsUs,1788939717070000000,1788939777070000000,0
FilePageCache.WAL.entriesFlushedOnForce,1788939717070000000,1788939777070000000,0
FilePageCache.pageLoads,1788939717070000000,1788939777070000000,0
FileChannelInterruptsRetryer.totalRetriedAttempts,1788939717070000000,1788939777070000000,0
StreamlinedBlobStorage.totalLiveRecordsCapacityBytes,1788939717070000000,1788939777070000000,0
FilePageCache.WAL.entriesFlushedOnClose,1788939717070000000,1788939777070000000,0
FilePageCache.disposedBuffers,1788939717070000000,1788939777070000000,0
FilePageCache.uncachedFileAccess,1788939717070000000,1788939777070000000,60
FilePageCache.WAL.bytesQueued,1788939717070000000,1788939777070000000,0
StorageLockContext.competingThreads.avg,1788939717070000000,1788939777070000000,0.0
DirectByteBufferAllocator.disposed,1788939717070000000,1788939777070000000,0
FilePageCache.maxCacheSizeInBytes,1788939717070000000,1788939777070000000,400564224
MappedFileStorage.totalTimeSpentOnMappingUs,1788939717070000000,1788939777070000000,179239
StreamlinedBlobStorage.recordsDeleted,1788939717070000000,1788939777070000000,0
FilePageCache.WAL.entriesFlushedOnTruncate,1788939717070000000,1788939777070000000,0
DirectByteBufferAllocator.totalSizeOfBuffersAllocatedInBytes,1788939717070000000,1788939777070000000,400564224
FilePageCache.pageLoadsAboveSizeThreshold,1788939717070000000,1788939777070000000,0
FilePageCache.maxRegisteredFiles,1788939717070000000,1788939777070000000,1072
cacheStateStorage.set.counter,1788939717070000000,1788939777070000000,0
cacheStateStorage.get.counter,1788939717070000000,1788939777070000000,0
cacheStateStorage.get.duration,1788939717070000000,1788939777070000000,0
cacheStateStorage.set.duration,1788939717070000000,1788939777070000000,0
jps.global.initialize.library.bridges.ms,1788939717070000000,1788939777070000000,0
workspaceModel.mutableEntityStorage.changeLog.addReplaceEventForRemovedChild.ms,1788939717070000000,1788939777070000000,0
jps.app.storage.content.reader.load.component.ms,1788939717070000000,1788939777070000000,0
workspaceModel.mutableEntityStorage.put.entity.ms,1788939717070000000,1788939777070000000,0
workspaceModel.global.apply.state.to.project.builder.ms,1788939717070000000,1788939777070000000,0
workspaceModel.mutableEntityStorage.remove.entity.ms,1788939717070000000,1788939777070000000,0
workspaceModel.mutableEntityStorage.entities.by.source.ms,1788939717070000000,1788939777070000000,0
workspaceModel.mutableEntityStorage.collect.changes.ms,1788939717070000000,1788939777070000000,0
workspaceModel.mutableEntityStorage.instances.count,1788939717070000000,1788939777070000000,0
workspaceModel.mutableEntityStorage.changeLog.addReplaceEventForNewChild.ms,1788939717070000000,1788939777070000000,0
workspaceModel.global.updates.ms,1788939717070000000,1788939777070000000,0
jps.load.initial.state.ms,1788939717070000000,1788939777070000000,0
workspaceModel.mutableEntityStorage.add.entity.ms,1788939717070000000,1788939777070000000,0
workspaceModel.mutableEntityStorage.mutable.vfurl.index.ms,1788939717070000000,1788939777070000000,0
workspaceModel.load.cache.metadata.from.file.ms,1788939717070000000,1788939777070000000,0
workspaceModel.mutableEntityStorage.has.same.entities.ms,1788939717070000000,1788939777070000000,0
workspaceModel.mutableEntityStorage.mutable.ext.mapping.ms,1788939717070000000,1788939777070000000,0
jps.global.get.library.ms,1788939717070000000,1788939777070000000,0
workspaceModel.mutableEntityStorage.entities.ms,1788939717070000000,1788939777070000000,0
workspaceModel.mutableEntityStorage.to.snapshot.ms,1788939717070000000,1788939777070000000,0
workspaceModel.mutableEntityStorage.referrers.ms,1788939717070000000,1788939777070000000,0
jps.global.get.libraries.ms,1788939717070000000,1788939777070000000,0
jps.global.handle.before.change.events.ms,1788939717070000000,1788939777070000000,0
jps.global.handle.changed.events.ms,1788939717070000000,1788939777070000000,0
workspaceModel.save.cache.to.file.ms,1788939717070000000,1788939777070000000,0
jps.global.initialize.library.bridges.after.loading.ms,1788939717070000000,1788939777070000000,0
jps.library.entities.serializer.save.entities.ms,1788939717070000000,1788939777070000000,0
workspaceModel.mutableEntityStorage.modify.entity.ms,1788939717070000000,1788939777070000000,0
workspaceModel.mutableEntityStorage.changeLog.addReplaceEventForNewParent.ms,1788939717070000000,1788939777070000000,0
workspaceModel.load.cache.from.file.ms,1788939717070000000,1788939777070000000,0
jps.save.global.entities.ms,1788939717070000000,1788939777070000000,0
workspaceModel.mutableEntityStorage.hasReferrers.ms,1788939717070000000,1788939777070000000,0
jps.library.entities.serializer.load.entities.ms,1788939717070000000,1788939777070000000,0
workspaceModel.mutableEntityStorage.changeLog.addReplaceEventForRemovedParent.ms,1788939717070000000,1788939777070000000,0
workspaceModel.mutableEntityStorage.apply.changes.from.ms,1788939717070000000,1788939777070000000,0
workspaceModel.mutableEntityStorage.replace.by.source.ms,1788939717070000000,1788939777070000000,0
workspaceModel.mutableEntityStorage.resolve.ms,1788939717070000000,1788939777070000000,0
workspaceModel.global.updates.count,1788939717070000000,1788939777070000000,0
workspaceModel.sync.entities.ms,1788939717070000000,1788939777070000000,0
workspaceModel.global.apply.state.to.project.ms,1788939717070000000,1788939777070000000,0
jps.global.get.library.by.name.ms,1788939717070000000,1788939777070000000,0
jps.app.storage.content.writer.save.component.ms,1788939717070000000,1788939777070000000,0
workspaceModel.entityStorageSnapshotImpl.instances.count,1788939717070000000,1788939777070000000,0
writeAction.median.wait.ms,1788939717070000000,1788939777070000000,0
writeAction.wait.ms,1788939717070000000,1788939777070000000,0
writeAction.max.wait.ms,1788939717070000000,1788939777070000000,1
writeAction.count,1788939717070000000,1788939777070000000,0
FlushQueue.waitingTime90PNs,1788939777070000000,1788939837070000000,0
ReadAction.executionsCount,1788939777070000000,1788939837070000000,60
FlushQueue.executionTime90PNs,1788939777070000000,1788939837070000000,0
FlushQueue.queueSize90P,1788939777070000000,1788939837070000000,0
FlushQueue.queueSizeMax,1788939777070000000,1788939837070000000,0
AWTEventQueue.dispatchTime90PNs,1788939777070000000,1788939837070000000,88575
FlushQueue.queueSizeAvg,1788939777070000000,1788939837070000000,0.0
FlushQueue.waitingTimeMaxNs,1788939777070000000,1788939837070000000,0
WriteAction.executionsCount,1788939777070000000,1788939837070000000,0
AWTEventQueue.dispatchTimeMaxNs,1788939777070000000,1788939837070000000,245759
FlushQueue.tasksExecuted,1788939777070000000,1788939837070000000,0
FlushQueue.executionTimeMaxNs,1788939777070000000,1788939837070000000,0
FlushQueue.executionTimeAvgNs,1788939777070000000,1788939837070000000,0.0
AWTEventQueue.eventsDispatched,1788939777070000000,1788939837070000000,180
FlushQueue.waitingTimeAvgNs,1788939777070000000,1788939837070000000,0.0
AWTEventQueue.dispatchTimeTotalNS,1788939777070000000,1788939837070000000,14006451
AWTEventQueue.dispatchTimeAvgNs,1788939777070000000,1788939837070000000,77814.04444444444
VFS.contentStorage.recordsRead,1788939777070000000,1788939837070000000,0
VFS.cache.filesCreated,1788939777070000000,1788939837070000000,0
VFS.ContentWriter.totalTimeSpentOnAsyncOperationsUs,1788939777070000000,1788939837070000000,0
VFS.ContentWriter.totalTasksExecutedSync,1788939777070000000,1788939837070000000,0
VFS.contentStorage.recordsStoredSize,1788939777070000000,1788939837070000000,0
VFS.invertedFileNameIndex.requests,1788939777070000000,1788939837070000000,0
VFS.folderCaseSensitivityReads,1788939777070000000,1788939837070000000,0
FileNameCache.queries,1788939777070000000,1788939837070000000,0
VFS.contentStorage.recordsReadSize,1788939777070000000,1788939837070000000,0
VFS.contentStorage.recordsStoredCompressed,1788939777070000000,1788939837070000000,0
VFS.contentStorage.recordsReadDecompressed,1788939777070000000,1788939837070000000,0
VFS.fileChildByName,1788939777070000000,1788939837070000000,0
VFS.contentStorage.recordsDecompressionTimeUs,1788939777070000000,1788939837070000000,0
FileNameCache.totalMisses,1788939777070000000,1788939837070000000,0
VFS.contentStorage.recordsDeduplicated,1788939777070000000,1788939837070000000,0
VFS.fileByIdCache.hits,1788939777070000000,1788939837070000000,0
VFS.contentStorage.recordsStored,1788939777070000000,1788939837070000000,0
VFS.contentStorage.recordsUncompressedSize,1788939777070000000,1788939837070000000,0
VFS.fileByIdCache.misses,1788939777070000000,1788939837070000000,0
VFS.cache.segments,1788939777070000000,1788939837070000000,0
VFS.cache.segmentsCreated,1788939777070000000,1788939837070000000,0
VFS.ContentWriter.totalTimeSpentOnSyncOperationsUs,1788939777070000000,1788939837070000000,0
VFS.ContentWriter.totalFlushes,1788939777070000000,1788939837070000000,0
VFS.ContentWriter.totalTasksExecutedAsync,1788939777070000000,1788939837070000000,0
VFS.rootsCount,1788939777070000000,1788939837070000000,0.0
VFS.cache.directoriesCreated,1788939777070000000,1788939837070000000,0
Indexing.writesQueuedMin,1788939777070000000,1788939837070000000,0
Indexing.writer_1.totalTimeSpentWritingMs,1788939777070000000,1788939837070000000,0
Indexing.writer_0.totalTimeSpentWritingMs,1788939777070000000,1788939837070000000,0
Indexing.writesQueuedMax,1788939777070000000,1788939837070000000,0
Indexing.cache.totalCacheMisses,1788939777070000000,1788939837070000000,0
Indexing.cache.totalCacheAccesses,1788939777070000000,1788939837070000000,0
Indexing.writer_2.totalTimeSpentWritingMs,1788939777070000000,1788939837070000000,0
Indexing.cache.totalCacheEvicted,1788939777070000000,1788939837070000000,0
Indexing.totalTimeIndexersSleptMs,1788939777070000000,1788939837070000000,0
Indexing.writesQueuedAvg,1788939777070000000,1788939837070000000,0.0
Indexing.writer_3.totalTimeSpentWritingMs,1788939777070000000,1788939837070000000,0
FilePageCache.WAL.flushesForcedByOverflow,1788939777070000000,1788939837070000000,0
MappedFileStorage.storages,1788939777070000000,1788939837070000000,8
StorageLockContext.competingThreads.90P,1788939777070000000,1788939837070000000,0
FilePageCache.pageFastCacheHits,1788939777070000000,1788939837070000000,180
DirectByteBufferAllocator.reclaimed,1788939777070000000,1788939837070000000,0
FilePageCache.WAL.bytesCopiedByApplyUnfinished,1788939777070000000,1788939837070000000,0
FilePageCache.totalBytesStored,1788939777070000000,1788939837070000000,960
StreamlinedBlobStorage.recordsAllocated,1788939777070000000,1788939837070000000,0
DirectByteBufferAllocator.hits,1788939777070000000,1788939837070000000,0
StorageLockContext.competingThreads.max,1788939777070000000,1788939837070000000,0
DirectByteBufferAllocator.totalSizeOfBuffersCachedInBytes,1788939777070000000,1788939837070000000,41959424
FilePageCache.WAL.entriesFlushed,1788939777070000000,1788939837070000000,0
FilePageCache.totalPageStoresUs,1788939777070000000,1788939837070000000,7774
DirectByteBufferAllocator.misses,1788939777070000000,1788939837070000000,0
FilePageCache.WAL.entriesFlushedOnRead,1788939777070000000,1788939837070000000,0
MappedFileStorage.totalBytesMapped,1788939777070000000,1788939837070000000,232783872
FilePageCache.pageHits,1788939777070000000,1788939837070000000,0
FilePageCache.capacityInBytes,1788939777070000000,1788939837070000000,629145600
MappedFileStorage.totalPagesMapped,1788939777070000000,1788939837070000000,8
StreamlinedBlobStorage.totalLiveRecordsPayloadBytes,1788939777070000000,1788939837070000000,0
FilePageCache.totalPageDisposalsUs,1788939777070000000,1788939837070000000,0
StreamlinedBlobStorage.recordsRelocated,1788939777070000000,1788939837070000000,0
FilePageCache.totalPageLoadsUs,1788939777070000000,1788939837070000000,0
FilePageCache.WAL.entriesFlushedOnForce,1788939777070000000,1788939837070000000,0
FilePageCache.pageLoads,1788939777070000000,1788939837070000000,0
FileChannelInterruptsRetryer.totalRetriedAttempts,1788939777070000000,1788939837070000000,0
StreamlinedBlobStorage.totalLiveRecordsCapacityBytes,1788939777070000000,1788939837070000000,0
FilePageCache.WAL.entriesFlushedOnClose,1788939777070000000,1788939837070000000,0
FilePageCache.disposedBuffers,1788939777070000000,1788939837070000000,0
FilePageCache.uncachedFileAccess,1788939777070000000,1788939837070000000,60
FilePageCache.WAL.bytesQueued,1788939777070000000,1788939837070000000,0
StorageLockContext.competingThreads.avg,1788939777070000000,1788939837070000000,0.0
DirectByteBufferAllocator.disposed,1788939777070000000,1788939837070000000,0
FilePageCache.maxCacheSizeInBytes,1788939777070000000,1788939837070000000,400564224
MappedFileStorage.totalTimeSpentOnMappingUs,1788939777070000000,1788939837070000000,179239
StreamlinedBlobStorage.recordsDeleted,1788939777070000000,1788939837070000000,0
FilePageCache.WAL.entriesFlushedOnTruncate,1788939777070000000,1788939837070000000,0
DirectByteBufferAllocator.totalSizeOfBuffersAllocatedInBytes,1788939777070000000,1788939837070000000,400564224
FilePageCache.pageLoadsAboveSizeThreshold,1788939777070000000,1788939837070000000,0
FilePageCache.maxRegisteredFiles,1788939777070000000,1788939837070000000,1072
cacheStateStorage.set.counter,1788939777070000000,1788939837070000000,0
cacheStateStorage.get.counter,1788939777070000000,1788939837070000000,0
cacheStateStorage.get.duration,1788939777070000000,1788939837070000000,0
cacheStateStorage.set.duration,1788939777070000000,1788939837070000000,0
jps.global.initialize.library.bridges.ms,1788939777070000000,1788939837070000000,0
workspaceModel.mutableEntityStorage.changeLog.addReplaceEventForRemovedChild.ms,1788939777070000000,1788939837070000000,0
jps.app.storage.content.reader.load.component.ms,1788939777070000000,1788939837070000000,0
workspaceModel.mutableEntityStorage.put.entity.ms,1788939777070000000,1788939837070000000,0
workspaceModel.global.apply.state.to.project.builder.ms,1788939777070000000,1788939837070000000,0
workspaceModel.mutableEntityStorage.remove.entity.ms,1788939777070000000,1788939837070000000,0
workspaceModel.mutableEntityStorage.entities.by.source.ms,1788939777070000000,1788939837070000000,0
workspaceModel.mutableEntityStorage.collect.changes.ms,1788939777070000000,1788939837070000000,0
workspaceModel.mutableEntityStorage.instances.count,1788939777070000000,1788939837070000000,0
workspaceModel.mutableEntityStorage.changeLog.addReplaceEventForNewChild.ms,1788939777070000000,1788939837070000000,0
workspaceModel.global.updates.ms,1788939777070000000,1788939837070000000,0
jps.load.initial.state.ms,1788939777070000000,1788939837070000000,0
workspaceModel.mutableEntityStorage.add.entity.ms,1788939777070000000,1788939837070000000,0
workspaceModel.mutableEntityStorage.mutable.vfurl.index.ms,1788939777070000000,1788939837070000000,0
workspaceModel.load.cache.metadata.from.file.ms,1788939777070000000,1788939837070000000,0
workspaceModel.mutableEntityStorage.has.same.entities.ms,1788939777070000000,1788939837070000000,0
workspaceModel.mutableEntityStorage.mutable.ext.mapping.ms,1788939777070000000,1788939837070000000,0
jps.global.get.library.ms,1788939777070000000,1788939837070000000,0
workspaceModel.mutableEntityStorage.entities.ms,1788939777070000000,1788939837070000000,0
workspaceModel.mutableEntityStorage.to.snapshot.ms,1788939777070000000,1788939837070000000,0
workspaceModel.mutableEntityStorage.referrers.ms,1788939777070000000,1788939837070000000,0
jps.global.get.libraries.ms,1788939777070000000,1788939837070000000,0
jps.global.handle.before.change.events.ms,1788939777070000000,1788939837070000000,0
jps.global.handle.changed.events.ms,1788939777070000000,1788939837070000000,0
workspaceModel.save.cache.to.file.ms,1788939777070000000,1788939837070000000,0
jps.global.initialize.library.bridges.after.loading.ms,1788939777070000000,1788939837070000000,0
jps.library.entities.serializer.save.entities.ms,1788939777070000000,1788939837070000000,0
workspaceModel.mutableEntityStorage.modify.entity.ms,1788939777070000000,1788939837070000000,0
workspaceModel.mutableEntityStorage.changeLog.addReplaceEventForNewParent.ms,1788939777070000000,1788939837070000000,0
workspaceModel.load.cache.from.file.ms,1788939777070000000,1788939837070000000,0
jps.save.global.entities.ms,1788939777070000000,1788939837070000000,0
workspaceModel.mutableEntityStorage.hasReferrers.ms,1788939777070000000,1788939837070000000,0
jps.library.entities.serializer.load.entities.ms,1788939777070000000,1788939837070000000,0
workspaceModel.mutableEntityStorage.changeLog.addReplaceEventForRemovedParent.ms,1788939777070000000,1788939837070000000,0
workspaceModel.mutableEntityStorage.apply.changes.from.ms,1788939777070000000,1788939837070000000,0
workspaceModel.mutableEntityStorage.replace.by.source.ms,1788939777070000000,1788939837070000000,0
workspaceModel.mutableEntityStorage.resolve.ms,1788939777070000000,1788939837070000000,0
workspaceModel.global.updates.count,1788939777070000000,1788939837070000000,0
workspaceModel.sync.entities.ms,1788939777070000000,1788939837070000000,0
workspaceModel.global.apply.state.to.project.ms,1788939777070000000,1788939837070000000,0
jps.global.get.library.by.name.ms,1788939777070000000,1788939837070000000,0
jps.app.storage.content.writer.save.component.ms,1788939777070000000,1788939837070000000,0
workspaceModel.entityStorageSnapshotImpl.instances.count,1788939777070000000,1788939837070000000,0
writeAction.median.wait.ms,1788939777070000000,1788939837070000000,0
writeAction.wait.ms,1788939777070000000,1788939837070000000,0
writeAction.max.wait.ms,1788939777070000000,1788939837070000000,1
writeAction.count,1788939777070000000,1788939837070000000,0
FlushQueue.waitingTime90PNs,1788939837070000000,1788939897070000000,0
ReadAction.executionsCount,1788939837070000000,1788939897070000000,60
FlushQueue.executionTime90PNs,1788939837070000000,1788939897070000000,0
FlushQueue.queueSize90P,1788939837070000000,1788939897070000000,0
FlushQueue.queueSizeMax,1788939837070000000,1788939897070000000,0
AWTEventQueue.dispatchTime90PNs,1788939837070000000,1788939897070000000,87551
FlushQueue.queueSizeAvg,1788939837070000000,1788939897070000000,0.0
FlushQueue.waitingTimeMaxNs,1788939837070000000,1788939897070000000,0
WriteAction.executionsCount,1788939837070000000,1788939897070000000,0
AWTEventQueue.dispatchTimeMaxNs,1788939837070000000,1788939897070000000,177151
FlushQueue.tasksExecuted,1788939837070000000,1788939897070000000,0
FlushQueue.executionTimeMaxNs,1788939837070000000,1788939897070000000,0
FlushQueue.executionTimeAvgNs,1788939837070000000,1788939897070000000,0.0
AWTEventQueue.eventsDispatched,1788939837070000000,1788939897070000000,180
FlushQueue.waitingTimeAvgNs,1788939837070000000,1788939897070000000,0.0
AWTEventQueue.dispatchTimeTotalNS,1788939837070000000,1788939897070000000,13919742
AWTEventQueue.dispatchTimeAvgNs,1788939837070000000,1788939897070000000,77340.44444444444
VFS.contentStorage.recordsRead,1788939837070000000,1788939897070000000,0
VFS.cache.filesCreated,1788939837070000000,1788939897070000000,0
VFS.ContentWriter.totalTimeSpentOnAsyncOperationsUs,1788939837070000000,1788939897070000000,0
VFS.ContentWriter.totalTasksExecutedSync,1788939837070000000,1788939897070000000,0
VFS.contentStorage.recordsStoredSize,1788939837070000000,1788939897070000000,0
VFS.invertedFileNameIndex.requests,1788939837070000000,1788939897070000000,0
VFS.folderCaseSensitivityReads,1788939837070000000,1788939897070000000,0
FileNameCache.queries,1788939837070000000,1788939897070000000,0
VFS.contentStorage.recordsReadSize,1788939837070000000,1788939897070000000,0
VFS.contentStorage.recordsStoredCompressed,1788939837070000000,1788939897070000000,0
VFS.contentStorage.recordsReadDecompressed,1788939837070000000,1788939897070000000,0
VFS.fileChildByName,1788939837070000000,1788939897070000000,0
VFS.contentStorage.recordsDecompressionTimeUs,1788939837070000000,1788939897070000000,0
FileNameCache.totalMisses,1788939837070000000,1788939897070000000,0
VFS.contentStorage.recordsDeduplicated,1788939837070000000,1788939897070000000,0
VFS.fileByIdCache.hits,1788939837070000000,1788939897070000000,0
VFS.contentStorage.recordsStored,1788939837070000000,1788939897070000000,0
VFS.contentStorage.recordsUncompressedSize,1788939837070000000,1788939897070000000,0
VFS.fileByIdCache.misses,1788939837070000000,1788939897070000000,0
VFS.cache.segments,1788939837070000000,1788939897070000000,0
VFS.cache.segmentsCreated,1788939837070000000,1788939897070000000,0
VFS.ContentWriter.totalTimeSpentOnSyncOperationsUs,1788939837070000000,1788939897070000000,0
VFS.ContentWriter.totalFlushes,1788939837070000000,1788939897070000000,0
VFS.ContentWriter.totalTasksExecutedAsync,1788939837070000000,1788939897070000000,0
VFS.rootsCount,1788939837070000000,1788939897070000000,0.0
VFS.cache.directoriesCreated,1788939837070000000,1788939897070000000,0
Indexing.writesQueuedMin,1788939837070000000,1788939897070000000,0
Indexing.writer_1.totalTimeSpentWritingMs,1788939837070000000,1788939897070000000,0
Indexing.writer_0.totalTimeSpentWritingMs,1788939837070000000,1788939897070000000,0
Indexing.writesQueuedMax,1788939837070000000,1788939897070000000,0
Indexing.cache.totalCacheMisses,1788939837070000000,1788939897070000000,0
Indexing.cache.totalCacheAccesses,1788939837070000000,1788939897070000000,0
Indexing.writer_2.totalTimeSpentWritingMs,1788939837070000000,1788939897070000000,0
Indexing.cache.totalCacheEvicted,1788939837070000000,1788939897070000000,0
Indexing.totalTimeIndexersSleptMs,1788939837070000000,1788939897070000000,0
Indexing.writesQueuedAvg,1788939837070000000,1788939897070000000,0.0
Indexing.writer_3.totalTimeSpentWritingMs,1788939837070000000,1788939897070000000,0
FilePageCache.WAL.flushesForcedByOverflow,1788939837070000000,1788939897070000000,0
MappedFileStorage.storages,1788939837070000000,1788939897070000000,8
StorageLockContext.competingThreads.90P,1788939837070000000,1788939897070000000,0
FilePageCache.pageFastCacheHits,1788939837070000000,1788939897070000000,180
DirectByteBufferAllocator.reclaimed,1788939837070000000,1788939897070000000,0
FilePageCache.WAL.bytesCopiedByApplyUnfinished,1788939837070000000,1788939897070000000,0
FilePageCache.totalBytesStored,1788939837070000000,1788939897070000000,960
StreamlinedBlobStorage.recordsAllocated,1788939837070000000,1788939897070000000,0
DirectByteBufferAllocator.hits,1788939837070000000,1788939897070000000,0
StorageLockContext.competingThreads.max,1788939837070000000,1788939897070000000,0
DirectByteBufferAllocator.totalSizeOfBuffersCachedInBytes,1788939837070000000,1788939897070000000,41959424
FilePageCache.WAL.entriesFlushed,1788939837070000000,1788939897070000000,0
FilePageCache.totalPageStoresUs,1788939837070000000,1788939897070000000,7703
DirectByteBufferAllocator.misses,1788939837070000000,1788939897070000000,0
FilePageCache.WAL.entriesFlushedOnRead,1788939837070000000,1788939897070000000,0
MappedFileStorage.totalBytesMapped,1788939837070000000,1788939897070000000,232783872
FilePageCache.pageHits,1788939837070000000,1788939897070000000,0
FilePageCache.capacityInBytes,1788939837070000000,1788939897070000000,629145600
MappedFileStorage.totalPagesMapped,1788939837070000000,1788939897070000000,8
StreamlinedBlobStorage.totalLiveRecordsPayloadBytes,1788939837070000000,1788939897070000000,0
FilePageCache.totalPageDisposalsUs,1788939837070000000,1788939897070000000,0
StreamlinedBlobStorage.recordsRelocated,1788939837070000000,1788939897070000000,0
FilePageCache.totalPageLoadsUs,1788939837070000000,1788939897070000000,0
FilePageCache.WAL.entriesFlushedOnForce,1788939837070000000,1788939897070000000,0
FilePageCache.pageLoads,1788939837070000000,1788939897070000000,0
FileChannelInterruptsRetryer.totalRetriedAttempts,1788939837070000000,1788939897070000000,0
StreamlinedBlobStorage.totalLiveRecordsCapacityBytes,1788939837070000000,1788939897070000000,0
FilePageCache.WAL.entriesFlushedOnClose,1788939837070000000,1788939897070000000,0
FilePageCache.disposedBuffers,1788939837070000000,1788939897070000000,0
FilePageCache.uncachedFileAccess,1788939837070000000,1788939897070000000,60
FilePageCache.WAL.bytesQueued,1788939837070000000,1788939897070000000,0
StorageLockContext.competingThreads.avg,1788939837070000000,1788939897070000000,0.0
DirectByteBufferAllocator.disposed,1788939837070000000,1788939897070000000,0
FilePageCache.maxCacheSizeInBytes,1788939837070000000,1788939897070000000,400564224
MappedFileStorage.totalTimeSpentOnMappingUs,1788939837070000000,1788939897070000000,179239
StreamlinedBlobStorage.recordsDeleted,1788939837070000000,1788939897070000000,0
FilePageCache.WAL.entriesFlushedOnTruncate,1788939837070000000,1788939897070000000,0
DirectByteBufferAllocator.totalSizeOfBuffersAllocatedInBytes,1788939837070000000,1788939897070000000,400564224
FilePageCache.pageLoadsAboveSizeThreshold,1788939837070000000,1788939897070000000,0
FilePageCache.maxRegisteredFiles,1788939837070000000,1788939897070000000,1072
cacheStateStorage.set.counter,1788939837070000000,1788939897070000000,0
cacheStateStorage.get.counter,1788939837070000000,1788939897070000000,0
cacheStateStorage.get.duration,1788939837070000000,1788939897070000000,0
cacheStateStorage.set.duration,1788939837070000000,1788939897070000000,0
jps.global.initialize.library.bridges.ms,1788939837070000000,1788939897070000000,0
workspaceModel.mutableEntityStorage.changeLog.addReplaceEventForRemovedChild.ms,1788939837070000000,1788939897070000000,0
jps.app.storage.content.reader.load.component.ms,1788939837070000000,1788939897070000000,0
workspaceModel.mutableEntityStorage.put.entity.ms,1788939837070000000,1788939897070000000,0
workspaceModel.global.apply.state.to.project.builder.ms,1788939837070000000,1788939897070000000,0
workspaceModel.mutableEntityStorage.remove.entity.ms,1788939837070000000,1788939897070000000,0
workspaceModel.mutableEntityStorage.entities.by.source.ms,1788939837070000000,1788939897070000000,0
workspaceModel.mutableEntityStorage.collect.changes.ms,1788939837070000000,1788939897070000000,0
workspaceModel.mutableEntityStorage.instances.count,1788939837070000000,1788939897070000000,0
workspaceModel.mutableEntityStorage.changeLog.addReplaceEventForNewChild.ms,1788939837070000000,1788939897070000000,0
workspaceModel.global.updates.ms,1788939837070000000,1788939897070000000,0
jps.load.initial.state.ms,1788939837070000000,1788939897070000000,0
workspaceModel.mutableEntityStorage.add.entity.ms,1788939837070000000,1788939897070000000,0
workspaceModel.mutableEntityStorage.mutable.vfurl.index.ms,1788939837070000000,1788939897070000000,0
workspaceModel.load.cache.metadata.from.file.ms,1788939837070000000,1788939897070000000,0
workspaceModel.mutableEntityStorage.has.same.entities.ms,1788939837070000000,1788939897070000000,0
workspaceModel.mutableEntityStorage.mutable.ext.mapping.ms,1788939837070000000,1788939897070000000,0
jps.global.get.library.ms,1788939837070000000,1788939897070000000,0
workspaceModel.mutableEntityStorage.entities.ms,1788939837070000000,1788939897070000000,0
workspaceModel.mutableEntityStorage.to.snapshot.ms,1788939837070000000,1788939897070000000,0
workspaceModel.mutableEntityStorage.referrers.ms,1788939837070000000,1788939897070000000,0
jps.global.get.libraries.ms,1788939837070000000,1788939897070000000,0
jps.global.handle.before.change.events.ms,1788939837070000000,1788939897070000000,0
jps.global.handle.changed.events.ms,1788939837070000000,1788939897070000000,0
workspaceModel.save.cache.to.file.ms,1788939837070000000,1788939897070000000,0
jps.global.initialize.library.bridges.after.loading.ms,1788939837070000000,1788939897070000000,0
jps.library.entities.serializer.save.entities.ms,1788939837070000000,1788939897070000000,0
workspaceModel.mutableEntityStorage.modify.entity.ms,1788939837070000000,1788939897070000000,0
workspaceModel.mutableEntityStorage.changeLog.addReplaceEventForNewParent.ms,1788939837070000000,1788939897070000000,0
workspaceModel.load.cache.from.file.ms,1788939837070000000,1788939897070000000,0
jps.save.global.entities.ms,1788939837070000000,1788939897070000000,0
workspaceModel.mutableEntityStorage.hasReferrers.ms,1788939837070000000,1788939897070000000,0
jps.library.entities.serializer.load.entities.ms,1788939837070000000,1788939897070000000,0
workspaceModel.mutableEntityStorage.changeLog.addReplaceEventForRemovedParent.ms,1788939837070000000,1788939897070000000,0
workspaceModel.mutableEntityStorage.apply.changes.from.ms,1788939837070000000,1788939897070000000,0
workspaceModel.mutableEntityStorage.replace.by.source.ms,1788939837070000000,1788939897070000000,0
workspaceModel.mutableEntityStorage.resolve.ms,1788939837070000000,1788939897070000000,0
workspaceModel.global.updates.count,1788939837070000000,1788939897070000000,0
workspaceModel.sync.entities.ms,1788939837070000000,1788939897070000000,0
workspaceModel.global.apply.state.to.project.ms,1788939837070000000,1788939897070000000,0
jps.global.get.library.by.name.ms,1788939837070000000,1788939897070000000,0
jps.app.storage.content.writer.save.component.ms,1788939837070000000,1788939897070000000,0
workspaceModel.entityStorageSnapshotImpl.instances.count,1788939837070000000,1788939897070000000,0
writeAction.median.wait.ms,1788939837070000000,1788939897070000000,0
writeAction.wait.ms,1788939837070000000,1788939897070000000,0
writeAction.max.wait.ms,1788939837070000000,1788939897070000000,1
writeAction.count,1788939837070000000,1788939897070000000,0
FlushQueue.waitingTime90PNs,1788939897070000000,1788939957070000000,0
ReadAction.executionsCount,1788939897070000000,1788939957070000000,60
FlushQueue.executionTime90PNs,1788939897070000000,1788939957070000000,0
FlushQueue.queueSize90P,1788939897070000000,1788939957070000000,0
FlushQueue.queueSizeMax,1788939897070000000,1788939957070000000,0
AWTEventQueue.dispatchTime90PNs,1788939897070000000,1788939957070000000,91647
FlushQueue.queueSizeAvg,1788939897070000000,1788939957070000000,0.0
FlushQueue.waitingTimeMaxNs,1788939897070000000,1788939957070000000,0
WriteAction.executionsCount,1788939897070000000,1788939957070000000,0
AWTEventQueue.dispatchTimeMaxNs,1788939897070000000,1788939957070000000,130047
FlushQueue.tasksExecuted,1788939897070000000,1788939957070000000,0
FlushQueue.executionTimeMaxNs,1788939897070000000,1788939957070000000,0
FlushQueue.executionTimeAvgNs,1788939897070000000,1788939957070000000,0.0
AWTEventQueue.eventsDispatched,1788939897070000000,1788939957070000000,180
FlushQueue.waitingTimeAvgNs,1788939897070000000,1788939957070000000,0.0
AWTEventQueue.dispatchTimeTotalNS,1788939897070000000,1788939957070000000,13843532
AWTEventQueue.dispatchTimeAvgNs,1788939897070000000,1788939957070000000,76901.6888888889
VFS.contentStorage.recordsRead,1788939897070000000,1788939957070000000,0
VFS.cache.filesCreated,1788939897070000000,1788939957070000000,0
VFS.ContentWriter.totalTimeSpentOnAsyncOperationsUs,1788939897070000000,1788939957070000000,0
VFS.ContentWriter.totalTasksExecutedSync,1788939897070000000,1788939957070000000,0
VFS.contentStorage.recordsStoredSize,1788939897070000000,1788939957070000000,0
VFS.invertedFileNameIndex.requests,1788939897070000000,1788939957070000000,0
VFS.folderCaseSensitivityReads,1788939897070000000,1788939957070000000,0
FileNameCache.queries,1788939897070000000,1788939957070000000,0
VFS.contentStorage.recordsReadSize,1788939897070000000,1788939957070000000,0
VFS.contentStorage.recordsStoredCompressed,1788939897070000000,1788939957070000000,0
VFS.contentStorage.recordsReadDecompressed,1788939897070000000,1788939957070000000,0
VFS.fileChildByName,1788939897070000000,1788939957070000000,0
VFS.contentStorage.recordsDecompressionTimeUs,1788939897070000000,1788939957070000000,0
FileNameCache.totalMisses,1788939897070000000,1788939957070000000,0
VFS.contentStorage.recordsDeduplicated,1788939897070000000,1788939957070000000,0
VFS.fileByIdCache.hits,1788939897070000000,1788939957070000000,0
VFS.contentStorage.recordsStored,1788939897070000000,1788939957070000000,0
VFS.contentStorage.recordsUncompressedSize,1788939897070000000,1788939957070000000,0
VFS.fileByIdCache.misses,1788939897070000000,1788939957070000000,0
VFS.cache.segments,1788939897070000000,1788939957070000000,0
VFS.cache.segmentsCreated,1788939897070000000,1788939957070000000,0
VFS.ContentWriter.totalTimeSpentOnSyncOperationsUs,1788939897070000000,1788939957070000000,0
VFS.ContentWriter.totalFlushes,1788939897070000000,1788939957070000000,0
VFS.ContentWriter.totalTasksExecutedAsync,1788939897070000000,1788939957070000000,0
VFS.rootsCount,1788939897070000000,1788939957070000000,0.0
VFS.cache.directoriesCreated,1788939897070000000,1788939957070000000,0
Indexing.writesQueuedMin,1788939897070000000,1788939957070000000,0
Indexing.writer_1.totalTimeSpentWritingMs,1788939897070000000,1788939957070000000,0
Indexing.writer_0.totalTimeSpentWritingMs,1788939897070000000,1788939957070000000,0
Indexing.writesQueuedMax,1788939897070000000,1788939957070000000,0
Indexing.cache.totalCacheMisses,1788939897070000000,1788939957070000000,0
Indexing.cache.totalCacheAccesses,1788939897070000000,1788939957070000000,0
Indexing.writer_2.totalTimeSpentWritingMs,1788939897070000000,1788939957070000000,0
Indexing.cache.totalCacheEvicted,1788939897070000000,1788939957070000000,0
Indexing.totalTimeIndexersSleptMs,1788939897070000000,1788939957070000000,0
Indexing.writesQueuedAvg,1788939897070000000,1788939957070000000,0.0
Indexing.writer_3.totalTimeSpentWritingMs,1788939897070000000,1788939957070000000,0
FilePageCache.WAL.flushesForcedByOverflow,1788939897070000000,1788939957070000000,0
MappedFileStorage.storages,1788939897070000000,1788939957070000000,8
StorageLockContext.competingThreads.90P,1788939897070000000,1788939957070000000,0
FilePageCache.pageFastCacheHits,1788939897070000000,1788939957070000000,180
DirectByteBufferAllocator.reclaimed,1788939897070000000,1788939957070000000,0
FilePageCache.WAL.bytesCopiedByApplyUnfinished,1788939897070000000,1788939957070000000,0
FilePageCache.totalBytesStored,1788939897070000000,1788939957070000000,960
StreamlinedBlobStorage.recordsAllocated,1788939897070000000,1788939957070000000,0
DirectByteBufferAllocator.hits,1788939897070000000,1788939957070000000,0
StorageLockContext.competingThreads.max,1788939897070000000,1788939957070000000,0
DirectByteBufferAllocator.totalSizeOfBuffersCachedInBytes,1788939897070000000,1788939957070000000,41959424
FilePageCache.WAL.entriesFlushed,1788939897070000000,1788939957070000000,0
FilePageCache.totalPageStoresUs,1788939897070000000,1788939957070000000,7870
DirectByteBufferAllocator.misses,1788939897070000000,1788939957070000000,0
FilePageCache.WAL.entriesFlushedOnRead,1788939897070000000,1788939957070000000,0
MappedFileStorage.totalBytesMapped,1788939897070000000,1788939957070000000,232783872
FilePageCache.pageHits,1788939897070000000,1788939957070000000,0
FilePageCache.capacityInBytes,1788939897070000000,1788939957070000000,629145600
MappedFileStorage.totalPagesMapped,1788939897070000000,1788939957070000000,8
StreamlinedBlobStorage.totalLiveRecordsPayloadBytes,1788939897070000000,1788939957070000000,0
FilePageCache.totalPageDisposalsUs,1788939897070000000,1788939957070000000,0
StreamlinedBlobStorage.recordsRelocated,1788939897070000000,1788939957070000000,0
FilePageCache.totalPageLoadsUs,1788939897070000000,1788939957070000000,0
FilePageCache.WAL.entriesFlushedOnForce,1788939897070000000,1788939957070000000,0
FilePageCache.pageLoads,1788939897070000000,1788939957070000000,0
FileChannelInterruptsRetryer.totalRetriedAttempts,1788939897070000000,1788939957070000000,0
StreamlinedBlobStorage.totalLiveRecordsCapacityBytes,1788939897070000000,1788939957070000000,0
FilePageCache.WAL.entriesFlushedOnClose,1788939897070000000,1788939957070000000,0
FilePageCache.disposedBuffers,1788939897070000000,1788939957070000000,0
FilePageCache.uncachedFileAccess,1788939897070000000,1788939957070000000,60
FilePageCache.WAL.bytesQueued,1788939897070000000,1788939957070000000,0
StorageLockContext.competingThreads.avg,1788939897070000000,1788939957070000000,0.0
DirectByteBufferAllocator.disposed,1788939897070000000,1788939957070000000,0
FilePageCache.maxCacheSizeInBytes,1788939897070000000,1788939957070000000,400564224
MappedFileStorage.totalTimeSpentOnMappingUs,1788939897070000000,1788939957070000000,179239
StreamlinedBlobStorage.recordsDeleted,1788939897070000000,1788939957070000000,0
FilePageCache.WAL.entriesFlushedOnTruncate,1788939897070000000,1788939957070000000,0
DirectByteBufferAllocator.totalSizeOfBuffersAllocatedInBytes,1788939897070000000,1788939957070000000,400564224
FilePageCache.pageLoadsAboveSizeThreshold,1788939897070000000,1788939957070000000,0
FilePageCache.maxRegisteredFiles,1788939897070000000,1788939957070000000,1072
cacheStateStorage.set.counter,1788939897070000000,1788939957070000000,0
cacheStateStorage.get.counter,1788939897070000000,1788939957070000000,0
cacheStateStorage.get.duration,1788939897070000000,1788939957070000000,0
cacheStateStorage.set.duration,1788939897070000000,1788939957070000000,0
jps.global.initialize.library.bridges.ms,1788939897070000000,1788939957070000000,0
workspaceModel.mutableEntityStorage.changeLog.addReplaceEventForRemovedChild.ms,1788939897070000000,1788939957070000000,0
jps.app.storage.content.reader.load.component.ms,1788939897070000000,1788939957070000000,0
workspaceModel.mutableEntityStorage.put.entity.ms,1788939897070000000,1788939957070000000,0
workspaceModel.global.apply.state.to.project.builder.ms,1788939897070000000,1788939957070000000,0
workspaceModel.mutableEntityStorage.remove.entity.ms,1788939897070000000,1788939957070000000,0
workspaceModel.mutableEntityStorage.entities.by.source.ms,1788939897070000000,1788939957070000000,0
workspaceModel.mutableEntityStorage.collect.changes.ms,1788939897070000000,1788939957070000000,0
workspaceModel.mutableEntityStorage.instances.count,1788939897070000000,1788939957070000000,0
workspaceModel.mutableEntityStorage.changeLog.addReplaceEventForNewChild.ms,1788939897070000000,1788939957070000000,0
workspaceModel.global.updates.ms,1788939897070000000,1788939957070000000,0
jps.load.initial.state.ms,1788939897070000000,1788939957070000000,0
workspaceModel.mutableEntityStorage.add.entity.ms,1788939897070000000,1788939957070000000,0
workspaceModel.mutableEntityStorage.mutable.vfurl.index.ms,1788939897070000000,1788939957070000000,0
workspaceModel.load.cache.metadata.from.file.ms,1788939897070000000,1788939957070000000,0
workspaceModel.mutableEntityStorage.has.same.entities.ms,1788939897070000000,1788939957070000000,0
workspaceModel.mutableEntityStorage.mutable.ext.mapping.ms,1788939897070000000,1788939957070000000,0
jps.global.get.library.ms,1788939897070000000,1788939957070000000,0
workspaceModel.mutableEntityStorage.entities.ms,1788939897070000000,1788939957070000000,0
workspaceModel.mutableEntityStorage.to.snapshot.ms,1788939897070000000,1788939957070000000,0
workspaceModel.mutableEntityStorage.referrers.ms,1788939897070000000,1788939957070000000,0
jps.global.get.libraries.ms,1788939897070000000,1788939957070000000,0
jps.global.handle.before.change.events.ms,1788939897070000000,1788939957070000000,0
jps.global.handle.changed.events.ms,1788939897070000000,1788939957070000000,0
workspaceModel.save.cache.to.file.ms,1788939897070000000,1788939957070000000,0
jps.global.initialize.library.bridges.after.loading.ms,1788939897070000000,1788939957070000000,0
jps.library.entities.serializer.save.entities.ms,1788939897070000000,1788939957070000000,0
workspaceModel.mutableEntityStorage.modify.entity.ms,1788939897070000000,1788939957070000000,0
workspaceModel.mutableEntityStorage.changeLog.addReplaceEventForNewParent.ms,1788939897070000000,1788939957070000000,0
workspaceModel.load.cache.from.file.ms,1788939897070000000,1788939957070000000,0
jps.save.global.entities.ms,1788939897070000000,1788939957070000000,0
workspaceModel.mutableEntityStorage.hasReferrers.ms,1788939897070000000,1788939957070000000,0
jps.library.entities.serializer.load.entities.ms,1788939897070000000,1788939957070000000,0
workspaceModel.mutableEntityStorage.changeLog.addReplaceEventForRemovedParent.ms,1788939897070000000,1788939957070000000,0
workspaceModel.mutableEntityStorage.apply.changes.from.ms,1788939897070000000,1788939957070000000,0
workspaceModel.mutableEntityStorage.replace.by.source.ms,1788939897070000000,1788939957070000000,0
workspaceModel.mutableEntityStorage.resolve.ms,1788939897070000000,1788939957070000000,0
workspaceModel.global.updates.count,1788939897070000000,1788939957070000000,0
workspaceModel.sync.entities.ms,1788939897070000000,1788939957070000000,0
workspaceModel.global.apply.state.to.project.ms,1788939897070000000,1788939957070000000,0
jps.global.get.library.by.name.ms,1788939897070000000,1788939957070000000,0
jps.app.storage.content.writer.save.component.ms,1788939897070000000,1788939957070000000,0
workspaceModel.entityStorageSnapshotImpl.instances.count,1788939897070000000,1788939957070000000,0
writeAction.median.wait.ms,1788939897070000000,1788939957070000000,0
writeAction.wait.ms,1788939897070000000,1788939957070000000,0
writeAction.max.wait.ms,1788939897070000000,1788939957070000000,1
writeAction.count,1788939897070000000,1788939957070000000,0
FlushQueue.waitingTime90PNs,1788939957070000000,1788940017070000000,0
ReadAction.executionsCount,1788939957070000000,1788940017070000000,60
FlushQueue.executionTime90PNs,1788939957070000000,1788940017070000000,0
FlushQueue.queueSize90P,1788939957070000000,1788940017070000000,0
FlushQueue.queueSizeMax,1788939957070000000,1788940017070000000,0
AWTEventQueue.dispatchTime90PNs,1788939957070000000,1788940017070000000,97279
FlushQueue.queueSizeAvg,1788939957070000000,1788940017070000000,0.0
FlushQueue.waitingTimeMaxNs,1788939957070000000,1788940017070000000,0
WriteAction.executionsCount,1788939957070000000,1788940017070000000,0
AWTEventQueue.dispatchTimeMaxNs,1788939957070000000,1788940017070000000,138239
FlushQueue.tasksExecuted,1788939957070000000,1788940017070000000,0
FlushQueue.executionTimeMaxNs,1788939957070000000,1788940017070000000,0
FlushQueue.executionTimeAvgNs,1788939957070000000,1788940017070000000,0.0
AWTEventQueue.eventsDispatched,1788939957070000000,1788940017070000000,180
FlushQueue.waitingTimeAvgNs,1788939957070000000,1788940017070000000,0.0
AWTEventQueue.dispatchTimeTotalNS,1788939957070000000,1788940017070000000,14946569
AWTEventQueue.dispatchTimeAvgNs,1788939957070000000,1788940017070000000,83051.37777777777
VFS.contentStorage.recordsRead,1788939957070000000,1788940017070000000,0
VFS.cache.filesCreated,1788939957070000000,1788940017070000000,0
VFS.ContentWriter.totalTimeSpentOnAsyncOperationsUs,1788939957070000000,1788940017070000000,0
VFS.ContentWriter.totalTasksExecutedSync,1788939957070000000,1788940017070000000,0
VFS.contentStorage.recordsStoredSize,1788939957070000000,1788940017070000000,0
VFS.invertedFileNameIndex.requests,1788939957070000000,1788940017070000000,0
VFS.folderCaseSensitivityReads,1788939957070000000,1788940017070000000,0
FileNameCache.queries,1788939957070000000,1788940017070000000,0
VFS.contentStorage.recordsReadSize,1788939957070000000,1788940017070000000,0
VFS.contentStorage.recordsStoredCompressed,1788939957070000000,1788940017070000000,0
VFS.contentStorage.recordsReadDecompressed,1788939957070000000,1788940017070000000,0
VFS.fileChildByName,1788939957070000000,1788940017070000000,0
VFS.contentStorage.recordsDecompressionTimeUs,1788939957070000000,1788940017070000000,0
FileNameCache.totalMisses,1788939957070000000,1788940017070000000,0
VFS.contentStorage.recordsDeduplicated,1788939957070000000,1788940017070000000,0
VFS.fileByIdCache.hits,1788939957070000000,1788940017070000000,0
VFS.contentStorage.recordsStored,1788939957070000000,1788940017070000000,0
VFS.contentStorage.recordsUncompressedSize,1788939957070000000,1788940017070000000,0
VFS.fileByIdCache.misses,1788939957070000000,1788940017070000000,0
VFS.cache.segments,1788939957070000000,1788940017070000000,0
VFS.cache.segmentsCreated,1788939957070000000,1788940017070000000,0
VFS.ContentWriter.totalTimeSpentOnSyncOperationsUs,1788939957070000000,1788940017070000000,0
VFS.ContentWriter.totalFlushes,1788939957070000000,1788940017070000000,0
VFS.ContentWriter.totalTasksExecutedAsync,1788939957070000000,1788940017070000000,0
VFS.rootsCount,1788939957070000000,1788940017070000000,0.0
VFS.cache.directoriesCreated,1788939957070000000,1788940017070000000,0
Indexing.writesQueuedMin,1788939957070000000,1788940017070000000,0
Indexing.writer_1.totalTimeSpentWritingMs,1788939957070000000,1788940017070000000,0
Indexing.writer_0.totalTimeSpentWritingMs,1788939957070000000,1788940017070000000,0
Indexing.writesQueuedMax,1788939957070000000,1788940017070000000,0
Indexing.cache.totalCacheMisses,1788939957070000000,1788940017070000000,0
Indexing.cache.totalCacheAccesses,1788939957070000000,1788940017070000000,0
Indexing.writer_2.totalTimeSpentWritingMs,1788939957070000000,1788940017070000000,0
Indexing.cache.totalCacheEvicted,1788939957070000000,1788940017070000000,0
Indexing.totalTimeIndexersSleptMs,1788939957070000000,1788940017070000000,0
Indexing.writesQueuedAvg,1788939957070000000,1788940017070000000,0.0
Indexing.writer_3.totalTimeSpentWritingMs,1788939957070000000,1788940017070000000,0
FilePageCache.WAL.flushesForcedByOverflow,1788939957070000000,1788940017070000000,0
MappedFileStorage.storages,1788939957070000000,1788940017070000000,8
StorageLockContext.competingThreads.90P,1788939957070000000,1788940017070000000,0
FilePageCache.pageFastCacheHits,1788939957070000000,1788940017070000000,180
DirectByteBufferAllocator.reclaimed,1788939957070000000,1788940017070000000,0
FilePageCache.WAL.bytesCopiedByApplyUnfinished,1788939957070000000,1788940017070000000,0
FilePageCache.totalBytesStored,1788939957070000000,1788940017070000000,960
StreamlinedBlobStorage.recordsAllocated,1788939957070000000,1788940017070000000,0
DirectByteBufferAllocator.hits,1788939957070000000,1788940017070000000,0
StorageLockContext.competingThreads.max,1788939957070000000,1788940017070000000,0
DirectByteBufferAllocator.totalSizeOfBuffersCachedInBytes,1788939957070000000,1788940017070000000,41959424
FilePageCache.WAL.entriesFlushed,1788939957070000000,1788940017070000000,0
FilePageCache.totalPageStoresUs,1788939957070000000,1788940017070000000,8449
DirectByteBufferAllocator.misses,1788939957070000000,1788940017070000000,0
FilePageCache.WAL.entriesFlushedOnRead,1788939957070000000,1788940017070000000,0
MappedFileStorage.totalBytesMapped,1788939957070000000,1788940017070000000,232783872
FilePageCache.pageHits,1788939957070000000,1788940017070000000,0
FilePageCache.capacityInBytes,1788939957070000000,1788940017070000000,629145600
MappedFileStorage.totalPagesMapped,1788939957070000000,1788940017070000000,8
StreamlinedBlobStorage.totalLiveRecordsPayloadBytes,1788939957070000000,1788940017070000000,0
FilePageCache.totalPageDisposalsUs,1788939957070000000,1788940017070000000,0
StreamlinedBlobStorage.recordsRelocated,1788939957070000000,1788940017070000000,0
FilePageCache.totalPageLoadsUs,1788939957070000000,1788940017070000000,0
FilePageCache.WAL.entriesFlushedOnForce,1788939957070000000,1788940017070000000,0
FilePageCache.pageLoads,1788939957070000000,1788940017070000000,0
FileChannelInterruptsRetryer.totalRetriedAttempts,1788939957070000000,1788940017070000000,0
StreamlinedBlobStorage.totalLiveRecordsCapacityBytes,1788939957070000000,1788940017070000000,0
FilePageCache.WAL.entriesFlushedOnClose,1788939957070000000,1788940017070000000,0
FilePageCache.disposedBuffers,1788939957070000000,1788940017070000000,0
FilePageCache.uncachedFileAccess,1788939957070000000,1788940017070000000,60
FilePageCache.WAL.bytesQueued,1788939957070000000,1788940017070000000,0
StorageLockContext.competingThreads.avg,1788939957070000000,1788940017070000000,0.0
DirectByteBufferAllocator.disposed,1788939957070000000,1788940017070000000,0
FilePageCache.maxCacheSizeInBytes,1788939957070000000,1788940017070000000,400564224
MappedFileStorage.totalTimeSpentOnMappingUs,1788939957070000000,1788940017070000000,179239
StreamlinedBlobStorage.recordsDeleted,1788939957070000000,1788940017070000000,0
FilePageCache.WAL.entriesFlushedOnTruncate,1788939957070000000,1788940017070000000,0
DirectByteBufferAllocator.totalSizeOfBuffersAllocatedInBytes,1788939957070000000,1788940017070000000,400564224
FilePageCache.pageLoadsAboveSizeThreshold,1788939957070000000,1788940017070000000,0
FilePageCache.maxRegisteredFiles,1788939957070000000,1788940017070000000,1072
cacheStateStorage.set.counter,1788939957070000000,1788940017070000000,0
cacheStateStorage.get.counter,1788939957070000000,1788940017070000000,0
cacheStateStorage.get.duration,1788939957070000000,1788940017070000000,0
cacheStateStorage.set.duration,1788939957070000000,1788940017070000000,0
jps.global.initialize.library.bridges.ms,1788939957070000000,1788940017070000000,0
workspaceModel.mutableEntityStorage.changeLog.addReplaceEventForRemovedChild.ms,1788939957070000000,1788940017070000000,0
jps.app.storage.content.reader.load.component.ms,1788939957070000000,1788940017070000000,0
workspaceModel.mutableEntityStorage.put.entity.ms,1788939957070000000,1788940017070000000,0
workspaceModel.global.apply.state.to.project.builder.ms,1788939957070000000,1788940017070000000,0
workspaceModel.mutableEntityStorage.remove.entity.ms,1788939957070000000,1788940017070000000,0
workspaceModel.mutableEntityStorage.entities.by.source.ms,1788939957070000000,1788940017070000000,0
workspaceModel.mutableEntityStorage.collect.changes.ms,1788939957070000000,1788940017070000000,0
workspaceModel.mutableEntityStorage.instances.count,1788939957070000000,1788940017070000000,0
workspaceModel.mutableEntityStorage.changeLog.addReplaceEventForNewChild.ms,1788939957070000000,1788940017070000000,0
workspaceModel.global.updates.ms,1788939957070000000,1788940017070000000,0
jps.load.initial.state.ms,1788939957070000000,1788940017070000000,0
workspaceModel.mutableEntityStorage.add.entity.ms,1788939957070000000,1788940017070000000,0
workspaceModel.mutableEntityStorage.mutable.vfurl.index.ms,1788939957070000000,1788940017070000000,0
workspaceModel.load.cache.metadata.from.file.ms,1788939957070000000,1788940017070000000,0
workspaceModel.mutableEntityStorage.has.same.entities.ms,1788939957070000000,1788940017070000000,0
workspaceModel.mutableEntityStorage.mutable.ext.mapping.ms,1788939957070000000,1788940017070000000,0
jps.global.get.library.ms,1788939957070000000,1788940017070000000,0
workspaceModel.mutableEntityStorage.entities.ms,1788939957070000000,1788940017070000000,0
workspaceModel.mutableEntityStorage.to.snapshot.ms,1788939957070000000,1788940017070000000,0
workspaceModel.mutableEntityStorage.referrers.ms,1788939957070000000,1788940017070000000,0
jps.global.get.libraries.ms,1788939957070000000,1788940017070000000,0
jps.global.handle.before.change.events.ms,1788939957070000000,1788940017070000000,0
jps.global.handle.changed.events.ms,1788939957070000000,1788940017070000000,0
workspaceModel.save.cache.to.file.ms,1788939957070000000,1788940017070000000,0
jps.global.initialize.library.bridges.after.loading.ms,1788939957070000000,1788940017070000000,0
jps.library.entities.serializer.save.entities.ms,1788939957070000000,1788940017070000000,0
workspaceModel.mutableEntityStorage.modify.entity.ms,1788939957070000000,1788940017070000000,0
workspaceModel.mutableEntityStorage.changeLog.addReplaceEventForNewParent.ms,1788939957070000000,1788940017070000000,0
workspaceModel.load.cache.from.file.ms,1788939957070000000,1788940017070000000,0
jps.save.global.entities.ms,1788939957070000000,1788940017070000000,0
workspaceModel.mutableEntityStorage.hasReferrers.ms,1788939957070000000,1788940017070000000,0
jps.library.entities.serializer.load.entities.ms,1788939957070000000,1788940017070000000,0
workspaceModel.mutableEntityStorage.changeLog.addReplaceEventForRemovedParent.ms,1788939957070000000,1788940017070000000,0
workspaceModel.mutableEntityStorage.apply.changes.from.ms,1788939957070000000,1788940017070000000,0
workspaceModel.mutableEntityStorage.replace.by.source.ms,1788939957070000000,1788940017070000000,0
workspaceModel.mutableEntityStorage.resolve.ms,1788939957070000000,1788940017070000000,0
workspaceModel.global.updates.count,1788939957070000000,1788940017070000000,0
workspaceModel.sync.entities.ms,1788939957070000000,1788940017070000000,0
workspaceModel.global.apply.state.to.project.ms,1788939957070000000,1788940017070000000,0
jps.global.get.library.by.name.ms,1788939957070000000,1788940017070000000,0
jps.app.storage.content.writer.save.component.ms,1788939957070000000,1788940017070000000,0
workspaceModel.entityStorageSnapshotImpl.instances.count,1788939957070000000,1788940017070000000,0
writeAction.median.wait.ms,1788939957070000000,1788940017070000000,0
writeAction.wait.ms,1788939957070000000,1788940017070000000,0
writeAction.max.wait.ms,1788939957070000000,1788940017070000000,1
writeAction.count,1788939957070000000,1788940017070000000,0
FlushQueue.waitingTime90PNs,1788940017070000000,1788940077070000000,0
ReadAction.executionsCount,1788940017070000000,1788940077070000000,60
FlushQueue.executionTime90PNs,1788940017070000000,1788940077070000000,0
FlushQueue.queueSize90P,1788940017070000000,1788940077070000000,0
FlushQueue.queueSizeMax,1788940017070000000,1788940077070000000,0
AWTEventQueue.dispatchTime90PNs,1788940017070000000,1788940077070000000,104447
FlushQueue.queueSizeAvg,1788940017070000000,1788940077070000000,0.0
FlushQueue.waitingTimeMaxNs,1788940017070000000,1788940077070000000,0
WriteAction.executionsCount,1788940017070000000,1788940077070000000,0
AWTEventQueue.dispatchTimeMaxNs,1788940017070000000,1788940077070000000,231423
FlushQueue.tasksExecuted,1788940017070000000,1788940077070000000,0
FlushQueue.executionTimeMaxNs,1788940017070000000,1788940077070000000,0
FlushQueue.executionTimeAvgNs,1788940017070000000,1788940077070000000,0.0
AWTEventQueue.eventsDispatched,1788940017070000000,1788940077070000000,180
FlushQueue.waitingTimeAvgNs,1788940017070000000,1788940077070000000,0.0
AWTEventQueue.dispatchTimeTotalNS,1788940017070000000,1788940077070000000,15678639
AWTEventQueue.dispatchTimeAvgNs,1788940017070000000,1788940077070000000,87099.73333333334
VFS.contentStorage.recordsRead,1788940017070000000,1788940077070000000,0
VFS.cache.filesCreated,1788940017070000000,1788940077070000000,0
VFS.ContentWriter.totalTimeSpentOnAsyncOperationsUs,1788940017070000000,1788940077070000000,0
VFS.ContentWriter.totalTasksExecutedSync,1788940017070000000,1788940077070000000,0
VFS.contentStorage.recordsStoredSize,1788940017070000000,1788940077070000000,0
VFS.invertedFileNameIndex.requests,1788940017070000000,1788940077070000000,0
VFS.folderCaseSensitivityReads,1788940017070000000,1788940077070000000,0
FileNameCache.queries,1788940017070000000,1788940077070000000,0
VFS.contentStorage.recordsReadSize,1788940017070000000,1788940077070000000,0
VFS.contentStorage.recordsStoredCompressed,1788940017070000000,1788940077070000000,0
VFS.contentStorage.recordsReadDecompressed,1788940017070000000,1788940077070000000,0
VFS.fileChildByName,1788940017070000000,1788940077070000000,0
VFS.contentStorage.recordsDecompressionTimeUs,1788940017070000000,1788940077070000000,0
FileNameCache.totalMisses,1788940017070000000,1788940077070000000,0
VFS.contentStorage.recordsDeduplicated,1788940017070000000,1788940077070000000,0
VFS.fileByIdCache.hits,1788940017070000000,1788940077070000000,0
VFS.contentStorage.recordsStored,1788940017070000000,1788940077070000000,0
VFS.contentStorage.recordsUncompressedSize,1788940017070000000,1788940077070000000,0
VFS.fileByIdCache.misses,1788940017070000000,1788940077070000000,0
VFS.cache.segments,1788940017070000000,1788940077070000000,0
VFS.cache.segmentsCreated,1788940017070000000,1788940077070000000,0
VFS.ContentWriter.totalTimeSpentOnSyncOperationsUs,1788940017070000000,1788940077070000000,0
VFS.ContentWriter.totalFlushes,1788940017070000000,1788940077070000000,0
VFS.ContentWriter.totalTasksExecutedAsync,1788940017070000000,1788940077070000000,0
VFS.rootsCount,1788940017070000000,1788940077070000000,0.0
VFS.cache.directoriesCreated,1788940017070000000,1788940077070000000,0
Indexing.writesQueuedMin,1788940017070000000,1788940077070000000,0
Indexing.writer_1.totalTimeSpentWritingMs,1788940017070000000,1788940077070000000,0
Indexing.writer_0.totalTimeSpentWritingMs,1788940017070000000,1788940077070000000,0
Indexing.writesQueuedMax,1788940017070000000,1788940077070000000,0
Indexing.cache.totalCacheMisses,1788940017070000000,1788940077070000000,0
Indexing.cache.totalCacheAccesses,1788940017070000000,1788940077070000000,0
Indexing.writer_2.totalTimeSpentWritingMs,1788940017070000000,1788940077070000000,0
Indexing.cache.totalCacheEvicted,1788940017070000000,1788940077070000000,0
Indexing.totalTimeIndexersSleptMs,1788940017070000000,1788940077070000000,0
Indexing.writesQueuedAvg,1788940017070000000,1788940077070000000,0.0
Indexing.writer_3.totalTimeSpentWritingMs,1788940017070000000,1788940077070000000,0
FilePageCache.WAL.flushesForcedByOverflow,1788940017070000000,1788940077070000000,0
MappedFileStorage.storages,1788940017070000000,1788940077070000000,8
StorageLockContext.competingThreads.90P,1788940017070000000,1788940077070000000,0
FilePageCache.pageFastCacheHits,1788940017070000000,1788940077070000000,180
DirectByteBufferAllocator.reclaimed,1788940017070000000,1788940077070000000,0
FilePageCache.WAL.bytesCopiedByApplyUnfinished,1788940017070000000,1788940077070000000,0
FilePageCache.totalBytesStored,1788940017070000000,1788940077070000000,960
StreamlinedBlobStorage.recordsAllocated,1788940017070000000,1788940077070000000,0
DirectByteBufferAllocator.hits,1788940017070000000,1788940077070000000,0
StorageLockContext.competingThreads.max,1788940017070000000,1788940077070000000,0
DirectByteBufferAllocator.totalSizeOfBuffersCachedInBytes,1788940017070000000,1788940077070000000,41959424
FilePageCache.WAL.entriesFlushed,1788940017070000000,1788940077070000000,0
FilePageCache.totalPageStoresUs,1788940017070000000,1788940077070000000,8504
DirectByteBufferAllocator.misses,1788940017070000000,1788940077070000000,0
FilePageCache.WAL.entriesFlushedOnRead,1788940017070000000,1788940077070000000,0
MappedFileStorage.totalBytesMapped,1788940017070000000,1788940077070000000,232783872
FilePageCache.pageHits,1788940017070000000,1788940077070000000,0
FilePageCache.capacityInBytes,1788940017070000000,1788940077070000000,629145600
MappedFileStorage.totalPagesMapped,1788940017070000000,1788940077070000000,8
StreamlinedBlobStorage.totalLiveRecordsPayloadBytes,1788940017070000000,1788940077070000000,0
FilePageCache.totalPageDisposalsUs,1788940017070000000,1788940077070000000,0
StreamlinedBlobStorage.recordsRelocated,1788940017070000000,1788940077070000000,0
FilePageCache.totalPageLoadsUs,1788940017070000000,1788940077070000000,0
FilePageCache.WAL.entriesFlushedOnForce,1788940017070000000,1788940077070000000,0
FilePageCache.pageLoads,1788940017070000000,1788940077070000000,0
FileChannelInterruptsRetryer.totalRetriedAttempts,1788940017070000000,1788940077070000000,0
StreamlinedBlobStorage.totalLiveRecordsCapacityBytes,1788940017070000000,1788940077070000000,0
FilePageCache.WAL.entriesFlushedOnClose,1788940017070000000,1788940077070000000,0
FilePageCache.disposedBuffers,1788940017070000000,1788940077070000000,0
FilePageCache.uncachedFileAccess,1788940017070000000,1788940077070000000,60
FilePageCache.WAL.bytesQueued,1788940017070000000,1788940077070000000,0
StorageLockContext.competingThreads.avg,1788940017070000000,1788940077070000000,0.0
DirectByteBufferAllocator.disposed,1788940017070000000,1788940077070000000,0
FilePageCache.maxCacheSizeInBytes,1788940017070000000,1788940077070000000,400564224
MappedFileStorage.totalTimeSpentOnMappingUs,1788940017070000000,1788940077070000000,179239
StreamlinedBlobStorage.recordsDeleted,1788940017070000000,1788940077070000000,0
FilePageCache.WAL.entriesFlushedOnTruncate,1788940017070000000,1788940077070000000,0
DirectByteBufferAllocator.totalSizeOfBuffersAllocatedInBytes,1788940017070000000,1788940077070000000,400564224
FilePageCache.pageLoadsAboveSizeThreshold,1788940017070000000,1788940077070000000,0
FilePageCache.maxRegisteredFiles,1788940017070000000,1788940077070000000,1072
cacheStateStorage.set.counter,1788940017070000000,1788940077070000000,0
cacheStateStorage.get.counter,1788940017070000000,1788940077070000000,0
cacheStateStorage.get.duration,1788940017070000000,1788940077070000000,0
cacheStateStorage.set.duration,1788940017070000000,1788940077070000000,0
jps.global.initialize.library.bridges.ms,1788940017070000000,1788940077070000000,0
workspaceModel.mutableEntityStorage.changeLog.addReplaceEventForRemovedChild.ms,1788940017070000000,1788940077070000000,0
jps.app.storage.content.reader.load.component.ms,1788940017070000000,1788940077070000000,0
workspaceModel.mutableEntityStorage.put.entity.ms,1788940017070000000,1788940077070000000,0
workspaceModel.global.apply.state.to.project.builder.ms,1788940017070000000,1788940077070000000,0
workspaceModel.mutableEntityStorage.remove.entity.ms,1788940017070000000,1788940077070000000,0
workspaceModel.mutableEntityStorage.entities.by.source.ms,1788940017070000000,1788940077070000000,0
workspaceModel.mutableEntityStorage.collect.changes.ms,1788940017070000000,1788940077070000000,0
workspaceModel.mutableEntityStorage.instances.count,1788940017070000000,1788940077070000000,0
workspaceModel.mutableEntityStorage.changeLog.addReplaceEventForNewChild.ms,1788940017070000000,1788940077070000000,0
workspaceModel.global.updates.ms,1788940017070000000,1788940077070000000,0
jps.load.initial.state.ms,1788940017070000000,1788940077070000000,0
workspaceModel.mutableEntityStorage.add.entity.ms,1788940017070000000,1788940077070000000,0
workspaceModel.mutableEntityStorage.mutable.vfurl.index.ms,1788940017070000000,1788940077070000000,0
workspaceModel.load.cache.metadata.from.file.ms,1788940017070000000,1788940077070000000,0
workspaceModel.mutableEntityStorage.has.same.entities.ms,1788940017070000000,1788940077070000000,0
workspaceModel.mutableEntityStorage.mutable.ext.mapping.ms,1788940017070000000,1788940077070000000,0
jps.global.get.library.ms,1788940017070000000,1788940077070000000,0
workspaceModel.mutableEntityStorage.entities.ms,1788940017070000000,1788940077070000000,0
workspaceModel.mutableEntityStorage.to.snapshot.ms,1788940017070000000,1788940077070000000,0
workspaceModel.mutableEntityStorage.referrers.ms,1788940017070000000,1788940077070000000,0
jps.global.get.libraries.ms,1788940017070000000,1788940077070000000,0
jps.global.handle.before.change.events.ms,1788940017070000000,1788940077070000000,0
jps.global.handle.changed.events.ms,1788940017070000000,1788940077070000000,0
workspaceModel.save.cache.to.file.ms,1788940017070000000,1788940077070000000,0
jps.global.initialize.library.bridges.after.loading.ms,1788940017070000000,1788940077070000000,0
jps.library.entities.serializer.save.entities.ms,1788940017070000000,1788940077070000000,0
workspaceModel.mutableEntityStorage.modify.entity.ms,1788940017070000000,1788940077070000000,0
workspaceModel.mutableEntityStorage.changeLog.addReplaceEventForNewParent.ms,1788940017070000000,1788940077070000000,0
workspaceModel.load.cache.from.file.ms,1788940017070000000,1788940077070000000,0
jps.save.global.entities.ms,1788940017070000000,1788940077070000000,0
workspaceModel.mutableEntityStorage.hasReferrers.ms,1788940017070000000,1788940077070000000,0
jps.library.entities.serializer.load.entities.ms,1788940017070000000,1788940077070000000,0
workspaceModel.mutableEntityStorage.changeLog.addReplaceEventForRemovedParent.ms,1788940017070000000,1788940077070000000,0
workspaceModel.mutableEntityStorage.apply.changes.from.ms,1788940017070000000,1788940077070000000,0
workspaceModel.mutableEntityStorage.replace.by.source.ms,1788940017070000000,1788940077070000000,0
workspaceModel.mutableEntityStorage.resolve.ms,1788940017070000000,1788940077070000000,0
workspaceModel.global.updates.count,1788940017070000000,1788940077070000000,0
workspaceModel.sync.entities.ms,1788940017070000000,1788940077070000000,0
workspaceModel.global.apply.state.to.project.ms,1788940017070000000,1788940077070000000,0
jps.global.get.library.by.name.ms,1788940017070000000,1788940077070000000,0
jps.app.storage.content.writer.save.component.ms,1788940017070000000,1788940077070000000,0
workspaceModel.entityStorageSnapshotImpl.instances.count,1788940017070000000,1788940077070000000,0
writeAction.median.wait.ms,1788940017070000000,1788940077070000000,0
writeAction.wait.ms,1788940017070000000,1788940077070000000,0
writeAction.max.wait.ms,1788940017070000000,1788940077070000000,1
writeAction.count,1788940017070000000,1788940077070000000,0
FlushQueue.waitingTime90PNs,1788940077070000000,1788940137070000000,0
ReadAction.executionsCount,1788940077070000000,1788940137070000000,60
FlushQueue.executionTime90PNs,1788940077070000000,1788940137070000000,0
FlushQueue.queueSize90P,1788940077070000000,1788940137070000000,0
FlushQueue.queueSizeMax,1788940077070000000,1788940137070000000,0
AWTEventQueue.dispatchTime90PNs,1788940077070000000,1788940137070000000,97791
FlushQueue.queueSizeAvg,1788940077070000000,1788940137070000000,0.0
FlushQueue.waitingTimeMaxNs,1788940077070000000,1788940137070000000,0
WriteAction.executionsCount,1788940077070000000,1788940137070000000,0
AWTEventQueue.dispatchTimeMaxNs,1788940077070000000,1788940137070000000,360447
FlushQueue.tasksExecuted,1788940077070000000,1788940137070000000,0
FlushQueue.executionTimeMaxNs,1788940077070000000,1788940137070000000,0
FlushQueue.executionTimeAvgNs,1788940077070000000,1788940137070000000,0.0
AWTEventQueue.eventsDispatched,1788940077070000000,1788940137070000000,179
FlushQueue.waitingTimeAvgNs,1788940077070000000,1788940137070000000,0.0
AWTEventQueue.dispatchTimeTotalNS,1788940077070000000,1788940137070000000,15499012
AWTEventQueue.dispatchTimeAvgNs,1788940077070000000,1788940137070000000,86585.20670391062
VFS.contentStorage.recordsRead,1788940077070000000,1788940137070000000,0
VFS.cache.filesCreated,1788940077070000000,1788940137070000000,0
VFS.ContentWriter.totalTimeSpentOnAsyncOperationsUs,1788940077070000000,1788940137070000000,0
VFS.ContentWriter.totalTasksExecutedSync,1788940077070000000,1788940137070000000,0
VFS.contentStorage.recordsStoredSize,1788940077070000000,1788940137070000000,0
VFS.invertedFileNameIndex.requests,1788940077070000000,1788940137070000000,0
VFS.folderCaseSensitivityReads,1788940077070000000,1788940137070000000,0
FileNameCache.queries,1788940077070000000,1788940137070000000,0
VFS.contentStorage.recordsReadSize,1788940077070000000,1788940137070000000,0
VFS.contentStorage.recordsStoredCompressed,1788940077070000000,1788940137070000000,0
VFS.contentStorage.recordsReadDecompressed,1788940077070000000,1788940137070000000,0
VFS.fileChildByName,1788940077070000000,1788940137070000000,0
VFS.contentStorage.recordsDecompressionTimeUs,1788940077070000000,1788940137070000000,0
FileNameCache.totalMisses,1788940077070000000,1788940137070000000,0
VFS.contentStorage.recordsDeduplicated,1788940077070000000,1788940137070000000,0
VFS.fileByIdCache.hits,1788940077070000000,1788940137070000000,0
VFS.contentStorage.recordsStored,1788940077070000000,1788940137070000000,0
VFS.contentStorage.recordsUncompressedSize,1788940077070000000,1788940137070000000,0
VFS.fileByIdCache.misses,1788940077070000000,1788940137070000000,0
VFS.cache.segments,1788940077070000000,1788940137070000000,0
VFS.cache.segmentsCreated,1788940077070000000,1788940137070000000,0
VFS.ContentWriter.totalTimeSpentOnSyncOperationsUs,1788940077070000000,1788940137070000000,0
VFS.ContentWriter.totalFlushes,1788940077070000000,1788940137070000000,0
VFS.ContentWriter.totalTasksExecutedAsync,1788940077070000000,1788940137070000000,0
VFS.rootsCount,1788940077070000000,1788940137070000000,0.0
VFS.cache.directoriesCreated,1788940077070000000,1788940137070000000,0
Indexing.writesQueuedMin,1788940077070000000,1788940137070000000,0
Indexing.writer_1.totalTimeSpentWritingMs,1788940077070000000,1788940137070000000,0
Indexing.writer_0.totalTimeSpentWritingMs,1788940077070000000,1788940137070000000,0
Indexing.writesQueuedMax,1788940077070000000,1788940137070000000,0
Indexing.cache.totalCacheMisses,1788940077070000000,1788940137070000000,0
Indexing.cache.totalCacheAccesses,1788940077070000000,1788940137070000000,0
Indexing.writer_2.totalTimeSpentWritingMs,1788940077070000000,1788940137070000000,0
Indexing.cache.totalCacheEvicted,1788940077070000000,1788940137070000000,0
Indexing.totalTimeIndexersSleptMs,1788940077070000000,1788940137070000000,0
Indexing.writesQueuedAvg,1788940077070000000,1788940137070000000,0.0
Indexing.writer_3.totalTimeSpentWritingMs,1788940077070000000,1788940137070000000,0
FilePageCache.WAL.flushesForcedByOverflow,1788940077070000000,1788940137070000000,0
MappedFileStorage.storages,1788940077070000000,1788940137070000000,8
StorageLockContext.competingThreads.90P,1788940077070000000,1788940137070000000,0
FilePageCache.pageFastCacheHits,1788940077070000000,1788940137070000000,180
DirectByteBufferAllocator.reclaimed,1788940077070000000,1788940137070000000,0
FilePageCache.WAL.bytesCopiedByApplyUnfinished,1788940077070000000,1788940137070000000,0
FilePageCache.totalBytesStored,1788940077070000000,1788940137070000000,960
StreamlinedBlobStorage.recordsAllocated,1788940077070000000,1788940137070000000,0
DirectByteBufferAllocator.hits,1788940077070000000,1788940137070000000,0
StorageLockContext.competingThreads.max,1788940077070000000,1788940137070000000,0
DirectByteBufferAllocator.totalSizeOfBuffersCachedInBytes,1788940077070000000,1788940137070000000,41959424
FilePageCache.WAL.entriesFlushed,1788940077070000000,1788940137070000000,0
FilePageCache.totalPageStoresUs,1788940077070000000,1788940137070000000,8298
DirectByteBufferAllocator.misses,1788940077070000000,1788940137070000000,0
FilePageCache.WAL.entriesFlushedOnRead,1788940077070000000,1788940137070000000,0
MappedFileStorage.totalBytesMapped,1788940077070000000,1788940137070000000,232783872
FilePageCache.pageHits,1788940077070000000,1788940137070000000,0
FilePageCache.capacityInBytes,1788940077070000000,1788940137070000000,629145600
MappedFileStorage.totalPagesMapped,1788940077070000000,1788940137070000000,8
StreamlinedBlobStorage.totalLiveRecordsPayloadBytes,1788940077070000000,1788940137070000000,0
FilePageCache.totalPageDisposalsUs,1788940077070000000,1788940137070000000,0
StreamlinedBlobStorage.recordsRelocated,1788940077070000000,1788940137070000000,0
FilePageCache.totalPageLoadsUs,1788940077070000000,1788940137070000000,0
FilePageCache.WAL.entriesFlushedOnForce,1788940077070000000,1788940137070000000,0
FilePageCache.pageLoads,1788940077070000000,1788940137070000000,0
FileChannelInterruptsRetryer.totalRetriedAttempts,1788940077070000000,1788940137070000000,0
StreamlinedBlobStorage.totalLiveRecordsCapacityBytes,1788940077070000000,1788940137070000000,0
FilePageCache.WAL.entriesFlushedOnClose,1788940077070000000,1788940137070000000,0
FilePageCache.disposedBuffers,1788940077070000000,1788940137070000000,0
FilePageCache.uncachedFileAccess,1788940077070000000,1788940137070000000,60
FilePageCache.WAL.bytesQueued,1788940077070000000,1788940137070000000,0
StorageLockContext.competingThreads.avg,1788940077070000000,1788940137070000000,0.0
DirectByteBufferAllocator.disposed,1788940077070000000,1788940137070000000,0
FilePageCache.maxCacheSizeInBytes,1788940077070000000,1788940137070000000,400564224
MappedFileStorage.totalTimeSpentOnMappingUs,1788940077070000000,1788940137070000000,179239
StreamlinedBlobStorage.recordsDeleted,1788940077070000000,1788940137070000000,0
FilePageCache.WAL.entriesFlushedOnTruncate,1788940077070000000,1788940137070000000,0
DirectByteBufferAllocator.totalSizeOfBuffersAllocatedInBytes,1788940077070000000,1788940137070000000,400564224
FilePageCache.pageLoadsAboveSizeThreshold,1788940077070000000,1788940137070000000,0
FilePageCache.maxRegisteredFiles,1788940077070000000,1788940137070000000,1072
cacheStateStorage.set.counter,1788940077070000000,1788940137070000000,0
cacheStateStorage.get.counter,1788940077070000000,1788940137070000000,0
cacheStateStorage.get.duration,1788940077070000000,1788940137070000000,0
cacheStateStorage.set.duration,1788940077070000000,1788940137070000000,0
jps.global.initialize.library.bridges.ms,1788940077070000000,1788940137070000000,0
workspaceModel.mutableEntityStorage.changeLog.addReplaceEventForRemovedChild.ms,1788940077070000000,1788940137070000000,0
jps.app.storage.content.reader.load.component.ms,1788940077070000000,1788940137070000000,0
workspaceModel.mutableEntityStorage.put.entity.ms,1788940077070000000,1788940137070000000,0
workspaceModel.global.apply.state.to.project.builder.ms,1788940077070000000,1788940137070000000,0
workspaceModel.mutableEntityStorage.remove.entity.ms,1788940077070000000,1788940137070000000,0
workspaceModel.mutableEntityStorage.entities.by.source.ms,1788940077070000000,1788940137070000000,0
workspaceModel.mutableEntityStorage.collect.changes.ms,1788940077070000000,1788940137070000000,0
workspaceModel.mutableEntityStorage.instances.count,1788940077070000000,1788940137070000000,0
workspaceModel.mutableEntityStorage.changeLog.addReplaceEventForNewChild.ms,1788940077070000000,1788940137070000000,0
workspaceModel.global.updates.ms,1788940077070000000,1788940137070000000,0
jps.load.initial.state.ms,1788940077070000000,1788940137070000000,0
workspaceModel.mutableEntityStorage.add.entity.ms,1788940077070000000,1788940137070000000,0
workspaceModel.mutableEntityStorage.mutable.vfurl.index.ms,1788940077070000000,1788940137070000000,0
workspaceModel.load.cache.metadata.from.file.ms,1788940077070000000,1788940137070000000,0
workspaceModel.mutableEntityStorage.has.same.entities.ms,1788940077070000000,1788940137070000000,0
workspaceModel.mutableEntityStorage.mutable.ext.mapping.ms,1788940077070000000,1788940137070000000,0
jps.global.get.library.ms,1788940077070000000,1788940137070000000,0
workspaceModel.mutableEntityStorage.entities.ms,1788940077070000000,1788940137070000000,0
workspaceModel.mutableEntityStorage.to.snapshot.ms,1788940077070000000,1788940137070000000,0
workspaceModel.mutableEntityStorage.referrers.ms,1788940077070000000,1788940137070000000,0
jps.global.get.libraries.ms,1788940077070000000,1788940137070000000,0
jps.global.handle.before.change.events.ms,1788940077070000000,1788940137070000000,0
jps.global.handle.changed.events.ms,1788940077070000000,1788940137070000000,0
workspaceModel.save.cache.to.file.ms,1788940077070000000,1788940137070000000,0
jps.global.initialize.library.bridges.after.loading.ms,1788940077070000000,1788940137070000000,0
jps.library.entities.serializer.save.entities.ms,1788940077070000000,1788940137070000000,0
workspaceModel.mutableEntityStorage.modify.entity.ms,1788940077070000000,1788940137070000000,0
workspaceModel.mutableEntityStorage.changeLog.addReplaceEventForNewParent.ms,1788940077070000000,1788940137070000000,0
workspaceModel.load.cache.from.file.ms,1788940077070000000,1788940137070000000,0
jps.save.global.entities.ms,1788940077070000000,1788940137070000000,0
workspaceModel.mutableEntityStorage.hasReferrers.ms,1788940077070000000,1788940137070000000,0
jps.library.entities.serializer.load.entities.ms,1788940077070000000,1788940137070000000,0
workspaceModel.mutableEntityStorage.changeLog.addReplaceEventForRemovedParent.ms,1788940077070000000,1788940137070000000,0
workspaceModel.mutableEntityStorage.apply.changes.from.ms,1788940077070000000,1788940137070000000,0
workspaceModel.mutableEntityStorage.replace.by.source.ms,1788940077070000000,1788940137070000000,0
workspaceModel.mutableEntityStorage.resolve.ms,1788940077070000000,1788940137070000000,0
workspaceModel.global.updates.count,1788940077070000000,1788940137070000000,0
workspaceModel.sync.entities.ms,1788940077070000000,1788940137070000000,0
workspaceModel.global.apply.state.to.project.ms,1788940077070000000,1788940137070000000,0
jps.global.get.library.by.name.ms,1788940077070000000,1788940137070000000,0
jps.app.storage.content.writer.save.component.ms,1788940077070000000,1788940137070000000,0
workspaceModel.entityStorageSnapshotImpl.instances.count,1788940077070000000,1788940137070000000,0
writeAction.median.wait.ms,1788940077070000000,1788940137070000000,0
writeAction.wait.ms,1788940077070000000,1788940137070000000,0
writeAction.max.wait.ms,1788940077070000000,1788940137070000000,1
writeAction.count,1788940077070000000,1788940137070000000,0
FlushQueue.waitingTime90PNs,1788940137070000000,1788940197070000000,0
ReadAction.executionsCount,1788940137070000000,1788940197070000000,60
FlushQueue.executionTime90PNs,1788940137070000000,1788940197070000000,0
FlushQueue.queueSize90P,1788940137070000000,1788940197070000000,0
FlushQueue.queueSizeMax,1788940137070000000,1788940197070000000,0
AWTEventQueue.dispatchTime90PNs,1788940137070000000,1788940197070000000,107007
FlushQueue.queueSizeAvg,1788940137070000000,1788940197070000000,0.0
FlushQueue.waitingTimeMaxNs,1788940137070000000,1788940197070000000,0
WriteAction.executionsCount,1788940137070000000,1788940197070000000,0
AWTEventQueue.dispatchTimeMaxNs,1788940137070000000,1788940197070000000,162815
FlushQueue.tasksExecuted,1788940137070000000,1788940197070000000,0
FlushQueue.executionTimeMaxNs,1788940137070000000,1788940197070000000,0
FlushQueue.executionTimeAvgNs,1788940137070000000,1788940197070000000,0.0
AWTEventQueue.eventsDispatched,1788940137070000000,1788940197070000000,180
FlushQueue.waitingTimeAvgNs,1788940137070000000,1788940197070000000,0.0
AWTEventQueue.dispatchTimeTotalNS,1788940137070000000,1788940197070000000,15914142
AWTEventQueue.dispatchTimeAvgNs,1788940137070000000,1788940197070000000,88425.95555555556
VFS.contentStorage.recordsRead,1788940137070000000,1788940197070000000,0
VFS.cache.filesCreated,1788940137070000000,1788940197070000000,0
VFS.ContentWriter.totalTimeSpentOnAsyncOperationsUs,1788940137070000000,1788940197070000000,0
VFS.ContentWriter.totalTasksExecutedSync,1788940137070000000,1788940197070000000,0
VFS.contentStorage.recordsStoredSize,1788940137070000000,1788940197070000000,0
VFS.invertedFileNameIndex.requests,1788940137070000000,1788940197070000000,0
VFS.folderCaseSensitivityReads,1788940137070000000,1788940197070000000,0
FileNameCache.queries,1788940137070000000,1788940197070000000,0
VFS.contentStorage.recordsReadSize,1788940137070000000,1788940197070000000,0
VFS.contentStorage.recordsStoredCompressed,1788940137070000000,1788940197070000000,0
VFS.contentStorage.recordsReadDecompressed,1788940137070000000,1788940197070000000,0
VFS.fileChildByName,1788940137070000000,1788940197070000000,0
VFS.contentStorage.recordsDecompressionTimeUs,1788940137070000000,1788940197070000000,0
FileNameCache.totalMisses,1788940137070000000,1788940197070000000,0
VFS.contentStorage.recordsDeduplicated,1788940137070000000,1788940197070000000,0
VFS.fileByIdCache.hits,1788940137070000000,1788940197070000000,0
VFS.contentStorage.recordsStored,1788940137070000000,1788940197070000000,0
VFS.contentStorage.recordsUncompressedSize,1788940137070000000,1788940197070000000,0
VFS.fileByIdCache.misses,1788940137070000000,1788940197070000000,0
VFS.cache.segments,1788940137070000000,1788940197070000000,0
VFS.cache.segmentsCreated,1788940137070000000,1788940197070000000,0
VFS.ContentWriter.totalTimeSpentOnSyncOperationsUs,1788940137070000000,1788940197070000000,0
VFS.ContentWriter.totalFlushes,1788940137070000000,1788940197070000000,0
VFS.ContentWriter.totalTasksExecutedAsync,1788940137070000000,1788940197070000000,0
VFS.rootsCount,1788940137070000000,1788940197070000000,0.0
VFS.cache.directoriesCreated,1788940137070000000,1788940197070000000,0
Indexing.writesQueuedMin,1788940137070000000,1788940197070000000,0
Indexing.writer_1.totalTimeSpentWritingMs,1788940137070000000,1788940197070000000,0
Indexing.writer_0.totalTimeSpentWritingMs,1788940137070000000,1788940197070000000,0
Indexing.writesQueuedMax,1788940137070000000,1788940197070000000,0
Indexing.cache.totalCacheMisses,1788940137070000000,1788940197070000000,0
Indexing.cache.totalCacheAccesses,1788940137070000000,1788940197070000000,0
Indexing.writer_2.totalTimeSpentWritingMs,1788940137070000000,1788940197070000000,0
Indexing.cache.totalCacheEvicted,1788940137070000000,1788940197070000000,0
Indexing.totalTimeIndexersSleptMs,1788940137070000000,1788940197070000000,0
Indexing.writesQueuedAvg,1788940137070000000,1788940197070000000,0.0
Indexing.writer_3.totalTimeSpentWritingMs,1788940137070000000,1788940197070000000,0
FilePageCache.WAL.flushesForcedByOverflow,1788940137070000000,1788940197070000000,0
MappedFileStorage.storages,1788940137070000000,1788940197070000000,8
StorageLockContext.competingThreads.90P,1788940137070000000,1788940197070000000,0
FilePageCache.pageFastCacheHits,1788940137070000000,1788940197070000000,180
DirectByteBufferAllocator.reclaimed,1788940137070000000,1788940197070000000,0
FilePageCache.WAL.bytesCopiedByApplyUnfinished,1788940137070000000,1788940197070000000,0
FilePageCache.totalBytesStored,1788940137070000000,1788940197070000000,960
StreamlinedBlobStorage.recordsAllocated,1788940137070000000,1788940197070000000,0
DirectByteBufferAllocator.hits,1788940137070000000,1788940197070000000,0
StorageLockContext.competingThreads.max,1788940137070000000,1788940197070000000,0
DirectByteBufferAllocator.totalSizeOfBuffersCachedInBytes,1788940137070000000,1788940197070000000,41959424
FilePageCache.WAL.entriesFlushed,1788940137070000000,1788940197070000000,0
FilePageCache.totalPageStoresUs,1788940137070000000,1788940197070000000,8465
DirectByteBufferAllocator.misses,1788940137070000000,1788940197070000000,0
FilePageCache.WAL.entriesFlushedOnRead,1788940137070000000,1788940197070000000,0
MappedFileStorage.totalBytesMapped,1788940137070000000,1788940197070000000,232783872
FilePageCache.pageHits,1788940137070000000,1788940197070000000,0
FilePageCache.capacityInBytes,1788940137070000000,1788940197070000000,629145600
MappedFileStorage.totalPagesMapped,1788940137070000000,1788940197070000000,8
StreamlinedBlobStorage.totalLiveRecordsPayloadBytes,1788940137070000000,1788940197070000000,0
FilePageCache.totalPageDisposalsUs,1788940137070000000,1788940197070000000,0
StreamlinedBlobStorage.recordsRelocated,1788940137070000000,1788940197070000000,0
FilePageCache.totalPageLoadsUs,1788940137070000000,1788940197070000000,0
FilePageCache.WAL.entriesFlushedOnForce,1788940137070000000,1788940197070000000,0
FilePageCache.pageLoads,1788940137070000000,1788940197070000000,0
FileChannelInterruptsRetryer.totalRetriedAttempts,1788940137070000000,1788940197070000000,0
StreamlinedBlobStorage.totalLiveRecordsCapacityBytes,1788940137070000000,1788940197070000000,0
FilePageCache.WAL.entriesFlushedOnClose,1788940137070000000,1788940197070000000,0
FilePageCache.disposedBuffers,1788940137070000000,1788940197070000000,0
FilePageCache.uncachedFileAccess,1788940137070000000,1788940197070000000,60
FilePageCache.WAL.bytesQueued,1788940137070000000,1788940197070000000,0
StorageLockContext.competingThreads.avg,1788940137070000000,1788940197070000000,0.0
DirectByteBufferAllocator.disposed,1788940137070000000,1788940197070000000,0
FilePageCache.maxCacheSizeInBytes,1788940137070000000,1788940197070000000,400564224
MappedFileStorage.totalTimeSpentOnMappingUs,1788940137070000000,1788940197070000000,179239
StreamlinedBlobStorage.recordsDeleted,1788940137070000000,1788940197070000000,0
FilePageCache.WAL.entriesFlushedOnTruncate,1788940137070000000,1788940197070000000,0
DirectByteBufferAllocator.totalSizeOfBuffersAllocatedInBytes,1788940137070000000,1788940197070000000,400564224
FilePageCache.pageLoadsAboveSizeThreshold,1788940137070000000,1788940197070000000,0
FilePageCache.maxRegisteredFiles,1788940137070000000,1788940197070000000,1072
cacheStateStorage.set.counter,1788940137070000000,1788940197070000000,0
cacheStateStorage.get.counter,1788940137070000000,1788940197070000000,0
cacheStateStorage.get.duration,1788940137070000000,1788940197070000000,0
cacheStateStorage.set.duration,1788940137070000000,1788940197070000000,0
jps.global.initialize.library.bridges.ms,1788940137070000000,1788940197070000000,0
workspaceModel.mutableEntityStorage.changeLog.addReplaceEventForRemovedChild.ms,1788940137070000000,1788940197070000000,0
jps.app.storage.content.reader.load.component.ms,1788940137070000000,1788940197070000000,0
workspaceModel.mutableEntityStorage.put.entity.ms,1788940137070000000,1788940197070000000,0
workspaceModel.global.apply.state.to.project.builder.ms,1788940137070000000,1788940197070000000,0
workspaceModel.mutableEntityStorage.remove.entity.ms,1788940137070000000,1788940197070000000,0
workspaceModel.mutableEntityStorage.entities.by.source.ms,1788940137070000000,1788940197070000000,0
workspaceModel.mutableEntityStorage.collect.changes.ms,1788940137070000000,1788940197070000000,0
workspaceModel.mutableEntityStorage.instances.count,1788940137070000000,1788940197070000000,0
workspaceModel.mutableEntityStorage.changeLog.addReplaceEventForNewChild.ms,1788940137070000000,1788940197070000000,0
workspaceModel.global.updates.ms,1788940137070000000,1788940197070000000,0
jps.load.initial.state.ms,1788940137070000000,1788940197070000000,0
workspaceModel.mutableEntityStorage.add.entity.ms,1788940137070000000,1788940197070000000,0
workspaceModel.mutableEntityStorage.mutable.vfurl.index.ms,1788940137070000000,1788940197070000000,0
workspaceModel.load.cache.metadata.from.file.ms,1788940137070000000,1788940197070000000,0
workspaceModel.mutableEntityStorage.has.same.entities.ms,1788940137070000000,1788940197070000000,0
workspaceModel.mutableEntityStorage.mutable.ext.mapping.ms,1788940137070000000,1788940197070000000,0
jps.global.get.library.ms,1788940137070000000,1788940197070000000,0
workspaceModel.mutableEntityStorage.entities.ms,1788940137070000000,1788940197070000000,0
workspaceModel.mutableEntityStorage.to.snapshot.ms,1788940137070000000,1788940197070000000,0
workspaceModel.mutableEntityStorage.referrers.ms,1788940137070000000,1788940197070000000,0
jps.global.get.libraries.ms,1788940137070000000,1788940197070000000,0
jps.global.handle.before.change.events.ms,1788940137070000000,1788940197070000000,0
jps.global.handle.changed.events.ms,1788940137070000000,1788940197070000000,0
workspaceModel.save.cache.to.file.ms,1788940137070000000,1788940197070000000,0
jps.global.initialize.library.bridges.after.loading.ms,1788940137070000000,1788940197070000000,0
jps.library.entities.serializer.save.entities.ms,1788940137070000000,1788940197070000000,0
workspaceModel.mutableEntityStorage.modify.entity.ms,1788940137070000000,1788940197070000000,0
workspaceModel.mutableEntityStorage.changeLog.addReplaceEventForNewParent.ms,1788940137070000000,1788940197070000000,0
workspaceModel.load.cache.from.file.ms,1788940137070000000,1788940197070000000,0
jps.save.global.entities.ms,1788940137070000000,1788940197070000000,0
workspaceModel.mutableEntityStorage.hasReferrers.ms,1788940137070000000,1788940197070000000,0
jps.library.entities.serializer.load.entities.ms,1788940137070000000,1788940197070000000,0
workspaceModel.mutableEntityStorage.changeLog.addReplaceEventForRemovedParent.ms,1788940137070000000,1788940197070000000,0
workspaceModel.mutableEntityStorage.apply.changes.from.ms,1788940137070000000,1788940197070000000,0
workspaceModel.mutableEntityStorage.replace.by.source.ms,1788940137070000000,1788940197070000000,0
workspaceModel.mutableEntityStorage.resolve.ms,1788940137070000000,1788940197070000000,0
workspaceModel.global.updates.count,1788940137070000000,1788940197070000000,0
workspaceModel.sync.entities.ms,1788940137070000000,1788940197070000000,0
workspaceModel.global.apply.state.to.project.ms,1788940137070000000,1788940197070000000,0
jps.global.get.library.by.name.ms,1788940137070000000,1788940197070000000,0
jps.app.storage.content.writer.save.component.ms,1788940137070000000,1788940197070000000,0
workspaceModel.entityStorageSnapshotImpl.instances.count,1788940137070000000,1788940197070000000,0
writeAction.median.wait.ms,1788940137070000000,1788940197070000000,0
writeAction.wait.ms,1788940137070000000,1788940197070000000,0
writeAction.max.wait.ms,1788940137070000000,1788940197070000000,1
writeAction.count,1788940137070000000,1788940197070000000,0
FlushQueue.waitingTime90PNs,1788940197070000000,1788940257070000000,0
ReadAction.executionsCount,1788940197070000000,1788940257070000000,60
FlushQueue.executionTime90PNs,1788940197070000000,1788940257070000000,0
FlushQueue.queueSize90P,1788940197070000000,1788940257070000000,0
FlushQueue.queueSizeMax,1788940197070000000,1788940257070000000,0
AWTEventQueue.dispatchTime90PNs,1788940197070000000,1788940257070000000,104959
FlushQueue.queueSizeAvg,1788940197070000000,1788940257070000000,0.0
FlushQueue.waitingTimeMaxNs,1788940197070000000,1788940257070000000,0
WriteAction.executionsCount,1788940197070000000,1788940257070000000,0
AWTEventQueue.dispatchTimeMaxNs,1788940197070000000,1788940257070000000,196607
FlushQueue.tasksExecuted,1788940197070000000,1788940257070000000,0
FlushQueue.executionTimeMaxNs,1788940197070000000,1788940257070000000,0
FlushQueue.executionTimeAvgNs,1788940197070000000,1788940257070000000,0.0
AWTEventQueue.eventsDispatched,1788940197070000000,1788940257070000000,180
FlushQueue.waitingTimeAvgNs,1788940197070000000,1788940257070000000,0.0
AWTEventQueue.dispatchTimeTotalNS,1788940197070000000,1788940257070000000,16091877
AWTEventQueue.dispatchTimeAvgNs,1788940197070000000,1788940257070000000,89385.24444444444
VFS.contentStorage.recordsRead,1788940197070000000,1788940257070000000,0
VFS.cache.filesCreated,1788940197070000000,1788940257070000000,0
VFS.ContentWriter.totalTimeSpentOnAsyncOperationsUs,1788940197070000000,1788940257070000000,0
VFS.ContentWriter.totalTasksExecutedSync,1788940197070000000,1788940257070000000,0
VFS.contentStorage.recordsStoredSize,1788940197070000000,1788940257070000000,0
VFS.invertedFileNameIndex.requests,1788940197070000000,1788940257070000000,0
VFS.folderCaseSensitivityReads,1788940197070000000,1788940257070000000,0
FileNameCache.queries,1788940197070000000,1788940257070000000,0
VFS.contentStorage.recordsReadSize,1788940197070000000,1788940257070000000,0
VFS.contentStorage.recordsStoredCompressed,1788940197070000000,1788940257070000000,0
VFS.contentStorage.recordsReadDecompressed,1788940197070000000,1788940257070000000,0
VFS.fileChildByName,1788940197070000000,1788940257070000000,0
VFS.contentStorage.recordsDecompressionTimeUs,1788940197070000000,1788940257070000000,0
FileNameCache.totalMisses,1788940197070000000,1788940257070000000,0
VFS.contentStorage.recordsDeduplicated,1788940197070000000,1788940257070000000,0
VFS.fileByIdCache.hits,1788940197070000000,1788940257070000000,0
VFS.contentStorage.recordsStored,1788940197070000000,1788940257070000000,0
VFS.contentStorage.recordsUncompressedSize,1788940197070000000,1788940257070000000,0
VFS.fileByIdCache.misses,1788940197070000000,1788940257070000000,0
VFS.cache.segments,1788940197070000000,1788940257070000000,0
VFS.cache.segmentsCreated,1788940197070000000,1788940257070000000,0
VFS.ContentWriter.totalTimeSpentOnSyncOperationsUs,1788940197070000000,1788940257070000000,0
VFS.ContentWriter.totalFlushes,1788940197070000000,1788940257070000000,0
VFS.ContentWriter.totalTasksExecutedAsync,1788940197070000000,1788940257070000000,0
VFS.rootsCount,1788940197070000000,1788940257070000000,0.0
VFS.cache.directoriesCreated,1788940197070000000,1788940257070000000,0
Indexing.writesQueuedMin,1788940197070000000,1788940257070000000,0
Indexing.writer_1.totalTimeSpentWritingMs,1788940197070000000,1788940257070000000,0
Indexing.writer_0.totalTimeSpentWritingMs,1788940197070000000,1788940257070000000,0
Indexing.writesQueuedMax,1788940197070000000,1788940257070000000,0
Indexing.cache.totalCacheMisses,1788940197070000000,1788940257070000000,0
Indexing.cache.totalCacheAccesses,1788940197070000000,1788940257070000000,0
Indexing.writer_2.totalTimeSpentWritingMs,1788940197070000000,1788940257070000000,0
Indexing.cache.totalCacheEvicted,1788940197070000000,1788940257070000000,0
Indexing.totalTimeIndexersSleptMs,1788940197070000000,1788940257070000000,0
Indexing.writesQueuedAvg,1788940197070000000,1788940257070000000,0.0
Indexing.writer_3.totalTimeSpentWritingMs,1788940197070000000,1788940257070000000,0
FilePageCache.WAL.flushesForcedByOverflow,1788940197070000000,1788940257070000000,0
MappedFileStorage.storages,1788940197070000000,1788940257070000000,8
StorageLockContext.competingThreads.90P,1788940197070000000,1788940257070000000,0
FilePageCache.pageFastCacheHits,1788940197070000000,1788940257070000000,180
DirectByteBufferAllocator.reclaimed,1788940197070000000,1788940257070000000,0
FilePageCache.WAL.bytesCopiedByApplyUnfinished,1788940197070000000,1788940257070000000,0
FilePageCache.totalBytesStored,1788940197070000000,1788940257070000000,960
StreamlinedBlobStorage.recordsAllocated,1788940197070000000,1788940257070000000,0
DirectByteBufferAllocator.hits,1788940197070000000,1788940257070000000,0
StorageLockContext.competingThreads.max,1788940197070000000,1788940257070000000,0
DirectByteBufferAllocator.totalSizeOfBuffersCachedInBytes,1788940197070000000,1788940257070000000,41959424
FilePageCache.WAL.entriesFlushed,1788940197070000000,1788940257070000000,0
FilePageCache.totalPageStoresUs,1788940197070000000,1788940257070000000,8778
DirectByteBufferAllocator.misses,1788940197070000000,1788940257070000000,0
FilePageCache.WAL.entriesFlushedOnRead,1788940197070000000,1788940257070000000,0
MappedFileStorage.totalBytesMapped,1788940197070000000,1788940257070000000,232783872
FilePageCache.pageHits,1788940197070000000,1788940257070000000,0
FilePageCache.capacityInBytes,1788940197070000000,1788940257070000000,629145600
MappedFileStorage.totalPagesMapped,1788940197070000000,1788940257070000000,8
StreamlinedBlobStorage.totalLiveRecordsPayloadBytes,1788940197070000000,1788940257070000000,0
FilePageCache.totalPageDisposalsUs,1788940197070000000,1788940257070000000,0
StreamlinedBlobStorage.recordsRelocated,1788940197070000000,1788940257070000000,0
FilePageCache.totalPageLoadsUs,1788940197070000000,1788940257070000000,0
FilePageCache.WAL.entriesFlushedOnForce,1788940197070000000,1788940257070000000,0
FilePageCache.pageLoads,1788940197070000000,1788940257070000000,0
FileChannelInterruptsRetryer.totalRetriedAttempts,1788940197070000000,1788940257070000000,0
StreamlinedBlobStorage.totalLiveRecordsCapacityBytes,1788940197070000000,1788940257070000000,0
FilePageCache.WAL.entriesFlushedOnClose,1788940197070000000,1788940257070000000,0
FilePageCache.disposedBuffers,1788940197070000000,1788940257070000000,0
FilePageCache.uncachedFileAccess,1788940197070000000,1788940257070000000,60
FilePageCache.WAL.bytesQueued,1788940197070000000,1788940257070000000,0
StorageLockContext.competingThreads.avg,1788940197070000000,1788940257070000000,0.0
DirectByteBufferAllocator.disposed,1788940197070000000,1788940257070000000,0
FilePageCache.maxCacheSizeInBytes,1788940197070000000,1788940257070000000,400564224
MappedFileStorage.totalTimeSpentOnMappingUs,1788940197070000000,1788940257070000000,179239
StreamlinedBlobStorage.recordsDeleted,1788940197070000000,1788940257070000000,0
FilePageCache.WAL.entriesFlushedOnTruncate,1788940197070000000,1788940257070000000,0
DirectByteBufferAllocator.totalSizeOfBuffersAllocatedInBytes,1788940197070000000,1788940257070000000,400564224
FilePageCache.pageLoadsAboveSizeThreshold,1788940197070000000,1788940257070000000,0
FilePageCache.maxRegisteredFiles,1788940197070000000,1788940257070000000,1072
cacheStateStorage.set.counter,1788940197070000000,1788940257070000000,0
cacheStateStorage.get.counter,1788940197070000000,1788940257070000000,0
cacheStateStorage.get.duration,1788940197070000000,1788940257070000000,0
cacheStateStorage.set.duration,1788940197070000000,1788940257070000000,0
jps.global.initialize.library.bridges.ms,1788940197070000000,1788940257070000000,0
workspaceModel.mutableEntityStorage.changeLog.addReplaceEventForRemovedChild.ms,1788940197070000000,1788940257070000000,0
jps.app.storage.content.reader.load.component.ms,1788940197070000000,1788940257070000000,0
workspaceModel.mutableEntityStorage.put.entity.ms,1788940197070000000,1788940257070000000,0
workspaceModel.global.apply.state.to.project.builder.ms,1788940197070000000,1788940257070000000,0
workspaceModel.mutableEntityStorage.remove.entity.ms,1788940197070000000,1788940257070000000,0
workspaceModel.mutableEntityStorage.entities.by.source.ms,1788940197070000000,1788940257070000000,0
workspaceModel.mutableEntityStorage.collect.changes.ms,1788940197070000000,1788940257070000000,0
workspaceModel.mutableEntityStorage.instances.count,1788940197070000000,1788940257070000000,0
workspaceModel.mutableEntityStorage.changeLog.addReplaceEventForNewChild.ms,1788940197070000000,1788940257070000000,0
workspaceModel.global.updates.ms,1788940197070000000,1788940257070000000,0
jps.load.initial.state.ms,1788940197070000000,1788940257070000000,0
workspaceModel.mutableEntityStorage.add.entity.ms,1788940197070000000,1788940257070000000,0
workspaceModel.mutableEntityStorage.mutable.vfurl.index.ms,1788940197070000000,1788940257070000000,0
workspaceModel.load.cache.metadata.from.file.ms,1788940197070000000,1788940257070000000,0
workspaceModel.mutableEntityStorage.has.same.entities.ms,1788940197070000000,1788940257070000000,0
workspaceModel.mutableEntityStorage.mutable.ext.mapping.ms,1788940197070000000,1788940257070000000,0
jps.global.get.library.ms,1788940197070000000,1788940257070000000,0
workspaceModel.mutableEntityStorage.entities.ms,1788940197070000000,1788940257070000000,0
workspaceModel.mutableEntityStorage.to.snapshot.ms,1788940197070000000,1788940257070000000,0
workspaceModel.mutableEntityStorage.referrers.ms,1788940197070000000,1788940257070000000,0
jps.global.get.libraries.ms,1788940197070000000,1788940257070000000,0
jps.global.handle.before.change.events.ms,1788940197070000000,1788940257070000000,0
jps.global.handle.changed.events.ms,1788940197070000000,1788940257070000000,0
workspaceModel.save.cache.to.file.ms,1788940197070000000,1788940257070000000,0
jps.global.initialize.library.bridges.after.loading.ms,1788940197070000000,1788940257070000000,0
jps.library.entities.serializer.save.entities.ms,1788940197070000000,1788940257070000000,0
workspaceModel.mutableEntityStorage.modify.entity.ms,1788940197070000000,1788940257070000000,0
workspaceModel.mutableEntityStorage.changeLog.addReplaceEventForNewParent.ms,1788940197070000000,1788940257070000000,0
workspaceModel.load.cache.from.file.ms,1788940197070000000,1788940257070000000,0
jps.save.global.entities.ms,1788940197070000000,1788940257070000000,0
workspaceModel.mutableEntityStorage.hasReferrers.ms,1788940197070000000,1788940257070000000,0
jps.library.entities.serializer.load.entities.ms,1788940197070000000,1788940257070000000,0
workspaceModel.mutableEntityStorage.changeLog.addReplaceEventForRemovedParent.ms,1788940197070000000,1788940257070000000,0
workspaceModel.mutableEntityStorage.apply.changes.from.ms,1788940197070000000,1788940257070000000,0
workspaceModel.mutableEntityStorage.replace.by.source.ms,1788940197070000000,1788940257070000000,0
workspaceModel.mutableEntityStorage.resolve.ms,1788940197070000000,1788940257070000000,0
workspaceModel.global.updates.count,1788940197070000000,1788940257070000000,0
workspaceModel.sync.entities.ms,1788940197070000000,1788940257070000000,0
workspaceModel.global.apply.state.to.project.ms,1788940197070000000,1788940257070000000,0
jps.global.get.library.by.name.ms,1788940197070000000,1788940257070000000,0
jps.app.storage.content.writer.save.component.ms,1788940197070000000,1788940257070000000,0
workspaceModel.entityStorageSnapshotImpl.instances.count,1788940197070000000,1788940257070000000,0
writeAction.median.wait.ms,1788940197070000000,1788940257070000000,0
writeAction.wait.ms,1788940197070000000,1788940257070000000,0
writeAction.max.wait.ms,1788940197070000000,1788940257070000000,1
writeAction.count,1788940197070000000,1788940257070000000,0
FlushQueue.waitingTime90PNs,1788940257070000000,1788940317070000000,0
ReadAction.executionsCount,1788940257070000000,1788940317070000000,60
FlushQueue.executionTime90PNs,1788940257070000000,1788940317070000000,0
FlushQueue.queueSize90P,1788940257070000000,1788940317070000000,0
FlushQueue.queueSizeMax,1788940257070000000,1788940317070000000,0
AWTEventQueue.dispatchTime90PNs,1788940257070000000,1788940317070000000,101375
FlushQueue.queueSizeAvg,1788940257070000000,1788940317070000000,0.0
FlushQueue.waitingTimeMaxNs,1788940257070000000,1788940317070000000,0
WriteAction.executionsCount,1788940257070000000,1788940317070000000,0
AWTEventQueue.dispatchTimeMaxNs,1788940257070000000,1788940317070000000,473087
FlushQueue.tasksExecuted,1788940257070000000,1788940317070000000,0
FlushQueue.executionTimeMaxNs,1788940257070000000,1788940317070000000,0
FlushQueue.executionTimeAvgNs,1788940257070000000,1788940317070000000,0.0
AWTEventQueue.eventsDispatched,1788940257070000000,1788940317070000000,180
FlushQueue.waitingTimeAvgNs,1788940257070000000,1788940317070000000,0.0
AWTEventQueue.dispatchTimeTotalNS,1788940257070000000,1788940317070000000,16090810
AWTEventQueue.dispatchTimeAvgNs,1788940257070000000,1788940317070000000,89407.28888888888
VFS.contentStorage.recordsRead,1788940257070000000,1788940317070000000,0
VFS.cache.filesCreated,1788940257070000000,1788940317070000000,0
VFS.ContentWriter.totalTimeSpentOnAsyncOperationsUs,1788940257070000000,1788940317070000000,0
VFS.ContentWriter.totalTasksExecutedSync,1788940257070000000,1788940317070000000,0
VFS.contentStorage.recordsStoredSize,1788940257070000000,1788940317070000000,0
VFS.invertedFileNameIndex.requests,1788940257070000000,1788940317070000000,0
VFS.folderCaseSensitivityReads,1788940257070000000,1788940317070000000,0
FileNameCache.queries,1788940257070000000,1788940317070000000,0
VFS.contentStorage.recordsReadSize,1788940257070000000,1788940317070000000,0
VFS.contentStorage.recordsStoredCompressed,1788940257070000000,1788940317070000000,0
VFS.contentStorage.recordsReadDecompressed,1788940257070000000,1788940317070000000,0
VFS.fileChildByName,1788940257070000000,1788940317070000000,0
VFS.contentStorage.recordsDecompressionTimeUs,1788940257070000000,1788940317070000000,0
FileNameCache.totalMisses,1788940257070000000,1788940317070000000,0
VFS.contentStorage.recordsDeduplicated,1788940257070000000,1788940317070000000,0
VFS.fileByIdCache.hits,1788940257070000000,1788940317070000000,0
VFS.contentStorage.recordsStored,1788940257070000000,1788940317070000000,0
VFS.contentStorage.recordsUncompressedSize,1788940257070000000,1788940317070000000,0
VFS.fileByIdCache.misses,1788940257070000000,1788940317070000000,0
VFS.cache.segments,1788940257070000000,1788940317070000000,0
VFS.cache.segmentsCreated,1788940257070000000,1788940317070000000,0
VFS.ContentWriter.totalTimeSpentOnSyncOperationsUs,1788940257070000000,1788940317070000000,0
VFS.ContentWriter.totalFlushes,1788940257070000000,1788940317070000000,0
VFS.ContentWriter.totalTasksExecutedAsync,1788940257070000000,1788940317070000000,0
VFS.rootsCount,1788940257070000000,1788940317070000000,0.0
VFS.cache.directoriesCreated,1788940257070000000,1788940317070000000,0
Indexing.writesQueuedMin,1788940257070000000,1788940317070000000,0
Indexing.writer_1.totalTimeSpentWritingMs,1788940257070000000,1788940317070000000,0
Indexing.writer_0.totalTimeSpentWritingMs,1788940257070000000,1788940317070000000,0
Indexing.writesQueuedMax,1788940257070000000,1788940317070000000,0
Indexing.cache.totalCacheMisses,1788940257070000000,1788940317070000000,0
Indexing.cache.totalCacheAccesses,1788940257070000000,1788940317070000000,0
Indexing.writer_2.totalTimeSpentWritingMs,1788940257070000000,1788940317070000000,0
Indexing.cache.totalCacheEvicted,1788940257070000000,1788940317070000000,0
Indexing.totalTimeIndexersSleptMs,1788940257070000000,1788940317070000000,0
Indexing.writesQueuedAvg,1788940257070000000,1788940317070000000,0.0
Indexing.writer_3.totalTimeSpentWritingMs,1788940257070000000,1788940317070000000,0
FilePageCache.WAL.flushesForcedByOverflow,1788940257070000000,1788940317070000000,0
MappedFileStorage.storages,1788940257070000000,1788940317070000000,8
StorageLockContext.competingThreads.90P,1788940257070000000,1788940317070000000,0
FilePageCache.pageFastCacheHits,1788940257070000000,1788940317070000000,180
DirectByteBufferAllocator.reclaimed,1788940257070000000,1788940317070000000,0
FilePageCache.WAL.bytesCopiedByApplyUnfinished,1788940257070000000,1788940317070000000,0
FilePageCache.totalBytesStored,1788940257070000000,1788940317070000000,960
StreamlinedBlobStorage.recordsAllocated,1788940257070000000,1788940317070000000,0
DirectByteBufferAllocator.hits,1788940257070000000,1788940317070000000,0
StorageLockContext.competingThreads.max,1788940257070000000,1788940317070000000,0
DirectByteBufferAllocator.totalSizeOfBuffersCachedInBytes,1788940257070000000,1788940317070000000,41959424
FilePageCache.WAL.entriesFlushed,1788940257070000000,1788940317070000000,0
FilePageCache.totalPageStoresUs,1788940257070000000,1788940317070000000,7795
DirectByteBufferAllocator.misses,1788940257070000000,1788940317070000000,0
FilePageCache.WAL.entriesFlushedOnRead,1788940257070000000,1788940317070000000,0
MappedFileStorage.totalBytesMapped,1788940257070000000,1788940317070000000,232783872
FilePageCache.pageHits,1788940257070000000,1788940317070000000,0
FilePageCache.capacityInBytes,1788940257070000000,1788940317070000000,629145600
MappedFileStorage.totalPagesMapped,1788940257070000000,1788940317070000000,8
StreamlinedBlobStorage.totalLiveRecordsPayloadBytes,1788940257070000000,1788940317070000000,0
FilePageCache.totalPageDisposalsUs,1788940257070000000,1788940317070000000,0
StreamlinedBlobStorage.recordsRelocated,1788940257070000000,1788940317070000000,0
FilePageCache.totalPageLoadsUs,1788940257070000000,1788940317070000000,0
FilePageCache.WAL.entriesFlushedOnForce,1788940257070000000,1788940317070000000,0
FilePageCache.pageLoads,1788940257070000000,1788940317070000000,0
FileChannelInterruptsRetryer.totalRetriedAttempts,1788940257070000000,1788940317070000000,0
StreamlinedBlobStorage.totalLiveRecordsCapacityBytes,1788940257070000000,1788940317070000000,0
FilePageCache.WAL.entriesFlushedOnClose,1788940257070000000,1788940317070000000,0
FilePageCache.disposedBuffers,1788940257070000000,1788940317070000000,0
FilePageCache.uncachedFileAccess,1788940257070000000,1788940317070000000,60
FilePageCache.WAL.bytesQueued,1788940257070000000,1788940317070000000,0
StorageLockContext.competingThreads.avg,1788940257070000000,1788940317070000000,0.0
DirectByteBufferAllocator.disposed,1788940257070000000,1788940317070000000,0
FilePageCache.maxCacheSizeInBytes,1788940257070000000,1788940317070000000,400564224
MappedFileStorage.totalTimeSpentOnMappingUs,1788940257070000000,1788940317070000000,179239
StreamlinedBlobStorage.recordsDeleted,1788940257070000000,1788940317070000000,0
FilePageCache.WAL.entriesFlushedOnTruncate,1788940257070000000,1788940317070000000,0
DirectByteBufferAllocator.totalSizeOfBuffersAllocatedInBytes,1788940257070000000,1788940317070000000,400564224
FilePageCache.pageLoadsAboveSizeThreshold,1788940257070000000,1788940317070000000,0
FilePageCache.maxRegisteredFiles,1788940257070000000,1788940317070000000,1072
cacheStateStorage.set.counter,1788940257070000000,1788940317070000000,0
cacheStateStorage.get.counter,1788940257070000000,1788940317070000000,0
cacheStateStorage.get.duration,1788940257070000000,1788940317070000000,0
cacheStateStorage.set.duration,1788940257070000000,1788940317070000000,0
jps.global.initialize.library.bridges.ms,1788940257070000000,1788940317070000000,0
workspaceModel.mutableEntityStorage.changeLog.addReplaceEventForRemovedChild.ms,1788940257070000000,1788940317070000000,0
jps.app.storage.content.reader.load.component.ms,1788940257070000000,1788940317070000000,0
workspaceModel.mutableEntityStorage.put.entity.ms,1788940257070000000,1788940317070000000,0
workspaceModel.global.apply.state.to.project.builder.ms,1788940257070000000,1788940317070000000,0
workspaceModel.mutableEntityStorage.remove.entity.ms,1788940257070000000,1788940317070000000,0
workspaceModel.mutableEntityStorage.entities.by.source.ms,1788940257070000000,1788940317070000000,0
workspaceModel.mutableEntityStorage.collect.changes.ms,1788940257070000000,1788940317070000000,0
workspaceModel.mutableEntityStorage.instances.count,1788940257070000000,1788940317070000000,0
workspaceModel.mutableEntityStorage.changeLog.addReplaceEventForNewChild.ms,1788940257070000000,1788940317070000000,0
workspaceModel.global.updates.ms,1788940257070000000,1788940317070000000,0
jps.load.initial.state.ms,1788940257070000000,1788940317070000000,0
workspaceModel.mutableEntityStorage.add.entity.ms,1788940257070000000,1788940317070000000,0
workspaceModel.mutableEntityStorage.mutable.vfurl.index.ms,1788940257070000000,1788940317070000000,0
workspaceModel.load.cache.metadata.from.file.ms,1788940257070000000,1788940317070000000,0
workspaceModel.mutableEntityStorage.has.same.entities.ms,1788940257070000000,1788940317070000000,0
workspaceModel.mutableEntityStorage.mutable.ext.mapping.ms,1788940257070000000,1788940317070000000,0
jps.global.get.library.ms,1788940257070000000,1788940317070000000,0
workspaceModel.mutableEntityStorage.entities.ms,1788940257070000000,1788940317070000000,0
workspaceModel.mutableEntityStorage.to.snapshot.ms,1788940257070000000,1788940317070000000,0
workspaceModel.mutableEntityStorage.referrers.ms,1788940257070000000,1788940317070000000,0
jps.global.get.libraries.ms,1788940257070000000,1788940317070000000,0
jps.global.handle.before.change.events.ms,1788940257070000000,1788940317070000000,0
jps.global.handle.changed.events.ms,1788940257070000000,1788940317070000000,0
workspaceModel.save.cache.to.file.ms,1788940257070000000,1788940317070000000,0
jps.global.initialize.library.bridges.after.loading.ms,1788940257070000000,1788940317070000000,0
jps.library.entities.serializer.save.entities.ms,1788940257070000000,1788940317070000000,0
workspaceModel.mutableEntityStorage.modify.entity.ms,1788940257070000000,1788940317070000000,0
workspaceModel.mutableEntityStorage.changeLog.addReplaceEventForNewParent.ms,1788940257070000000,1788940317070000000,0
workspaceModel.load.cache.from.file.ms,1788940257070000000,1788940317070000000,0
jps.save.global.entities.ms,1788940257070000000,1788940317070000000,0
workspaceModel.mutableEntityStorage.hasReferrers.ms,1788940257070000000,1788940317070000000,0
jps.library.entities.serializer.load.entities.ms,1788940257070000000,1788940317070000000,0
workspaceModel.mutableEntityStorage.changeLog.addReplaceEventForRemovedParent.ms,1788940257070000000,1788940317070000000,0
workspaceModel.mutableEntityStorage.apply.changes.from.ms,1788940257070000000,1788940317070000000,0
workspaceModel.mutableEntityStorage.replace.by.source.ms,1788940257070000000,1788940317070000000,0
workspaceModel.mutableEntityStorage.resolve.ms,1788940257070000000,1788940317070000000,0
workspaceModel.global.updates.count,1788940257070000000,1788940317070000000,0
workspaceModel.sync.entities.ms,1788940257070000000,1788940317070000000,0
workspaceModel.global.apply.state.to.project.ms,1788940257070000000,1788940317070000000,0
jps.global.get.library.by.name.ms,1788940257070000000,1788940317070000000,0
jps.app.storage.content.writer.save.component.ms,1788940257070000000,1788940317070000000,0
workspaceModel.entityStorageSnapshotImpl.instances.count,1788940257070000000,1788940317070000000,0
writeAction.median.wait.ms,1788940257070000000,1788940317070000000,0
writeAction.wait.ms,1788940257070000000,1788940317070000000,0
writeAction.max.wait.ms,1788940257070000000,1788940317070000000,1
writeAction.count,1788940257070000000,1788940317070000000,0
FlushQueue.waitingTime90PNs,1788940317070000000,1788940377071000000,0
ReadAction.executionsCount,1788940317070000000,1788940377071000000,60
FlushQueue.executionTime90PNs,1788940317070000000,1788940377071000000,0
FlushQueue.queueSize90P,1788940317070000000,1788940377071000000,0
FlushQueue.queueSizeMax,1788940317070000000,1788940377071000000,0
AWTEventQueue.dispatchTime90PNs,1788940317070000000,1788940377071000000,114175
FlushQueue.queueSizeAvg,1788940317070000000,1788940377071000000,0.0
FlushQueue.waitingTimeMaxNs,1788940317070000000,1788940377071000000,0
WriteAction.executionsCount,1788940317070000000,1788940377071000000,0
AWTEventQueue.dispatchTimeMaxNs,1788940317070000000,1788940377071000000,638975
FlushQueue.tasksExecuted,1788940317070000000,1788940377071000000,0
FlushQueue.executionTimeMaxNs,1788940317070000000,1788940377071000000,0
FlushQueue.executionTimeAvgNs,1788940317070000000,1788940377071000000,0.0
AWTEventQueue.eventsDispatched,1788940317070000000,1788940377071000000,180
FlushQueue.waitingTimeAvgNs,1788940317070000000,1788940377071000000,0.0
AWTEventQueue.dispatchTimeTotalNS,1788940317070000000,1788940377071000000,17714061
AWTEventQueue.dispatchTimeAvgNs,1788940317070000000,1788940377071000000,98417.06666666667
VFS.contentStorage.recordsRead,1788940317070000000,1788940377071000000,0
VFS.cache.filesCreated,1788940317070000000,1788940377071000000,0
VFS.ContentWriter.totalTimeSpentOnAsyncOperationsUs,1788940317070000000,1788940377071000000,0
VFS.ContentWriter.totalTasksExecutedSync,1788940317070000000,1788940377071000000,0
VFS.contentStorage.recordsStoredSize,1788940317070000000,1788940377071000000,0
VFS.invertedFileNameIndex.requests,1788940317070000000,1788940377071000000,0
VFS.folderCaseSensitivityReads,1788940317070000000,1788940377071000000,0
FileNameCache.queries,1788940317070000000,1788940377071000000,0
VFS.contentStorage.recordsReadSize,1788940317070000000,1788940377071000000,0
VFS.contentStorage.recordsStoredCompressed,1788940317070000000,1788940377071000000,0
VFS.contentStorage.recordsReadDecompressed,1788940317070000000,1788940377071000000,0
VFS.fileChildByName,1788940317070000000,1788940377071000000,0
VFS.contentStorage.recordsDecompressionTimeUs,1788940317070000000,1788940377071000000,0
FileNameCache.totalMisses,1788940317070000000,1788940377071000000,0
VFS.contentStorage.recordsDeduplicated,1788940317070000000,1788940377071000000,0
VFS.fileByIdCache.hits,1788940317070000000,1788940377071000000,0
VFS.contentStorage.recordsStored,1788940317070000000,1788940377071000000,0
VFS.contentStorage.recordsUncompressedSize,1788940317070000000,1788940377071000000,0
VFS.fileByIdCache.misses,1788940317070000000,1788940377071000000,0
VFS.cache.segments,1788940317070000000,1788940377071000000,0
VFS.cache.segmentsCreated,1788940317070000000,1788940377071000000,0
VFS.ContentWriter.totalTimeSpentOnSyncOperationsUs,1788940317070000000,1788940377071000000,0
VFS.ContentWriter.totalFlushes,1788940317070000000,1788940377071000000,0
VFS.ContentWriter.totalTasksExecutedAsync,1788940317070000000,1788940377071000000,0
VFS.rootsCount,1788940317070000000,1788940377071000000,0.0
VFS.cache.directoriesCreated,1788940317070000000,1788940377071000000,0
Indexing.writesQueuedMin,1788940317070000000,1788940377071000000,0
Indexing.writer_1.totalTimeSpentWritingMs,1788940317070000000,1788940377071000000,0
Indexing.writer_0.totalTimeSpentWritingMs,1788940317070000000,1788940377071000000,0
Indexing.writesQueuedMax,1788940317070000000,1788940377071000000,0
Indexing.cache.totalCacheMisses,1788940317070000000,1788940377071000000,0
Indexing.cache.totalCacheAccesses,1788940317070000000,1788940377071000000,0
Indexing.writer_2.totalTimeSpentWritingMs,1788940317070000000,1788940377071000000,0
Indexing.cache.totalCacheEvicted,1788940317070000000,1788940377071000000,0
Indexing.totalTimeIndexersSleptMs,1788940317070000000,1788940377071000000,0
Indexing.writesQueuedAvg,1788940317070000000,1788940377071000000,0.0
Indexing.writer_3.totalTimeSpentWritingMs,1788940317070000000,1788940377071000000,0
FilePageCache.WAL.flushesForcedByOverflow,1788940317070000000,1788940377071000000,0
MappedFileStorage.storages,1788940317070000000,1788940377071000000,8
StorageLockContext.competingThreads.90P,1788940317070000000,1788940377071000000,0
FilePageCache.pageFastCacheHits,1788940317070000000,1788940377071000000,177
DirectByteBufferAllocator.reclaimed,1788940317070000000,1788940377071000000,0
FilePageCache.WAL.bytesCopiedByApplyUnfinished,1788940317070000000,1788940377071000000,0
FilePageCache.totalBytesStored,1788940317070000000,1788940377071000000,944
StreamlinedBlobStorage.recordsAllocated,1788940317070000000,1788940377071000000,0
DirectByteBufferAllocator.hits,1788940317070000000,1788940377071000000,0
StorageLockContext.competingThreads.max,1788940317070000000,1788940377071000000,0
DirectByteBufferAllocator.totalSizeOfBuffersCachedInBytes,1788940317070000000,1788940377071000000,41959424
FilePageCache.WAL.entriesFlushed,1788940317070000000,1788940377071000000,0
FilePageCache.totalPageStoresUs,1788940317070000000,1788940377071000000,8290
DirectByteBufferAllocator.misses,1788940317070000000,1788940377071000000,0
FilePageCache.WAL.entriesFlushedOnRead,1788940317070000000,1788940377071000000,0
MappedFileStorage.totalBytesMapped,1788940317070000000,1788940377071000000,232783872
FilePageCache.pageHits,1788940317070000000,1788940377071000000,0
FilePageCache.capacityInBytes,1788940317070000000,1788940377071000000,629145600
MappedFileStorage.totalPagesMapped,1788940317070000000,1788940377071000000,8
StreamlinedBlobStorage.totalLiveRecordsPayloadBytes,1788940317070000000,1788940377071000000,0
FilePageCache.totalPageDisposalsUs,1788940317070000000,1788940377071000000,0
StreamlinedBlobStorage.recordsRelocated,1788940317070000000,1788940377071000000,0
FilePageCache.totalPageLoadsUs,1788940317070000000,1788940377071000000,0
FilePageCache.WAL.entriesFlushedOnForce,1788940317070000000,1788940377071000000,0
FilePageCache.pageLoads,1788940317070000000,1788940377071000000,0
FileChannelInterruptsRetryer.totalRetriedAttempts,1788940317070000000,1788940377071000000,0
StreamlinedBlobStorage.totalLiveRecordsCapacityBytes,1788940317070000000,1788940377071000000,0
FilePageCache.WAL.entriesFlushedOnClose,1788940317070000000,1788940377071000000,0
FilePageCache.disposedBuffers,1788940317070000000,1788940377071000000,0
FilePageCache.uncachedFileAccess,1788940317070000000,1788940377071000000,59
FilePageCache.WAL.bytesQueued,1788940317070000000,1788940377071000000,0
StorageLockContext.competingThreads.avg,1788940317070000000,1788940377071000000,0.0
DirectByteBufferAllocator.disposed,1788940317070000000,1788940377071000000,0
FilePageCache.maxCacheSizeInBytes,1788940317070000000,1788940377071000000,400564224
MappedFileStorage.totalTimeSpentOnMappingUs,1788940317070000000,1788940377071000000,179239
StreamlinedBlobStorage.recordsDeleted,1788940317070000000,1788940377071000000,0
FilePageCache.WAL.entriesFlushedOnTruncate,1788940317070000000,1788940377071000000,0
DirectByteBufferAllocator.totalSizeOfBuffersAllocatedInBytes,1788940317070000000,1788940377071000000,400564224
FilePageCache.pageLoadsAboveSizeThreshold,1788940317070000000,1788940377071000000,0
FilePageCache.maxRegisteredFiles,1788940317070000000,1788940377071000000,1072
cacheStateStorage.set.counter,1788940317070000000,1788940377071000000,0
cacheStateStorage.get.counter,1788940317070000000,1788940377071000000,0
cacheStateStorage.get.duration,1788940317070000000,1788940377071000000,0
cacheStateStorage.set.duration,1788940317070000000,1788940377071000000,0
jps.global.initialize.library.bridges.ms,1788940317070000000,1788940377071000000,0
workspaceModel.mutableEntityStorage.changeLog.addReplaceEventForRemovedChild.ms,1788940317070000000,1788940377071000000,0
jps.app.storage.content.reader.load.component.ms,1788940317070000000,1788940377071000000,0
workspaceModel.mutableEntityStorage.put.entity.ms,1788940317070000000,1788940377071000000,0
workspaceModel.global.apply.state.to.project.builder.ms,1788940317070000000,1788940377071000000,0
workspaceModel.mutableEntityStorage.remove.entity.ms,1788940317070000000,1788940377071000000,0
workspaceModel.mutableEntityStorage.entities.by.source.ms,1788940317070000000,1788940377071000000,0
workspaceModel.mutableEntityStorage.collect.changes.ms,1788940317070000000,1788940377071000000,0
workspaceModel.mutableEntityStorage.instances.count,1788940317070000000,1788940377071000000,0
workspaceModel.mutableEntityStorage.changeLog.addReplaceEventForNewChild.ms,1788940317070000000,1788940377071000000,0
workspaceModel.global.updates.ms,1788940317070000000,1788940377071000000,0
jps.load.initial.state.ms,1788940317070000000,1788940377071000000,0
workspaceModel.mutableEntityStorage.add.entity.ms,1788940317070000000,1788940377071000000,0
workspaceModel.mutableEntityStorage.mutable.vfurl.index.ms,1788940317070000000,1788940377071000000,0
workspaceModel.load.cache.metadata.from.file.ms,1788940317070000000,1788940377071000000,0
workspaceModel.mutableEntityStorage.has.same.entities.ms,1788940317070000000,1788940377071000000,0
workspaceModel.mutableEntityStorage.mutable.ext.mapping.ms,1788940317070000000,1788940377071000000,0
jps.global.get.library.ms,1788940317070000000,1788940377071000000,0
workspaceModel.mutableEntityStorage.entities.ms,1788940317070000000,1788940377071000000,0
workspaceModel.mutableEntityStorage.to.snapshot.ms,1788940317070000000,1788940377071000000,0
workspaceModel.mutableEntityStorage.referrers.ms,1788940317070000000,1788940377071000000,0
jps.global.get.libraries.ms,1788940317070000000,1788940377071000000,0
jps.global.handle.before.change.events.ms,1788940317070000000,1788940377071000000,0
jps.global.handle.changed.events.ms,1788940317070000000,1788940377071000000,0
workspaceModel.save.cache.to.file.ms,1788940317070000000,1788940377071000000,0
jps.global.initialize.library.bridges.after.loading.ms,1788940317070000000,1788940377071000000,0
jps.library.entities.serializer.save.entities.ms,1788940317070000000,1788940377071000000,0
workspaceModel.mutableEntityStorage.modify.entity.ms,1788940317070000000,1788940377071000000,0
workspaceModel.mutableEntityStorage.changeLog.addReplaceEventForNewParent.ms,1788940317070000000,1788940377071000000,0
workspaceModel.load.cache.from.file.ms,1788940317070000000,1788940377071000000,0
jps.save.global.entities.ms,1788940317070000000,1788940377071000000,0
workspaceModel.mutableEntityStorage.hasReferrers.ms,1788940317070000000,1788940377071000000,0
jps.library.entities.serializer.load.entities.ms,1788940317070000000,1788940377071000000,0
workspaceModel.mutableEntityStorage.changeLog.addReplaceEventForRemovedParent.ms,1788940317070000000,1788940377071000000,0
workspaceModel.mutableEntityStorage.apply.changes.from.ms,1788940317070000000,1788940377071000000,0
workspaceModel.mutableEntityStorage.replace.by.source.ms,1788940317070000000,1788940377071000000,0
workspaceModel.mutableEntityStorage.resolve.ms,1788940317070000000,1788940377071000000,0
workspaceModel.global.updates.count,1788940317070000000,1788940377071000000,0
workspaceModel.sync.entities.ms,1788940317070000000,1788940377071000000,0
workspaceModel.global.apply.state.to.project.ms,1788940317070000000,1788940377071000000,0
jps.global.get.library.by.name.ms,1788940317070000000,1788940377071000000,0
jps.app.storage.content.writer.save.component.ms,1788940317070000000,1788940377071000000,0
workspaceModel.entityStorageSnapshotImpl.instances.count,1788940317070000000,1788940377071000000,0
writeAction.median.wait.ms,1788940317070000000,1788940377071000000,0
writeAction.wait.ms,1788940317070000000,1788940377071000000,0
writeAction.max.wait.ms,1788940317070000000,1788940377071000000,1
writeAction.count,1788940317070000000,1788940377071000000,0
FlushQueue.waitingTime90PNs,1788940377071000000,1788940437070000000,0
ReadAction.executionsCount,1788940377071000000,1788940437070000000,60
FlushQueue.executionTime90PNs,1788940377071000000,1788940437070000000,0
FlushQueue.queueSize90P,1788940377071000000,1788940437070000000,0
FlushQueue.queueSizeMax,1788940377071000000,1788940437070000000,0
AWTEventQueue.dispatchTime90PNs,1788940377071000000,1788940437070000000,105471
FlushQueue.queueSizeAvg,1788940377071000000,1788940437070000000,0.0
FlushQueue.waitingTimeMaxNs,1788940377071000000,1788940437070000000,0
WriteAction.executionsCount,1788940377071000000,1788940437070000000,0
AWTEventQueue.dispatchTimeMaxNs,1788940377071000000,1788940437070000000,516095
FlushQueue.tasksExecuted,1788940377071000000,1788940437070000000,0
FlushQueue.executionTimeMaxNs,1788940377071000000,1788940437070000000,0
FlushQueue.executionTimeAvgNs,1788940377071000000,1788940437070000000,0.0
AWTEventQueue.eventsDispatched,1788940377071000000,1788940437070000000,180
FlushQueue.waitingTimeAvgNs,1788940377071000000,1788940437070000000,0.0
AWTEventQueue.dispatchTimeTotalNS,1788940377071000000,1788940437070000000,17019397
AWTEventQueue.dispatchTimeAvgNs,1788940377071000000,1788940437070000000,94547.91111111111
VFS.contentStorage.recordsRead,1788940377071000000,1788940437070000000,0
VFS.cache.filesCreated,1788940377071000000,1788940437070000000,0
VFS.ContentWriter.totalTimeSpentOnAsyncOperationsUs,1788940377071000000,1788940437070000000,0
VFS.ContentWriter.totalTasksExecutedSync,1788940377071000000,1788940437070000000,0
VFS.contentStorage.recordsStoredSize,1788940377071000000,1788940437070000000,0
VFS.invertedFileNameIndex.requests,1788940377071000000,1788940437070000000,0
VFS.folderCaseSensitivityReads,1788940377071000000,1788940437070000000,0
FileNameCache.queries,1788940377071000000,1788940437070000000,0
VFS.contentStorage.recordsReadSize,1788940377071000000,1788940437070000000,0
VFS.contentStorage.recordsStoredCompressed,1788940377071000000,1788940437070000000,0
VFS.contentStorage.recordsReadDecompressed,1788940377071000000,1788940437070000000,0
VFS.fileChildByName,1788940377071000000,1788940437070000000,0
VFS.contentStorage.recordsDecompressionTimeUs,1788940377071000000,1788940437070000000,0
FileNameCache.totalMisses,1788940377071000000,1788940437070000000,0
VFS.contentStorage.recordsDeduplicated,1788940377071000000,1788940437070000000,0
VFS.fileByIdCache.hits,1788940377071000000,1788940437070000000,0
VFS.contentStorage.recordsStored,1788940377071000000,1788940437070000000,0
VFS.contentStorage.recordsUncompressedSize,1788940377071000000,1788940437070000000,0
VFS.fileByIdCache.misses,1788940377071000000,1788940437070000000,0
VFS.cache.segments,1788940377071000000,1788940437070000000,0
VFS.cache.segmentsCreated,1788940377071000000,1788940437070000000,0
VFS.ContentWriter.totalTimeSpentOnSyncOperationsUs,1788940377071000000,1788940437070000000,0
VFS.ContentWriter.totalFlushes,1788940377071000000,1788940437070000000,0
VFS.ContentWriter.totalTasksExecutedAsync,1788940377071000000,1788940437070000000,0
VFS.rootsCount,1788940377071000000,1788940437070000000,0.0
VFS.cache.directoriesCreated,1788940377071000000,1788940437070000000,0
Indexing.writesQueuedMin,1788940377071000000,1788940437070000000,0
Indexing.writer_1.totalTimeSpentWritingMs,1788940377071000000,1788940437070000000,0
Indexing.writer_0.totalTimeSpentWritingMs,1788940377071000000,1788940437070000000,0
Indexing.writesQueuedMax,1788940377071000000,1788940437070000000,0
Indexing.cache.totalCacheMisses,1788940377071000000,1788940437070000000,0
Indexing.cache.totalCacheAccesses,1788940377071000000,1788940437070000000,0
Indexing.writer_2.totalTimeSpentWritingMs,1788940377071000000,1788940437070000000,0
Indexing.cache.totalCacheEvicted,1788940377071000000,1788940437070000000,0
Indexing.totalTimeIndexersSleptMs,1788940377071000000,1788940437070000000,0
Indexing.writesQueuedAvg,1788940377071000000,1788940437070000000,0.0
Indexing.writer_3.totalTimeSpentWritingMs,1788940377071000000,1788940437070000000,0
FilePageCache.WAL.flushesForcedByOverflow,1788940377071000000,1788940437070000000,0
MappedFileStorage.storages,1788940377071000000,1788940437070000000,8
StorageLockContext.competingThreads.90P,1788940377071000000,1788940437070000000,0
FilePageCache.pageFastCacheHits,1788940377071000000,1788940437070000000,180
DirectByteBufferAllocator.reclaimed,1788940377071000000,1788940437070000000,0
FilePageCache.WAL.bytesCopiedByApplyUnfinished,1788940377071000000,1788940437070000000,0
FilePageCache.totalBytesStored,1788940377071000000,1788940437070000000,960
StreamlinedBlobStorage.recordsAllocated,1788940377071000000,1788940437070000000,0
DirectByteBufferAllocator.hits,1788940377071000000,1788940437070000000,0
StorageLockContext.competingThreads.max,1788940377071000000,1788940437070000000,0
DirectByteBufferAllocator.totalSizeOfBuffersCachedInBytes,1788940377071000000,1788940437070000000,41959424
FilePageCache.WAL.entriesFlushed,1788940377071000000,1788940437070000000,0
FilePageCache.totalPageStoresUs,1788940377071000000,1788940437070000000,8374
DirectByteBufferAllocator.misses,1788940377071000000,1788940437070000000,0
FilePageCache.WAL.entriesFlushedOnRead,1788940377071000000,1788940437070000000,0
MappedFileStorage.totalBytesMapped,1788940377071000000,1788940437070000000,232783872
FilePageCache.pageHits,1788940377071000000,1788940437070000000,0
FilePageCache.capacityInBytes,1788940377071000000,1788940437070000000,629145600
MappedFileStorage.totalPagesMapped,1788940377071000000,1788940437070000000,8
StreamlinedBlobStorage.totalLiveRecordsPayloadBytes,1788940377071000000,1788940437070000000,0
FilePageCache.totalPageDisposalsUs,1788940377071000000,1788940437070000000,0
StreamlinedBlobStorage.recordsRelocated,1788940377071000000,1788940437070000000,0
FilePageCache.totalPageLoadsUs,1788940377071000000,1788940437070000000,0
FilePageCache.WAL.entriesFlushedOnForce,1788940377071000000,1788940437070000000,0
FilePageCache.pageLoads,1788940377071000000,1788940437070000000,0
FileChannelInterruptsRetryer.totalRetriedAttempts,1788940377071000000,1788940437070000000,0
StreamlinedBlobStorage.totalLiveRecordsCapacityBytes,1788940377071000000,1788940437070000000,0
FilePageCache.WAL.entriesFlushedOnClose,1788940377071000000,1788940437070000000,0
FilePageCache.disposedBuffers,1788940377071000000,1788940437070000000,0
FilePageCache.uncachedFileAccess,1788940377071000000,1788940437070000000,60
FilePageCache.WAL.bytesQueued,1788940377071000000,1788940437070000000,0
StorageLockContext.competingThreads.avg,1788940377071000000,1788940437070000000,0.0
DirectByteBufferAllocator.disposed,1788940377071000000,1788940437070000000,0
FilePageCache.maxCacheSizeInBytes,1788940377071000000,1788940437070000000,400564224
MappedFileStorage.totalTimeSpentOnMappingUs,1788940377071000000,1788940437070000000,179239
StreamlinedBlobStorage.recordsDeleted,1788940377071000000,1788940437070000000,0
FilePageCache.WAL.entriesFlushedOnTruncate,1788940377071000000,1788940437070000000,0
DirectByteBufferAllocator.totalSizeOfBuffersAllocatedInBytes,1788940377071000000,1788940437070000000,400564224
FilePageCache.pageLoadsAboveSizeThreshold,1788940377071000000,1788940437070000000,0
FilePageCache.maxRegisteredFiles,1788940377071000000,1788940437070000000,1072
cacheStateStorage.set.counter,1788940377071000000,1788940437070000000,0
cacheStateStorage.get.counter,1788940377071000000,1788940437070000000,0
cacheStateStorage.get.duration,1788940377071000000,1788940437070000000,0
cacheStateStorage.set.duration,1788940377071000000,1788940437070000000,0
jps.global.initialize.library.bridges.ms,1788940377071000000,1788940437070000000,0
workspaceModel.mutableEntityStorage.changeLog.addReplaceEventForRemovedChild.ms,1788940377071000000,1788940437070000000,0
jps.app.storage.content.reader.load.component.ms,1788940377071000000,1788940437070000000,0
workspaceModel.mutableEntityStorage.put.entity.ms,1788940377071000000,1788940437070000000,0
workspaceModel.global.apply.state.to.project.builder.ms,1788940377071000000,1788940437070000000,0
workspaceModel.mutableEntityStorage.remove.entity.ms,1788940377071000000,1788940437070000000,0
workspaceModel.mutableEntityStorage.entities.by.source.ms,1788940377071000000,1788940437070000000,0
workspaceModel.mutableEntityStorage.collect.changes.ms,1788940377071000000,1788940437070000000,0
workspaceModel.mutableEntityStorage.instances.count,1788940377071000000,1788940437070000000,0
workspaceModel.mutableEntityStorage.changeLog.addReplaceEventForNewChild.ms,1788940377071000000,1788940437070000000,0
workspaceModel.global.updates.ms,1788940377071000000,1788940437070000000,0
jps.load.initial.state.ms,1788940377071000000,1788940437070000000,0
workspaceModel.mutableEntityStorage.add.entity.ms,1788940377071000000,1788940437070000000,0
workspaceModel.mutableEntityStorage.mutable.vfurl.index.ms,1788940377071000000,1788940437070000000,0
workspaceModel.load.cache.metadata.from.file.ms,1788940377071000000,1788940437070000000,0
workspaceModel.mutableEntityStorage.has.same.entities.ms,1788940377071000000,1788940437070000000,0
workspaceModel.mutableEntityStorage.mutable.ext.mapping.ms,1788940377071000000,1788940437070000000,0
jps.global.get.library.ms,1788940377071000000,1788940437070000000,0
workspaceModel.mutableEntityStorage.entities.ms,1788940377071000000,1788940437070000000,0
workspaceModel.mutableEntityStorage.to.snapshot.ms,1788940377071000000,1788940437070000000,0
workspaceModel.mutableEntityStorage.referrers.ms,1788940377071000000,1788940437070000000,0
jps.global.get.libraries.ms,1788940377071000000,1788940437070000000,0
jps.global.handle.before.change.events.ms,1788940377071000000,1788940437070000000,0
jps.global.handle.changed.events.ms,1788940377071000000,1788940437070000000,0
workspaceModel.save.cache.to.file.ms,1788940377071000000,1788940437070000000,0
jps.global.initialize.library.bridges.after.loading.ms,1788940377071000000,1788940437070000000,0
jps.library.entities.serializer.save.entities.ms,1788940377071000000,1788940437070000000,0
workspaceModel.mutableEntityStorage.modify.entity.ms,1788940377071000000,1788940437070000000,0
workspaceModel.mutableEntityStorage.changeLog.addReplaceEventForNewParent.ms,1788940377071000000,1788940437070000000,0
workspaceModel.load.cache.from.file.ms,1788940377071000000,1788940437070000000,0
jps.save.global.entities.ms,1788940377071000000,1788940437070000000,0
workspaceModel.mutableEntityStorage.hasReferrers.ms,1788940377071000000,1788940437070000000,0
jps.library.entities.serializer.load.entities.ms,1788940377071000000,1788940437070000000,0
workspaceModel.mutableEntityStorage.changeLog.addReplaceEventForRemovedParent.ms,1788940377071000000,1788940437070000000,0
workspaceModel.mutableEntityStorage.apply.changes.from.ms,1788940377071000000,1788940437070000000,0
workspaceModel.mutableEntityStorage.replace.by.source.ms,1788940377071000000,1788940437070000000,0
workspaceModel.mutableEntityStorage.resolve.ms,1788940377071000000,1788940437070000000,0
workspaceModel.global.updates.count,1788940377071000000,1788940437070000000,0
workspaceModel.sync.entities.ms,1788940377071000000,1788940437070000000,0
workspaceModel.global.apply.state.to.project.ms,1788940377071000000,1788940437070000000,0
jps.global.get.library.by.name.ms,1788940377071000000,1788940437070000000,0
jps.app.storage.content.writer.save.component.ms,1788940377071000000,1788940437070000000,0
workspaceModel.entityStorageSnapshotImpl.instances.count,1788940377071000000,1788940437070000000,0
writeAction.median.wait.ms,1788940377071000000,1788940437070000000,0
writeAction.wait.ms,1788940377071000000,1788940437070000000,0
writeAction.max.wait.ms,1788940377071000000,1788940437070000000,1
writeAction.count,1788940377071000000,1788940437070000000,0
FlushQueue.waitingTime90PNs,1788940437070000000,1788940497070000000,0
ReadAction.executionsCount,1788940437070000000,1788940497070000000,60
FlushQueue.executionTime90PNs,1788940437070000000,1788940497070000000,0
FlushQueue.queueSize90P,1788940437070000000,1788940497070000000,0
FlushQueue.queueSizeMax,1788940437070000000,1788940497070000000,0
AWTEventQueue.dispatchTime90PNs,1788940437070000000,1788940497070000000,100863
FlushQueue.queueSizeAvg,1788940437070000000,1788940497070000000,0.0
FlushQueue.waitingTimeMaxNs,1788940437070000000,1788940497070000000,0
WriteAction.executionsCount,1788940437070000000,1788940497070000000,0
AWTEventQueue.dispatchTimeMaxNs,1788940437070000000,1788940497070000000,156671
FlushQueue.tasksExecuted,1788940437070000000,1788940497070000000,0
FlushQueue.executionTimeMaxNs,1788940437070000000,1788940497070000000,0
FlushQueue.executionTimeAvgNs,1788940437070000000,1788940497070000000,0.0
AWTEventQueue.eventsDispatched,1788940437070000000,1788940497070000000,180
FlushQueue.waitingTimeAvgNs,1788940437070000000,1788940497070000000,0.0
AWTEventQueue.dispatchTimeTotalNS,1788940437070000000,1788940497070000000,15683982
AWTEventQueue.dispatchTimeAvgNs,1788940437070000000,1788940497070000000,87128.88888888889
VFS.contentStorage.recordsRead,1788940437070000000,1788940497070000000,0
VFS.cache.filesCreated,1788940437070000000,1788940497070000000,0
VFS.ContentWriter.totalTimeSpentOnAsyncOperationsUs,1788940437070000000,1788940497070000000,0
VFS.ContentWriter.totalTasksExecutedSync,1788940437070000000,1788940497070000000,0
VFS.contentStorage.recordsStoredSize,1788940437070000000,1788940497070000000,0
VFS.invertedFileNameIndex.requests,1788940437070000000,1788940497070000000,0
VFS.folderCaseSensitivityReads,1788940437070000000,1788940497070000000,0
FileNameCache.queries,1788940437070000000,1788940497070000000,0
VFS.contentStorage.recordsReadSize,1788940437070000000,1788940497070000000,0
VFS.contentStorage.recordsStoredCompressed,1788940437070000000,1788940497070000000,0
VFS.contentStorage.recordsReadDecompressed,1788940437070000000,1788940497070000000,0
VFS.fileChildByName,1788940437070000000,1788940497070000000,0
VFS.contentStorage.recordsDecompressionTimeUs,1788940437070000000,1788940497070000000,0
FileNameCache.totalMisses,1788940437070000000,1788940497070000000,0
VFS.contentStorage.recordsDeduplicated,1788940437070000000,1788940497070000000,0
VFS.fileByIdCache.hits,1788940437070000000,1788940497070000000,0
VFS.contentStorage.recordsStored,1788940437070000000,1788940497070000000,0
VFS.contentStorage.recordsUncompressedSize,1788940437070000000,1788940497070000000,0
VFS.fileByIdCache.misses,1788940437070000000,1788940497070000000,0
VFS.cache.segments,1788940437070000000,1788940497070000000,0
VFS.cache.segmentsCreated,1788940437070000000,1788940497070000000,0
VFS.ContentWriter.totalTimeSpentOnSyncOperationsUs,1788940437070000000,1788940497070000000,0
VFS.ContentWriter.totalFlushes,1788940437070000000,1788940497070000000,0
VFS.ContentWriter.totalTasksExecutedAsync,1788940437070000000,1788940497070000000,0
VFS.rootsCount,1788940437070000000,1788940497070000000,0.0
VFS.cache.directoriesCreated,1788940437070000000,1788940497070000000,0
Indexing.writesQueuedMin,1788940437070000000,1788940497070000000,0
Indexing.writer_1.totalTimeSpentWritingMs,1788940437070000000,1788940497070000000,0
Indexing.writer_0.totalTimeSpentWritingMs,1788940437070000000,1788940497070000000,0
Indexing.writesQueuedMax,1788940437070000000,1788940497070000000,0
Indexing.cache.totalCacheMisses,1788940437070000000,1788940497070000000,0
Indexing.cache.totalCacheAccesses,1788940437070000000,1788940497070000000,0
Indexing.writer_2.totalTimeSpentWritingMs,1788940437070000000,1788940497070000000,0
Indexing.cache.totalCacheEvicted,1788940437070000000,1788940497070000000,0
Indexing.totalTimeIndexersSleptMs,1788940437070000000,1788940497070000000,0
Indexing.writesQueuedAvg,1788940437070000000,1788940497070000000,0.0
Indexing.writer_3.totalTimeSpentWritingMs,1788940437070000000,1788940497070000000,0
FilePageCache.WAL.flushesForcedByOverflow,1788940437070000000,1788940497070000000,0
MappedFileStorage.storages,1788940437070000000,1788940497070000000,8
StorageLockContext.competingThreads.90P,1788940437070000000,1788940497070000000,0
FilePageCache.pageFastCacheHits,1788940437070000000,1788940497070000000,180
DirectByteBufferAllocator.reclaimed,1788940437070000000,1788940497070000000,0
FilePageCache.WAL.bytesCopiedByApplyUnfinished,1788940437070000000,1788940497070000000,0
FilePageCache.totalBytesStored,1788940437070000000,1788940497070000000,960
StreamlinedBlobStorage.recordsAllocated,1788940437070000000,1788940497070000000,0
DirectByteBufferAllocator.hits,1788940437070000000,1788940497070000000,0
StorageLockContext.competingThreads.max,1788940437070000000,1788940497070000000,0
DirectByteBufferAllocator.totalSizeOfBuffersCachedInBytes,1788940437070000000,1788940497070000000,41959424
FilePageCache.WAL.entriesFlushed,1788940437070000000,1788940497070000000,0
FilePageCache.totalPageStoresUs,1788940437070000000,1788940497070000000,8261
DirectByteBufferAllocator.misses,1788940437070000000,1788940497070000000,0
FilePageCache.WAL.entriesFlushedOnRead,1788940437070000000,1788940497070000000,0
MappedFileStorage.totalBytesMapped,1788940437070000000,1788940497070000000,232783872
FilePageCache.pageHits,1788940437070000000,1788940497070000000,0
FilePageCache.capacityInBytes,1788940437070000000,1788940497070000000,629145600
MappedFileStorage.totalPagesMapped,1788940437070000000,1788940497070000000,8
StreamlinedBlobStorage.totalLiveRecordsPayloadBytes,1788940437070000000,1788940497070000000,0
FilePageCache.totalPageDisposalsUs,1788940437070000000,1788940497070000000,0
StreamlinedBlobStorage.recordsRelocated,1788940437070000000,1788940497070000000,0
FilePageCache.totalPageLoadsUs,1788940437070000000,1788940497070000000,0
FilePageCache.WAL.entriesFlushedOnForce,1788940437070000000,1788940497070000000,0
FilePageCache.pageLoads,1788940437070000000,1788940497070000000,0
FileChannelInterruptsRetryer.totalRetriedAttempts,1788940437070000000,1788940497070000000,0
StreamlinedBlobStorage.totalLiveRecordsCapacityBytes,1788940437070000000,1788940497070000000,0
FilePageCache.WAL.entriesFlushedOnClose,1788940437070000000,1788940497070000000,0
FilePageCache.disposedBuffers,1788940437070000000,1788940497070000000,0
FilePageCache.uncachedFileAccess,1788940437070000000,1788940497070000000,60
FilePageCache.WAL.bytesQueued,1788940437070000000,1788940497070000000,0
StorageLockContext.competingThreads.avg,1788940437070000000,1788940497070000000,0.0
DirectByteBufferAllocator.disposed,1788940437070000000,1788940497070000000,0
FilePageCache.maxCacheSizeInBytes,1788940437070000000,1788940497070000000,400564224
MappedFileStorage.totalTimeSpentOnMappingUs,1788940437070000000,1788940497070000000,179239
StreamlinedBlobStorage.recordsDeleted,1788940437070000000,1788940497070000000,0
FilePageCache.WAL.entriesFlushedOnTruncate,1788940437070000000,1788940497070000000,0
DirectByteBufferAllocator.totalSizeOfBuffersAllocatedInBytes,1788940437070000000,1788940497070000000,400564224
FilePageCache.pageLoadsAboveSizeThreshold,1788940437070000000,1788940497070000000,0
FilePageCache.maxRegisteredFiles,1788940437070000000,1788940497070000000,1072
cacheStateStorage.set.counter,1788940437070000000,1788940497070000000,0
cacheStateStorage.get.counter,1788940437070000000,1788940497070000000,0
cacheStateStorage.get.duration,1788940437070000000,1788940497070000000,0
cacheStateStorage.set.duration,1788940437070000000,1788940497070000000,0
jps.global.initialize.library.bridges.ms,1788940437070000000,1788940497070000000,0
workspaceModel.mutableEntityStorage.changeLog.addReplaceEventForRemovedChild.ms,1788940437070000000,1788940497070000000,0
jps.app.storage.content.reader.load.component.ms,1788940437070000000,1788940497070000000,0
workspaceModel.mutableEntityStorage.put.entity.ms,1788940437070000000,1788940497070000000,0
workspaceModel.global.apply.state.to.project.builder.ms,1788940437070000000,1788940497070000000,0
workspaceModel.mutableEntityStorage.remove.entity.ms,1788940437070000000,1788940497070000000,0
workspaceModel.mutableEntityStorage.entities.by.source.ms,1788940437070000000,1788940497070000000,0
workspaceModel.mutableEntityStorage.collect.changes.ms,1788940437070000000,1788940497070000000,0
workspaceModel.mutableEntityStorage.instances.count,1788940437070000000,1788940497070000000,0
workspaceModel.mutableEntityStorage.changeLog.addReplaceEventForNewChild.ms,1788940437070000000,1788940497070000000,0
workspaceModel.global.updates.ms,1788940437070000000,1788940497070000000,0
jps.load.initial.state.ms,1788940437070000000,1788940497070000000,0
workspaceModel.mutableEntityStorage.add.entity.ms,1788940437070000000,1788940497070000000,0
workspaceModel.mutableEntityStorage.mutable.vfurl.index.ms,1788940437070000000,1788940497070000000,0
workspaceModel.load.cache.metadata.from.file.ms,1788940437070000000,1788940497070000000,0
workspaceModel.mutableEntityStorage.has.same.entities.ms,1788940437070000000,1788940497070000000,0
workspaceModel.mutableEntityStorage.mutable.ext.mapping.ms,1788940437070000000,1788940497070000000,0
jps.global.get.library.ms,1788940437070000000,1788940497070000000,0
workspaceModel.mutableEntityStorage.entities.ms,1788940437070000000,1788940497070000000,0
workspaceModel.mutableEntityStorage.to.snapshot.ms,1788940437070000000,1788940497070000000,0
workspaceModel.mutableEntityStorage.referrers.ms,1788940437070000000,1788940497070000000,0
jps.global.get.libraries.ms,1788940437070000000,1788940497070000000,0
jps.global.handle.before.change.events.ms,1788940437070000000,1788940497070000000,0
jps.global.handle.changed.events.ms,1788940437070000000,1788940497070000000,0
workspaceModel.save.cache.to.file.ms,1788940437070000000,1788940497070000000,0
jps.global.initialize.library.bridges.after.loading.ms,1788940437070000000,1788940497070000000,0
jps.library.entities.serializer.save.entities.ms,1788940437070000000,1788940497070000000,0
workspaceModel.mutableEntityStorage.modify.entity.ms,1788940437070000000,1788940497070000000,0
workspaceModel.mutableEntityStorage.changeLog.addReplaceEventForNewParent.ms,1788940437070000000,1788940497070000000,0
workspaceModel.load.cache.from.file.ms,1788940437070000000,1788940497070000000,0
jps.save.global.entities.ms,1788940437070000000,1788940497070000000,0
workspaceModel.mutableEntityStorage.hasReferrers.ms,1788940437070000000,1788940497070000000,0
jps.library.entities.serializer.load.entities.ms,1788940437070000000,1788940497070000000,0
workspaceModel.mutableEntityStorage.changeLog.addReplaceEventForRemovedParent.ms,1788940437070000000,1788940497070000000,0
workspaceModel.mutableEntityStorage.apply.changes.from.ms,1788940437070000000,1788940497070000000,0
workspaceModel.mutableEntityStorage.replace.by.source.ms,1788940437070000000,1788940497070000000,0
workspaceModel.mutableEntityStorage.resolve.ms,1788940437070000000,1788940497070000000,0
workspaceModel.global.updates.count,1788940437070000000,1788940497070000000,0
workspaceModel.sync.entities.ms,1788940437070000000,1788940497070000000,0
workspaceModel.global.apply.state.to.project.ms,1788940437070000000,1788940497070000000,0
jps.global.get.library.by.name.ms,1788940437070000000,1788940497070000000,0
jps.app.storage.content.writer.save.component.ms,1788940437070000000,1788940497070000000,0
workspaceModel.entityStorageSnapshotImpl.instances.count,1788940437070000000,1788940497070000000,0
writeAction.median.wait.ms,1788940437070000000,1788940497070000000,0
writeAction.wait.ms,1788940437070000000,1788940497070000000,0
writeAction.max.wait.ms,1788940437070000000,1788940497070000000,1
writeAction.count,1788940437070000000,1788940497070000000,0
FlushQueue.waitingTime90PNs,1788940497070000000,1788940557070000000,0
ReadAction.executionsCount,1788940497070000000,1788940557070000000,60
FlushQueue.executionTime90PNs,1788940497070000000,1788940557070000000,0
FlushQueue.queueSize90P,1788940497070000000,1788940557070000000,0
FlushQueue.queueSizeMax,1788940497070000000,1788940557070000000,0
AWTEventQueue.dispatchTime90PNs,1788940497070000000,1788940557070000000,108543
FlushQueue.queueSizeAvg,1788940497070000000,1788940557070000000,0.0
FlushQueue.waitingTimeMaxNs,1788940497070000000,1788940557070000000,0
WriteAction.executionsCount,1788940497070000000,1788940557070000000,0
AWTEventQueue.dispatchTimeMaxNs,1788940497070000000,1788940557070000000,1028095
FlushQueue.tasksExecuted,1788940497070000000,1788940557070000000,0
FlushQueue.executionTimeMaxNs,1788940497070000000,1788940557070000000,0
FlushQueue.executionTimeAvgNs,1788940497070000000,1788940557070000000,0.0
AWTEventQueue.eventsDispatched,1788940497070000000,1788940557070000000,180
FlushQueue.waitingTimeAvgNs,1788940497070000000,1788940557070000000,0.0
AWTEventQueue.dispatchTimeTotalNS,1788940497070000000,1788940557070000000,17383946
AWTEventQueue.dispatchTimeAvgNs,1788940497070000000,1788940557070000000,96585.95555555556
VFS.contentStorage.recordsRead,1788940497070000000,1788940557070000000,0
VFS.cache.filesCreated,1788940497070000000,1788940557070000000,0
VFS.ContentWriter.totalTimeSpentOnAsyncOperationsUs,1788940497070000000,1788940557070000000,0
VFS.ContentWriter.totalTasksExecutedSync,1788940497070000000,1788940557070000000,0
VFS.contentStorage.recordsStoredSize,1788940497070000000,1788940557070000000,0
VFS.invertedFileNameIndex.requests,1788940497070000000,1788940557070000000,0
VFS.folderCaseSensitivityReads,1788940497070000000,1788940557070000000,0
FileNameCache.queries,1788940497070000000,1788940557070000000,0
VFS.contentStorage.recordsReadSize,1788940497070000000,1788940557070000000,0
VFS.contentStorage.recordsStoredCompressed,1788940497070000000,1788940557070000000,0
VFS.contentStorage.recordsReadDecompressed,1788940497070000000,1788940557070000000,0
VFS.fileChildByName,1788940497070000000,1788940557070000000,0
VFS.contentStorage.recordsDecompressionTimeUs,1788940497070000000,1788940557070000000,0
FileNameCache.totalMisses,1788940497070000000,1788940557070000000,0
VFS.contentStorage.recordsDeduplicated,1788940497070000000,1788940557070000000,0
VFS.fileByIdCache.hits,1788940497070000000,1788940557070000000,0
VFS.contentStorage.recordsStored,1788940497070000000,1788940557070000000,0
VFS.contentStorage.recordsUncompressedSize,1788940497070000000,1788940557070000000,0
VFS.fileByIdCache.misses,1788940497070000000,1788940557070000000,0
VFS.cache.segments,1788940497070000000,1788940557070000000,0
VFS.cache.segmentsCreated,1788940497070000000,1788940557070000000,0
VFS.ContentWriter.totalTimeSpentOnSyncOperationsUs,1788940497070000000,1788940557070000000,0
VFS.ContentWriter.totalFlushes,1788940497070000000,1788940557070000000,0
VFS.ContentWriter.totalTasksExecutedAsync,1788940497070000000,1788940557070000000,0
VFS.rootsCount,1788940497070000000,1788940557070000000,0.0
VFS.cache.directoriesCreated,1788940497070000000,1788940557070000000,0
Indexing.writesQueuedMin,1788940497070000000,1788940557070000000,0
Indexing.writer_1.totalTimeSpentWritingMs,1788940497070000000,1788940557070000000,0
Indexing.writer_0.totalTimeSpentWritingMs,1788940497070000000,1788940557070000000,0
Indexing.writesQueuedMax,1788940497070000000,1788940557070000000,0
Indexing.cache.totalCacheMisses,1788940497070000000,1788940557070000000,0
Indexing.cache.totalCacheAccesses,1788940497070000000,1788940557070000000,0
Indexing.writer_2.totalTimeSpentWritingMs,1788940497070000000,1788940557070000000,0
Indexing.cache.totalCacheEvicted,1788940497070000000,1788940557070000000,0
Indexing.totalTimeIndexersSleptMs,1788940497070000000,1788940557070000000,0
Indexing.writesQueuedAvg,1788940497070000000,1788940557070000000,0.0
Indexing.writer_3.totalTimeSpentWritingMs,1788940497070000000,1788940557070000000,0
FilePageCache.WAL.flushesForcedByOverflow,1788940497070000000,1788940557070000000,0
MappedFileStorage.storages,1788940497070000000,1788940557070000000,8
StorageLockContext.competingThreads.90P,1788940497070000000,1788940557070000000,0
FilePageCache.pageFastCacheHits,1788940497070000000,1788940557070000000,180
DirectByteBufferAllocator.reclaimed,1788940497070000000,1788940557070000000,0
FilePageCache.WAL.bytesCopiedByApplyUnfinished,1788940497070000000,1788940557070000000,0
FilePageCache.totalBytesStored,1788940497070000000,1788940557070000000,960
StreamlinedBlobStorage.recordsAllocated,1788940497070000000,1788940557070000000,0
DirectByteBufferAllocator.hits,1788940497070000000,1788940557070000000,0
StorageLockContext.competingThreads.max,1788940497070000000,1788940557070000000,0
DirectByteBufferAllocator.totalSizeOfBuffersCachedInBytes,1788940497070000000,1788940557070000000,41959424
FilePageCache.WAL.entriesFlushed,1788940497070000000,1788940557070000000,0
FilePageCache.totalPageStoresUs,1788940497070000000,1788940557070000000,8233
DirectByteBufferAllocator.misses,1788940497070000000,1788940557070000000,0
FilePageCache.WAL.entriesFlushedOnRead,1788940497070000000,1788940557070000000,0
MappedFileStorage.totalBytesMapped,1788940497070000000,1788940557070000000,232783872
FilePageCache.pageHits,1788940497070000000,1788940557070000000,0
FilePageCache.capacityInBytes,1788940497070000000,1788940557070000000,629145600
MappedFileStorage.totalPagesMapped,1788940497070000000,1788940557070000000,8
StreamlinedBlobStorage.totalLiveRecordsPayloadBytes,1788940497070000000,1788940557070000000,0
FilePageCache.totalPageDisposalsUs,1788940497070000000,1788940557070000000,0
StreamlinedBlobStorage.recordsRelocated,1788940497070000000,1788940557070000000,0
FilePageCache.totalPageLoadsUs,1788940497070000000,1788940557070000000,0
FilePageCache.WAL.entriesFlushedOnForce,1788940497070000000,1788940557070000000,0
FilePageCache.pageLoads,1788940497070000000,1788940557070000000,0
FileChannelInterruptsRetryer.totalRetriedAttempts,1788940497070000000,1788940557070000000,0
StreamlinedBlobStorage.totalLiveRecordsCapacityBytes,1788940497070000000,1788940557070000000,0
FilePageCache.WAL.entriesFlushedOnClose,1788940497070000000,1788940557070000000,0
FilePageCache.disposedBuffers,1788940497070000000,1788940557070000000,0
FilePageCache.uncachedFileAccess,1788940497070000000,1788940557070000000,60
FilePageCache.WAL.bytesQueued,1788940497070000000,1788940557070000000,0
StorageLockContext.competingThreads.avg,1788940497070000000,1788940557070000000,0.0
DirectByteBufferAllocator.disposed,1788940497070000000,1788940557070000000,0
FilePageCache.maxCacheSizeInBytes,1788940497070000000,1788940557070000000,400564224
MappedFileStorage.totalTimeSpentOnMappingUs,1788940497070000000,1788940557070000000,179239
StreamlinedBlobStorage.recordsDeleted,1788940497070000000,1788940557070000000,0
FilePageCache.WAL.entriesFlushedOnTruncate,1788940497070000000,1788940557070000000,0
DirectByteBufferAllocator.totalSizeOfBuffersAllocatedInBytes,1788940497070000000,1788940557070000000,400564224
FilePageCache.pageLoadsAboveSizeThreshold,1788940497070000000,1788940557070000000,0
FilePageCache.maxRegisteredFiles,1788940497070000000,1788940557070000000,1072
cacheStateStorage.set.counter,1788940497070000000,1788940557070000000,0
cacheStateStorage.get.counter,1788940497070000000,1788940557070000000,0
cacheStateStorage.get.duration,1788940497070000000,1788940557070000000,0
cacheStateStorage.set.duration,1788940497070000000,1788940557070000000,0
jps.global.initialize.library.bridges.ms,1788940497070000000,1788940557070000000,0
workspaceModel.mutableEntityStorage.changeLog.addReplaceEventForRemovedChild.ms,1788940497070000000,1788940557070000000,0
jps.app.storage.content.reader.load.component.ms,1788940497070000000,1788940557070000000,0
workspaceModel.mutableEntityStorage.put.entity.ms,1788940497070000000,1788940557070000000,0
workspaceModel.global.apply.state.to.project.builder.ms,1788940497070000000,1788940557070000000,0
workspaceModel.mutableEntityStorage.remove.entity.ms,1788940497070000000,1788940557070000000,0
workspaceModel.mutableEntityStorage.entities.by.source.ms,1788940497070000000,1788940557070000000,0
workspaceModel.mutableEntityStorage.collect.changes.ms,1788940497070000000,1788940557070000000,0
workspaceModel.mutableEntityStorage.instances.count,1788940497070000000,1788940557070000000,0
workspaceModel.mutableEntityStorage.changeLog.addReplaceEventForNewChild.ms,1788940497070000000,1788940557070000000,0
workspaceModel.global.updates.ms,1788940497070000000,1788940557070000000,0
jps.load.initial.state.ms,1788940497070000000,1788940557070000000,0
workspaceModel.mutableEntityStorage.add.entity.ms,1788940497070000000,1788940557070000000,0
workspaceModel.mutableEntityStorage.mutable.vfurl.index.ms,1788940497070000000,1788940557070000000,0
workspaceModel.load.cache.metadata.from.file.ms,1788940497070000000,1788940557070000000,0
workspaceModel.mutableEntityStorage.has.same.entities.ms,1788940497070000000,1788940557070000000,0
workspaceModel.mutableEntityStorage.mutable.ext.mapping.ms,1788940497070000000,1788940557070000000,0
jps.global.get.library.ms,1788940497070000000,1788940557070000000,0
workspaceModel.mutableEntityStorage.entities.ms,1788940497070000000,1788940557070000000,0
workspaceModel.mutableEntityStorage.to.snapshot.ms,1788940497070000000,1788940557070000000,0
workspaceModel.mutableEntityStorage.referrers.ms,1788940497070000000,1788940557070000000,0
jps.global.get.libraries.ms,1788940497070000000,1788940557070000000,0
jps.global.handle.before.change.events.ms,1788940497070000000,1788940557070000000,0
jps.global.handle.changed.events.ms,1788940497070000000,1788940557070000000,0
workspaceModel.save.cache.to.file.ms,1788940497070000000,1788940557070000000,0
jps.global.initialize.library.bridges.after.loading.ms,1788940497070000000,1788940557070000000,0
jps.library.entities.serializer.save.entities.ms,1788940497070000000,1788940557070000000,0
workspaceModel.mutableEntityStorage.modify.entity.ms,1788940497070000000,1788940557070000000,0
workspaceModel.mutableEntityStorage.changeLog.addReplaceEventForNewParent.ms,1788940497070000000,1788940557070000000,0
workspaceModel.load.cache.from.file.ms,1788940497070000000,1788940557070000000,0
jps.save.global.entities.ms,1788940497070000000,1788940557070000000,0
workspaceModel.mutableEntityStorage.hasReferrers.ms,1788940497070000000,1788940557070000000,0
jps.library.entities.serializer.load.entities.ms,1788940497070000000,1788940557070000000,0
workspaceModel.mutableEntityStorage.changeLog.addReplaceEventForRemovedParent.ms,1788940497070000000,1788940557070000000,0
workspaceModel.mutableEntityStorage.apply.changes.from.ms,1788940497070000000,1788940557070000000,0
workspaceModel.mutableEntityStorage.replace.by.source.ms,1788940497070000000,1788940557070000000,0
workspaceModel.mutableEntityStorage.resolve.ms,1788940497070000000,1788940557070000000,0
workspaceModel.global.updates.count,1788940497070000000,1788940557070000000,0
workspaceModel.sync.entities.ms,1788940497070000000,1788940557070000000,0
workspaceModel.global.apply.state.to.project.ms,1788940497070000000,1788940557070000000,0
jps.global.get.library.by.name.ms,1788940497070000000,1788940557070000000,0
jps.app.storage.content.writer.save.component.ms,1788940497070000000,1788940557070000000,0
workspaceModel.entityStorageSnapshotImpl.instances.count,1788940497070000000,1788940557070000000,0
writeAction.median.wait.ms,1788940497070000000,1788940557070000000,0
writeAction.wait.ms,1788940497070000000,1788940557070000000,0
writeAction.max.wait.ms,1788940497070000000,1788940557070000000,1
writeAction.count,1788940497070000000,1788940557070000000,0
FlushQueue.waitingTime90PNs,1788940557070000000,1788940617070000000,0
ReadAction.executionsCount,1788940557070000000,1788940617070000000,60
FlushQueue.executionTime90PNs,1788940557070000000,1788940617070000000,0
FlushQueue.queueSize90P,1788940557070000000,1788940617070000000,0
FlushQueue.queueSizeMax,1788940557070000000,1788940617070000000,0
AWTEventQueue.dispatchTime90PNs,1788940557070000000,1788940617070000000,98303
FlushQueue.queueSizeAvg,1788940557070000000,1788940617070000000,0.0
FlushQueue.waitingTimeMaxNs,1788940557070000000,1788940617070000000,0
WriteAction.executionsCount,1788940557070000000,1788940617070000000,0
AWTEventQueue.dispatchTimeMaxNs,1788940557070000000,1788940617070000000,141311
FlushQueue.tasksExecuted,1788940557070000000,1788940617070000000,0
FlushQueue.executionTimeMaxNs,1788940557070000000,1788940617070000000,0
FlushQueue.executionTimeAvgNs,1788940557070000000,1788940617070000000,0.0
AWTEventQueue.eventsDispatched,1788940557070000000,1788940617070000000,179
FlushQueue.waitingTimeAvgNs,1788940557070000000,1788940617070000000,0.0
AWTEventQueue.dispatchTimeTotalNS,1788940557070000000,1788940617070000000,15217689
AWTEventQueue.dispatchTimeAvgNs,1788940557070000000,1788940617070000000,85021.31843575419
VFS.contentStorage.recordsRead,1788940557070000000,1788940617070000000,0
VFS.cache.filesCreated,1788940557070000000,1788940617070000000,0
VFS.ContentWriter.totalTimeSpentOnAsyncOperationsUs,1788940557070000000,1788940617070000000,0
VFS.ContentWriter.totalTasksExecutedSync,1788940557070000000,1788940617070000000,0
VFS.contentStorage.recordsStoredSize,1788940557070000000,1788940617070000000,0
VFS.invertedFileNameIndex.requests,1788940557070000000,1788940617070000000,0
VFS.folderCaseSensitivityReads,1788940557070000000,1788940617070000000,0
FileNameCache.queries,1788940557070000000,1788940617070000000,0
VFS.contentStorage.recordsReadSize,1788940557070000000,1788940617070000000,0
VFS.contentStorage.recordsStoredCompressed,1788940557070000000,1788940617070000000,0
VFS.contentStorage.recordsReadDecompressed,1788940557070000000,1788940617070000000,0
VFS.fileChildByName,1788940557070000000,1788940617070000000,0
VFS.contentStorage.recordsDecompressionTimeUs,1788940557070000000,1788940617070000000,0
FileNameCache.totalMisses,1788940557070000000,1788940617070000000,0
VFS.contentStorage.recordsDeduplicated,1788940557070000000,1788940617070000000,0
VFS.fileByIdCache.hits,1788940557070000000,1788940617070000000,0
VFS.contentStorage.recordsStored,1788940557070000000,1788940617070000000,0
VFS.contentStorage.recordsUncompressedSize,1788940557070000000,1788940617070000000,0
VFS.fileByIdCache.misses,1788940557070000000,1788940617070000000,0
VFS.cache.segments,1788940557070000000,1788940617070000000,0
VFS.cache.segmentsCreated,1788940557070000000,1788940617070000000,0
VFS.ContentWriter.totalTimeSpentOnSyncOperationsUs,1788940557070000000,1788940617070000000,0
VFS.ContentWriter.totalFlushes,1788940557070000000,1788940617070000000,0
VFS.ContentWriter.totalTasksExecutedAsync,1788940557070000000,1788940617070000000,0
VFS.rootsCount,1788940557070000000,1788940617070000000,0.0
VFS.cache.directoriesCreated,1788940557070000000,1788940617070000000,0
Indexing.writesQueuedMin,1788940557070000000,1788940617070000000,0
Indexing.writer_1.totalTimeSpentWritingMs,1788940557070000000,1788940617070000000,0
Indexing.writer_0.totalTimeSpentWritingMs,1788940557070000000,1788940617070000000,0
Indexing.writesQueuedMax,1788940557070000000,1788940617070000000,0
Indexing.cache.totalCacheMisses,1788940557070000000,1788940617070000000,0
Indexing.cache.totalCacheAccesses,1788940557070000000,1788940617070000000,0
Indexing.writer_2.totalTimeSpentWritingMs,1788940557070000000,1788940617070000000,0
Indexing.cache.totalCacheEvicted,1788940557070000000,1788940617070000000,0
Indexing.totalTimeIndexersSleptMs,1788940557070000000,1788940617070000000,0
Indexing.writesQueuedAvg,1788940557070000000,1788940617070000000,0.0
Indexing.writer_3.totalTimeSpentWritingMs,1788940557070000000,1788940617070000000,0
FilePageCache.WAL.flushesForcedByOverflow,1788940557070000000,1788940617070000000,0
MappedFileStorage.storages,1788940557070000000,1788940617070000000,8
StorageLockContext.competingThreads.90P,1788940557070000000,1788940617070000000,0
FilePageCache.pageFastCacheHits,1788940557070000000,1788940617070000000,180
DirectByteBufferAllocator.reclaimed,1788940557070000000,1788940617070000000,0
FilePageCache.WAL.bytesCopiedByApplyUnfinished,1788940557070000000,1788940617070000000,0
FilePageCache.totalBytesStored,1788940557070000000,1788940617070000000,960
StreamlinedBlobStorage.recordsAllocated,1788940557070000000,1788940617070000000,0
DirectByteBufferAllocator.hits,1788940557070000000,1788940617070000000,0
StorageLockContext.competingThreads.max,1788940557070000000,1788940617070000000,0
DirectByteBufferAllocator.totalSizeOfBuffersCachedInBytes,1788940557070000000,1788940617070000000,41959424
FilePageCache.WAL.entriesFlushed,1788940557070000000,1788940617070000000,0
FilePageCache.totalPageStoresUs,1788940557070000000,1788940617070000000,7898
DirectByteBufferAllocator.misses,1788940557070000000,1788940617070000000,0
FilePageCache.WAL.entriesFlushedOnRead,1788940557070000000,1788940617070000000,0
MappedFileStorage.totalBytesMapped,1788940557070000000,1788940617070000000,232783872
FilePageCache.pageHits,1788940557070000000,1788940617070000000,0
FilePageCache.capacityInBytes,1788940557070000000,1788940617070000000,629145600
MappedFileStorage.totalPagesMapped,1788940557070000000,1788940617070000000,8
StreamlinedBlobStorage.totalLiveRecordsPayloadBytes,1788940557070000000,1788940617070000000,0
FilePageCache.totalPageDisposalsUs,1788940557070000000,1788940617070000000,0
StreamlinedBlobStorage.recordsRelocated,1788940557070000000,1788940617070000000,0
FilePageCache.totalPageLoadsUs,1788940557070000000,1788940617070000000,0
FilePageCache.WAL.entriesFlushedOnForce,1788940557070000000,1788940617070000000,0
FilePageCache.pageLoads,1788940557070000000,1788940617070000000,0
FileChannelInterruptsRetryer.totalRetriedAttempts,1788940557070000000,1788940617070000000,0
StreamlinedBlobStorage.totalLiveRecordsCapacityBytes,1788940557070000000,1788940617070000000,0
FilePageCache.WAL.entriesFlushedOnClose,1788940557070000000,1788940617070000000,0
FilePageCache.disposedBuffers,1788940557070000000,1788940617070000000,0
FilePageCache.uncachedFileAccess,1788940557070000000,1788940617070000000,60
FilePageCache.WAL.bytesQueued,1788940557070000000,1788940617070000000,0
StorageLockContext.competingThreads.avg,1788940557070000000,1788940617070000000,0.0
DirectByteBufferAllocator.disposed,1788940557070000000,1788940617070000000,0
FilePageCache.maxCacheSizeInBytes,1788940557070000000,1788940617070000000,400564224
MappedFileStorage.totalTimeSpentOnMappingUs,1788940557070000000,1788940617070000000,179239
StreamlinedBlobStorage.recordsDeleted,1788940557070000000,1788940617070000000,0
FilePageCache.WAL.entriesFlushedOnTruncate,1788940557070000000,1788940617070000000,0
DirectByteBufferAllocator.totalSizeOfBuffersAllocatedInBytes,1788940557070000000,1788940617070000000,400564224
FilePageCache.pageLoadsAboveSizeThreshold,1788940557070000000,1788940617070000000,0
FilePageCache.maxRegisteredFiles,1788940557070000000,1788940617070000000,1072
cacheStateStorage.set.counter,1788940557070000000,1788940617070000000,0
cacheStateStorage.get.counter,1788940557070000000,1788940617070000000,0
cacheStateStorage.get.duration,1788940557070000000,1788940617070000000,0
cacheStateStorage.set.duration,1788940557070000000,1788940617070000000,0
jps.global.initialize.library.bridges.ms,1788940557070000000,1788940617070000000,0
workspaceModel.mutableEntityStorage.changeLog.addReplaceEventForRemovedChild.ms,1788940557070000000,1788940617070000000,0
jps.app.storage.content.reader.load.component.ms,1788940557070000000,1788940617070000000,0
workspaceModel.mutableEntityStorage.put.entity.ms,1788940557070000000,1788940617070000000,0
workspaceModel.global.apply.state.to.project.builder.ms,1788940557070000000,1788940617070000000,0
workspaceModel.mutableEntityStorage.remove.entity.ms,1788940557070000000,1788940617070000000,0
workspaceModel.mutableEntityStorage.entities.by.source.ms,1788940557070000000,1788940617070000000,0
workspaceModel.mutableEntityStorage.collect.changes.ms,1788940557070000000,1788940617070000000,0
workspaceModel.mutableEntityStorage.instances.count,1788940557070000000,1788940617070000000,0
workspaceModel.mutableEntityStorage.changeLog.addReplaceEventForNewChild.ms,1788940557070000000,1788940617070000000,0
workspaceModel.global.updates.ms,1788940557070000000,1788940617070000000,0
jps.load.initial.state.ms,1788940557070000000,1788940617070000000,0
workspaceModel.mutableEntityStorage.add.entity.ms,1788940557070000000,1788940617070000000,0
workspaceModel.mutableEntityStorage.mutable.vfurl.index.ms,1788940557070000000,1788940617070000000,0
workspaceModel.load.cache.metadata.from.file.ms,1788940557070000000,1788940617070000000,0
workspaceModel.mutableEntityStorage.has.same.entities.ms,1788940557070000000,1788940617070000000,0
workspaceModel.mutableEntityStorage.mutable.ext.mapping.ms,1788940557070000000,1788940617070000000,0
jps.global.get.library.ms,1788940557070000000,1788940617070000000,0
workspaceModel.mutableEntityStorage.entities.ms,1788940557070000000,1788940617070000000,0
workspaceModel.mutableEntityStorage.to.snapshot.ms,1788940557070000000,1788940617070000000,0
workspaceModel.mutableEntityStorage.referrers.ms,1788940557070000000,1788940617070000000,0
jps.global.get.libraries.ms,1788940557070000000,1788940617070000000,0
jps.global.handle.before.change.events.ms,1788940557070000000,1788940617070000000,0
jps.global.handle.changed.events.ms,1788940557070000000,1788940617070000000,0
workspaceModel.save.cache.to.file.ms,1788940557070000000,1788940617070000000,0
jps.global.initialize.library.bridges.after.loading.ms,1788940557070000000,1788940617070000000,0
jps.library.entities.serializer.save.entities.ms,1788940557070000000,1788940617070000000,0
workspaceModel.mutableEntityStorage.modify.entity.ms,1788940557070000000,1788940617070000000,0
workspaceModel.mutableEntityStorage.changeLog.addReplaceEventForNewParent.ms,1788940557070000000,1788940617070000000,0
workspaceModel.load.cache.from.file.ms,1788940557070000000,1788940617070000000,0
jps.save.global.entities.ms,1788940557070000000,1788940617070000000,0
workspaceModel.mutableEntityStorage.hasReferrers.ms,1788940557070000000,1788940617070000000,0
jps.library.entities.serializer.load.entities.ms,1788940557070000000,1788940617070000000,0
workspaceModel.mutableEntityStorage.changeLog.addReplaceEventForRemovedParent.ms,1788940557070000000,1788940617070000000,0
workspaceModel.mutableEntityStorage.apply.changes.from.ms,1788940557070000000,1788940617070000000,0
workspaceModel.mutableEntityStorage.replace.by.source.ms,1788940557070000000,1788940617070000000,0
workspaceModel.mutableEntityStorage.resolve.ms,1788940557070000000,1788940617070000000,0
workspaceModel.global.updates.count,1788940557070000000,1788940617070000000,0
workspaceModel.sync.entities.ms,1788940557070000000,1788940617070000000,0
workspaceModel.global.apply.state.to.project.ms,1788940557070000000,1788940617070000000,0
jps.global.get.library.by.name.ms,1788940557070000000,1788940617070000000,0
jps.app.storage.content.writer.save.component.ms,1788940557070000000,1788940617070000000,0
workspaceModel.entityStorageSnapshotImpl.instances.count,1788940557070000000,1788940617070000000,0
writeAction.median.wait.ms,1788940557070000000,1788940617070000000,0
writeAction.wait.ms,1788940557070000000,1788940617070000000,0
writeAction.max.wait.ms,1788940557070000000,1788940617070000000,1
writeAction.count,1788940557070000000,1788940617070000000,0
FlushQueue.waitingTime90PNs,1788940617070000000,1788940677070000000,0
ReadAction.executionsCount,1788940617070000000,1788940677070000000,60
FlushQueue.executionTime90PNs,1788940617070000000,1788940677070000000,0
FlushQueue.queueSize90P,1788940617070000000,1788940677070000000,0
FlushQueue.queueSizeMax,1788940617070000000,1788940677070000000,0
AWTEventQueue.dispatchTime90PNs,1788940617070000000,1788940677070000000,100863
FlushQueue.queueSizeAvg,1788940617070000000,1788940677070000000,0.0
FlushQueue.waitingTimeMaxNs,1788940617070000000,1788940677070000000,0
WriteAction.executionsCount,1788940617070000000,1788940677070000000,0
AWTEventQueue.dispatchTimeMaxNs,1788940617070000000,1788940677070000000,292863
FlushQueue.tasksExecuted,1788940617070000000,1788940677070000000,0
FlushQueue.executionTimeMaxNs,1788940617070000000,1788940677070000000,0
FlushQueue.executionTimeAvgNs,1788940617070000000,1788940677070000000,0.0
AWTEventQueue.eventsDispatched,1788940617070000000,1788940677070000000,180
FlushQueue.waitingTimeAvgNs,1788940617070000000,1788940677070000000,0.0
AWTEventQueue.dispatchTimeTotalNS,1788940617070000000,1788940677070000000,15926938
AWTEventQueue.dispatchTimeAvgNs,1788940617070000000,1788940677070000000,88487.82222222222
VFS.contentStorage.recordsRead,1788940617070000000,1788940677070000000,0
VFS.cache.filesCreated,1788940617070000000,1788940677070000000,0
VFS.ContentWriter.totalTimeSpentOnAsyncOperationsUs,1788940617070000000,1788940677070000000,0
VFS.ContentWriter.totalTasksExecutedSync,1788940617070000000,1788940677070000000,0
VFS.contentStorage.recordsStoredSize,1788940617070000000,1788940677070000000,0
VFS.invertedFileNameIndex.requests,1788940617070000000,1788940677070000000,0
VFS.folderCaseSensitivityReads,1788940617070000000,1788940677070000000,0
FileNameCache.queries,1788940617070000000,1788940677070000000,0
VFS.contentStorage.recordsReadSize,1788940617070000000,1788940677070000000,0
VFS.contentStorage.recordsStoredCompressed,1788940617070000000,1788940677070000000,0
VFS.contentStorage.recordsReadDecompressed,1788940617070000000,1788940677070000000,0
VFS.fileChildByName,1788940617070000000,1788940677070000000,0
VFS.contentStorage.recordsDecompressionTimeUs,1788940617070000000,1788940677070000000,0
FileNameCache.totalMisses,1788940617070000000,1788940677070000000,0
VFS.contentStorage.recordsDeduplicated,1788940617070000000,1788940677070000000,0
VFS.fileByIdCache.hits,1788940617070000000,1788940677070000000,0
VFS.contentStorage.recordsStored,1788940617070000000,1788940677070000000,0
VFS.contentStorage.recordsUncompressedSize,1788940617070000000,1788940677070000000,0
VFS.fileByIdCache.misses,1788940617070000000,1788940677070000000,0
VFS.cache.segments,1788940617070000000,1788940677070000000,0
VFS.cache.segmentsCreated,1788940617070000000,1788940677070000000,0
VFS.ContentWriter.totalTimeSpentOnSyncOperationsUs,1788940617070000000,1788940677070000000,0
VFS.ContentWriter.totalFlushes,1788940617070000000,1788940677070000000,0
VFS.ContentWriter.totalTasksExecutedAsync,1788940617070000000,1788940677070000000,0
VFS.rootsCount,1788940617070000000,1788940677070000000,0.0
VFS.cache.directoriesCreated,1788940617070000000,1788940677070000000,0
Indexing.writesQueuedMin,1788940617070000000,1788940677070000000,0
Indexing.writer_1.totalTimeSpentWritingMs,1788940617070000000,1788940677070000000,0
Indexing.writer_0.totalTimeSpentWritingMs,1788940617070000000,1788940677070000000,0
Indexing.writesQueuedMax,1788940617070000000,1788940677070000000,0
Indexing.cache.totalCacheMisses,1788940617070000000,1788940677070000000,0
Indexing.cache.totalCacheAccesses,1788940617070000000,1788940677070000000,0
Indexing.writer_2.totalTimeSpentWritingMs,1788940617070000000,1788940677070000000,0
Indexing.cache.totalCacheEvicted,1788940617070000000,1788940677070000000,0
Indexing.totalTimeIndexersSleptMs,1788940617070000000,1788940677070000000,0
Indexing.writesQueuedAvg,1788940617070000000,1788940677070000000,0.0
Indexing.writer_3.totalTimeSpentWritingMs,1788940617070000000,1788940677070000000,0
FilePageCache.WAL.flushesForcedByOverflow,1788940617070000000,1788940677070000000,0
MappedFileStorage.storages,1788940617070000000,1788940677070000000,8
StorageLockContext.competingThreads.90P,1788940617070000000,1788940677070000000,0
FilePageCache.pageFastCacheHits,1788940617070000000,1788940677070000000,180
DirectByteBufferAllocator.reclaimed,1788940617070000000,1788940677070000000,0
FilePageCache.WAL.bytesCopiedByApplyUnfinished,1788940617070000000,1788940677070000000,0
FilePageCache.totalBytesStored,1788940617070000000,1788940677070000000,960
StreamlinedBlobStorage.recordsAllocated,1788940617070000000,1788940677070000000,0
DirectByteBufferAllocator.hits,1788940617070000000,1788940677070000000,0
StorageLockContext.competingThreads.max,1788940617070000000,1788940677070000000,0
DirectByteBufferAllocator.totalSizeOfBuffersCachedInBytes,1788940617070000000,1788940677070000000,41959424
FilePageCache.WAL.entriesFlushed,1788940617070000000,1788940677070000000,0
FilePageCache.totalPageStoresUs,1788940617070000000,1788940677070000000,8473
DirectByteBufferAllocator.misses,1788940617070000000,1788940677070000000,0
FilePageCache.WAL.entriesFlushedOnRead,1788940617070000000,1788940677070000000,0
MappedFileStorage.totalBytesMapped,1788940617070000000,1788940677070000000,232783872
FilePageCache.pageHits,1788940617070000000,1788940677070000000,0
FilePageCache.capacityInBytes,1788940617070000000,1788940677070000000,629145600
MappedFileStorage.totalPagesMapped,1788940617070000000,1788940677070000000,8
StreamlinedBlobStorage.totalLiveRecordsPayloadBytes,1788940617070000000,1788940677070000000,0
FilePageCache.totalPageDisposalsUs,1788940617070000000,1788940677070000000,0
StreamlinedBlobStorage.recordsRelocated,1788940617070000000,1788940677070000000,0
FilePageCache.totalPageLoadsUs,1788940617070000000,1788940677070000000,0
FilePageCache.WAL.entriesFlushedOnForce,1788940617070000000,1788940677070000000,0
FilePageCache.pageLoads,1788940617070000000,1788940677070000000,0
FileChannelInterruptsRetryer.totalRetriedAttempts,1788940617070000000,1788940677070000000,0
StreamlinedBlobStorage.totalLiveRecordsCapacityBytes,1788940617070000000,1788940677070000000,0
FilePageCache.WAL.entriesFlushedOnClose,1788940617070000000,1788940677070000000,0
FilePageCache.disposedBuffers,1788940617070000000,1788940677070000000,0
FilePageCache.uncachedFileAccess,1788940617070000000,1788940677070000000,60
FilePageCache.WAL.bytesQueued,1788940617070000000,1788940677070000000,0
StorageLockContext.competingThreads.avg,1788940617070000000,1788940677070000000,0.0
DirectByteBufferAllocator.disposed,1788940617070000000,1788940677070000000,0
FilePageCache.maxCacheSizeInBytes,1788940617070000000,1788940677070000000,400564224
MappedFileStorage.totalTimeSpentOnMappingUs,1788940617070000000,1788940677070000000,179239
StreamlinedBlobStorage.recordsDeleted,1788940617070000000,1788940677070000000,0
FilePageCache.WAL.entriesFlushedOnTruncate,1788940617070000000,1788940677070000000,0
DirectByteBufferAllocator.totalSizeOfBuffersAllocatedInBytes,1788940617070000000,1788940677070000000,400564224
FilePageCache.pageLoadsAboveSizeThreshold,1788940617070000000,1788940677070000000,0
FilePageCache.maxRegisteredFiles,1788940617070000000,1788940677070000000,1072
cacheStateStorage.set.counter,1788940617070000000,1788940677070000000,0
cacheStateStorage.get.counter,1788940617070000000,1788940677070000000,0
cacheStateStorage.get.duration,1788940617070000000,1788940677070000000,0
cacheStateStorage.set.duration,1788940617070000000,1788940677070000000,0
jps.global.initialize.library.bridges.ms,1788940617070000000,1788940677070000000,0
workspaceModel.mutableEntityStorage.changeLog.addReplaceEventForRemovedChild.ms,1788940617070000000,1788940677070000000,0
jps.app.storage.content.reader.load.component.ms,1788940617070000000,1788940677070000000,0
workspaceModel.mutableEntityStorage.put.entity.ms,1788940617070000000,1788940677070000000,0
workspaceModel.global.apply.state.to.project.builder.ms,1788940617070000000,1788940677070000000,0
workspaceModel.mutableEntityStorage.remove.entity.ms,1788940617070000000,1788940677070000000,0
workspaceModel.mutableEntityStorage.entities.by.source.ms,1788940617070000000,1788940677070000000,0
workspaceModel.mutableEntityStorage.collect.changes.ms,1788940617070000000,1788940677070000000,0
workspaceModel.mutableEntityStorage.instances.count,1788940617070000000,1788940677070000000,0
workspaceModel.mutableEntityStorage.changeLog.addReplaceEventForNewChild.ms,1788940617070000000,1788940677070000000,0
workspaceModel.global.updates.ms,1788940617070000000,1788940677070000000,0
jps.load.initial.state.ms,1788940617070000000,1788940677070000000,0
workspaceModel.mutableEntityStorage.add.entity.ms,1788940617070000000,1788940677070000000,0
workspaceModel.mutableEntityStorage.mutable.vfurl.index.ms,1788940617070000000,1788940677070000000,0
workspaceModel.load.cache.metadata.from.file.ms,1788940617070000000,1788940677070000000,0
workspaceModel.mutableEntityStorage.has.same.entities.ms,1788940617070000000,1788940677070000000,0
workspaceModel.mutableEntityStorage.mutable.ext.mapping.ms,1788940617070000000,1788940677070000000,0
jps.global.get.library.ms,1788940617070000000,1788940677070000000,0
workspaceModel.mutableEntityStorage.entities.ms,1788940617070000000,1788940677070000000,0
workspaceModel.mutableEntityStorage.to.snapshot.ms,1788940617070000000,1788940677070000000,0
workspaceModel.mutableEntityStorage.referrers.ms,1788940617070000000,1788940677070000000,0
jps.global.get.libraries.ms,1788940617070000000,1788940677070000000,0
jps.global.handle.before.change.events.ms,1788940617070000000,1788940677070000000,0
jps.global.handle.changed.events.ms,1788940617070000000,1788940677070000000,0
workspaceModel.save.cache.to.file.ms,1788940617070000000,1788940677070000000,0
jps.global.initialize.library.bridges.after.loading.ms,1788940617070000000,1788940677070000000,0
jps.library.entities.serializer.save.entities.ms,1788940617070000000,1788940677070000000,0
workspaceModel.mutableEntityStorage.modify.entity.ms,1788940617070000000,1788940677070000000,0
workspaceModel.mutableEntityStorage.changeLog.addReplaceEventForNewParent.ms,1788940617070000000,1788940677070000000,0
workspaceModel.load.cache.from.file.ms,1788940617070000000,1788940677070000000,0
jps.save.global.entities.ms,1788940617070000000,1788940677070000000,0
workspaceModel.mutableEntityStorage.hasReferrers.ms,1788940617070000000,1788940677070000000,0
jps.library.entities.serializer.load.entities.ms,1788940617070000000,1788940677070000000,0
workspaceModel.mutableEntityStorage.changeLog.addReplaceEventForRemovedParent.ms,1788940617070000000,1788940677070000000,0
workspaceModel.mutableEntityStorage.apply.changes.from.ms,1788940617070000000,1788940677070000000,0
workspaceModel.mutableEntityStorage.replace.by.source.ms,1788940617070000000,1788940677070000000,0
workspaceModel.mutableEntityStorage.resolve.ms,1788940617070000000,1788940677070000000,0
workspaceModel.global.updates.count,1788940617070000000,1788940677070000000,0
workspaceModel.sync.entities.ms,1788940617070000000,1788940677070000000,0
workspaceModel.global.apply.state.to.project.ms,1788940617070000000,1788940677070000000,0
jps.global.get.library.by.name.ms,1788940617070000000,1788940677070000000,0
jps.app.storage.content.writer.save.component.ms,1788940617070000000,1788940677070000000,0
workspaceModel.entityStorageSnapshotImpl.instances.count,1788940617070000000,1788940677070000000,0
writeAction.median.wait.ms,1788940617070000000,1788940677070000000,0
writeAction.wait.ms,1788940617070000000,1788940677070000000,0
writeAction.max.wait.ms,1788940617070000000,1788940677070000000,1
writeAction.count,1788940617070000000,1788940677070000000,0
FlushQueue.waitingTime90PNs,1788940677070000000,1788940737070000000,0
ReadAction.executionsCount,1788940677070000000,1788940737070000000,60
FlushQueue.executionTime90PNs,1788940677070000000,1788940737070000000,0
FlushQueue.queueSize90P,1788940677070000000,1788940737070000000,0
FlushQueue.queueSizeMax,1788940677070000000,1788940737070000000,0
AWTEventQueue.dispatchTime90PNs,1788940677070000000,1788940737070000000,102911
FlushQueue.queueSizeAvg,1788940677070000000,1788940737070000000,0.0
FlushQueue.waitingTimeMaxNs,1788940677070000000,1788940737070000000,0
WriteAction.executionsCount,1788940677070000000,1788940737070000000,0
AWTEventQueue.dispatchTimeMaxNs,1788940677070000000,1788940737070000000,333823
FlushQueue.tasksExecuted,1788940677070000000,1788940737070000000,0
FlushQueue.executionTimeMaxNs,1788940677070000000,1788940737070000000,0
FlushQueue.executionTimeAvgNs,1788940677070000000,1788940737070000000,0.0
AWTEventQueue.eventsDispatched,1788940677070000000,1788940737070000000,180
FlushQueue.waitingTimeAvgNs,1788940677070000000,1788940737070000000,0.0
AWTEventQueue.dispatchTimeTotalNS,1788940677070000000,1788940737070000000,15444945
AWTEventQueue.dispatchTimeAvgNs,1788940677070000000,1788940737070000000,85794.13333333333
VFS.contentStorage.recordsRead,1788940677070000000,1788940737070000000,0
VFS.cache.filesCreated,1788940677070000000,1788940737070000000,0
VFS.ContentWriter.totalTimeSpentOnAsyncOperationsUs,1788940677070000000,1788940737070000000,0
VFS.ContentWriter.totalTasksExecutedSync,1788940677070000000,1788940737070000000,0
VFS.contentStorage.recordsStoredSize,1788940677070000000,1788940737070000000,0
VFS.invertedFileNameIndex.requests,1788940677070000000,1788940737070000000,0
VFS.folderCaseSensitivityReads,1788940677070000000,1788940737070000000,0
FileNameCache.queries,1788940677070000000,1788940737070000000,0
VFS.contentStorage.recordsReadSize,1788940677070000000,1788940737070000000,0
VFS.contentStorage.recordsStoredCompressed,1788940677070000000,1788940737070000000,0
VFS.contentStorage.recordsReadDecompressed,1788940677070000000,1788940737070000000,0
VFS.fileChildByName,1788940677070000000,1788940737070000000,0
VFS.contentStorage.recordsDecompressionTimeUs,1788940677070000000,1788940737070000000,0
FileNameCache.totalMisses,1788940677070000000,1788940737070000000,0
VFS.contentStorage.recordsDeduplicated,1788940677070000000,1788940737070000000,0
VFS.fileByIdCache.hits,1788940677070000000,1788940737070000000,0
VFS.contentStorage.recordsStored,1788940677070000000,1788940737070000000,0
VFS.contentStorage.recordsUncompressedSize,1788940677070000000,1788940737070000000,0
VFS.fileByIdCache.misses,1788940677070000000,1788940737070000000,0
VFS.cache.segments,1788940677070000000,1788940737070000000,0
VFS.cache.segmentsCreated,1788940677070000000,1788940737070000000,0
VFS.ContentWriter.totalTimeSpentOnSyncOperationsUs,1788940677070000000,1788940737070000000,0
VFS.ContentWriter.totalFlushes,1788940677070000000,1788940737070000000,0
VFS.ContentWriter.totalTasksExecutedAsync,1788940677070000000,1788940737070000000,0
VFS.rootsCount,1788940677070000000,1788940737070000000,0.0
VFS.cache.directoriesCreated,1788940677070000000,1788940737070000000,0
Indexing.writesQueuedMin,1788940677070000000,1788940737070000000,0
Indexing.writer_1.totalTimeSpentWritingMs,1788940677070000000,1788940737070000000,0
Indexing.writer_0.totalTimeSpentWritingMs,1788940677070000000,1788940737070000000,0
Indexing.writesQueuedMax,1788940677070000000,1788940737070000000,0
Indexing.cache.totalCacheMisses,1788940677070000000,1788940737070000000,0
Indexing.cache.totalCacheAccesses,1788940677070000000,1788940737070000000,0
Indexing.writer_2.totalTimeSpentWritingMs,1788940677070000000,1788940737070000000,0
Indexing.cache.totalCacheEvicted,1788940677070000000,1788940737070000000,0
Indexing.totalTimeIndexersSleptMs,1788940677070000000,1788940737070000000,0
Indexing.writesQueuedAvg,1788940677070000000,1788940737070000000,0.0
Indexing.writer_3.totalTimeSpentWritingMs,1788940677070000000,1788940737070000000,0
FilePageCache.WAL.flushesForcedByOverflow,1788940677070000000,1788940737070000000,0
MappedFileStorage.storages,1788940677070000000,1788940737070000000,8
StorageLockContext.competingThreads.90P,1788940677070000000,1788940737070000000,0
FilePageCache.pageFastCacheHits,1788940677070000000,1788940737070000000,180
DirectByteBufferAllocator.reclaimed,1788940677070000000,1788940737070000000,0
FilePageCache.WAL.bytesCopiedByApplyUnfinished,1788940677070000000,1788940737070000000,0
FilePageCache.totalBytesStored,1788940677070000000,1788940737070000000,960
StreamlinedBlobStorage.recordsAllocated,1788940677070000000,1788940737070000000,0
DirectByteBufferAllocator.hits,1788940677070000000,1788940737070000000,0
StorageLockContext.competingThreads.max,1788940677070000000,1788940737070000000,0
DirectByteBufferAllocator.totalSizeOfBuffersCachedInBytes,1788940677070000000,1788940737070000000,41959424
FilePageCache.WAL.entriesFlushed,1788940677070000000,1788940737070000000,0
FilePageCache.totalPageStoresUs,1788940677070000000,1788940737070000000,7776
DirectByteBufferAllocator.misses,1788940677070000000,1788940737070000000,0
FilePageCache.WAL.entriesFlushedOnRead,1788940677070000000,1788940737070000000,0
MappedFileStorage.totalBytesMapped,1788940677070000000,1788940737070000000,232783872
FilePageCache.pageHits,1788940677070000000,1788940737070000000,0
FilePageCache.capacityInBytes,1788940677070000000,1788940737070000000,629145600
MappedFileStorage.totalPagesMapped,1788940677070000000,1788940737070000000,8
StreamlinedBlobStorage.totalLiveRecordsPayloadBytes,1788940677070000000,1788940737070000000,0
FilePageCache.totalPageDisposalsUs,1788940677070000000,1788940737070000000,0
StreamlinedBlobStorage.recordsRelocated,1788940677070000000,1788940737070000000,0
FilePageCache.totalPageLoadsUs,1788940677070000000,1788940737070000000,0
FilePageCache.WAL.entriesFlushedOnForce,1788940677070000000,1788940737070000000,0
FilePageCache.pageLoads,1788940677070000000,1788940737070000000,0
FileChannelInterruptsRetryer.totalRetriedAttempts,1788940677070000000,1788940737070000000,0
StreamlinedBlobStorage.totalLiveRecordsCapacityBytes,1788940677070000000,1788940737070000000,0
FilePageCache.WAL.entriesFlushedOnClose,1788940677070000000,1788940737070000000,0
FilePageCache.disposedBuffers,1788940677070000000,1788940737070000000,0
FilePageCache.uncachedFileAccess,1788940677070000000,1788940737070000000,60
FilePageCache.WAL.bytesQueued,1788940677070000000,1788940737070000000,0
StorageLockContext.competingThreads.avg,1788940677070000000,1788940737070000000,0.0
DirectByteBufferAllocator.disposed,1788940677070000000,1788940737070000000,0
FilePageCache.maxCacheSizeInBytes,1788940677070000000,1788940737070000000,400564224
MappedFileStorage.totalTimeSpentOnMappingUs,1788940677070000000,1788940737070000000,179239
StreamlinedBlobStorage.recordsDeleted,1788940677070000000,1788940737070000000,0
FilePageCache.WAL.entriesFlushedOnTruncate,1788940677070000000,1788940737070000000,0
DirectByteBufferAllocator.totalSizeOfBuffersAllocatedInBytes,1788940677070000000,1788940737070000000,400564224
FilePageCache.pageLoadsAboveSizeThreshold,1788940677070000000,1788940737070000000,0
FilePageCache.maxRegisteredFiles,1788940677070000000,1788940737070000000,1072
cacheStateStorage.set.counter,1788940677070000000,1788940737070000000,0
cacheStateStorage.get.counter,1788940677070000000,1788940737070000000,0
cacheStateStorage.get.duration,1788940677070000000,1788940737070000000,0
cacheStateStorage.set.duration,1788940677070000000,1788940737070000000,0
jps.global.initialize.library.bridges.ms,1788940677070000000,1788940737070000000,0
workspaceModel.mutableEntityStorage.changeLog.addReplaceEventForRemovedChild.ms,1788940677070000000,1788940737070000000,0
jps.app.storage.content.reader.load.component.ms,1788940677070000000,1788940737070000000,0
workspaceModel.mutableEntityStorage.put.entity.ms,1788940677070000000,1788940737070000000,0
workspaceModel.global.apply.state.to.project.builder.ms,1788940677070000000,1788940737070000000,0
workspaceModel.mutableEntityStorage.remove.entity.ms,1788940677070000000,1788940737070000000,0
workspaceModel.mutableEntityStorage.entities.by.source.ms,1788940677070000000,1788940737070000000,0
workspaceModel.mutableEntityStorage.collect.changes.ms,1788940677070000000,1788940737070000000,0
workspaceModel.mutableEntityStorage.instances.count,1788940677070000000,1788940737070000000,0
workspaceModel.mutableEntityStorage.changeLog.addReplaceEventForNewChild.ms,1788940677070000000,1788940737070000000,0
workspaceModel.global.updates.ms,1788940677070000000,1788940737070000000,0
jps.load.initial.state.ms,1788940677070000000,1788940737070000000,0
workspaceModel.mutableEntityStorage.add.entity.ms,1788940677070000000,1788940737070000000,0
workspaceModel.mutableEntityStorage.mutable.vfurl.index.ms,1788940677070000000,1788940737070000000,0
workspaceModel.load.cache.metadata.from.file.ms,1788940677070000000,1788940737070000000,0
workspaceModel.mutableEntityStorage.has.same.entities.ms,1788940677070000000,1788940737070000000,0
workspaceModel.mutableEntityStorage.mutable.ext.mapping.ms,1788940677070000000,1788940737070000000,0
jps.global.get.library.ms,1788940677070000000,1788940737070000000,0
workspaceModel.mutableEntityStorage.entities.ms,1788940677070000000,1788940737070000000,0
workspaceModel.mutableEntityStorage.to.snapshot.ms,1788940677070000000,1788940737070000000,0
workspaceModel.mutableEntityStorage.referrers.ms,1788940677070000000,1788940737070000000,0
jps.global.get.libraries.ms,1788940677070000000,1788940737070000000,0
jps.global.handle.before.change.events.ms,1788940677070000000,1788940737070000000,0
jps.global.handle.changed.events.ms,1788940677070000000,1788940737070000000,0
workspaceModel.save.cache.to.file.ms,1788940677070000000,1788940737070000000,0
jps.global.initialize.library.bridges.after.loading.ms,1788940677070000000,1788940737070000000,0
jps.library.entities.serializer.save.entities.ms,1788940677070000000,1788940737070000000,0
workspaceModel.mutableEntityStorage.modify.entity.ms,1788940677070000000,1788940737070000000,0
workspaceModel.mutableEntityStorage.changeLog.addReplaceEventForNewParent.ms,1788940677070000000,1788940737070000000,0
workspaceModel.load.cache.from.file.ms,1788940677070000000,1788940737070000000,0
jps.save.global.entities.ms,1788940677070000000,1788940737070000000,0
workspaceModel.mutableEntityStorage.hasReferrers.ms,1788940677070000000,1788940737070000000,0
jps.library.entities.serializer.load.entities.ms,1788940677070000000,1788940737070000000,0
workspaceModel.mutableEntityStorage.changeLog.addReplaceEventForRemovedParent.ms,1788940677070000000,1788940737070000000,0
workspaceModel.mutableEntityStorage.apply.changes.from.ms,1788940677070000000,1788940737070000000,0
workspaceModel.mutableEntityStorage.replace.by.source.ms,1788940677070000000,1788940737070000000,0
workspaceModel.mutableEntityStorage.resolve.ms,1788940677070000000,1788940737070000000,0
workspaceModel.global.updates.count,1788940677070000000,1788940737070000000,0
workspaceModel.sync.entities.ms,1788940677070000000,1788940737070000000,0
workspaceModel.global.apply.state.to.project.ms,1788940677070000000,1788940737070000000,0
jps.global.get.library.by.name.ms,1788940677070000000,1788940737070000000,0
jps.app.storage.content.writer.save.component.ms,1788940677070000000,1788940737070000000,0
workspaceModel.entityStorageSnapshotImpl.instances.count,1788940677070000000,1788940737070000000,0
writeAction.median.wait.ms,1788940677070000000,1788940737070000000,0
writeAction.wait.ms,1788940677070000000,1788940737070000000,0
writeAction.max.wait.ms,1788940677070000000,1788940737070000000,1
writeAction.count,1788940677070000000,1788940737070000000,0
FlushQueue.waitingTime90PNs,1788940737070000000,1788940797070000000,0
ReadAction.executionsCount,1788940737070000000,1788940797070000000,60
FlushQueue.executionTime90PNs,1788940737070000000,1788940797070000000,0
FlushQueue.queueSize90P,1788940737070000000,1788940797070000000,0
FlushQueue.queueSizeMax,1788940737070000000,1788940797070000000,0
AWTEventQueue.dispatchTime90PNs,1788940737070000000,1788940797070000000,109055
FlushQueue.queueSizeAvg,1788940737070000000,1788940797070000000,0.0
FlushQueue.waitingTimeMaxNs,1788940737070000000,1788940797070000000,0
WriteAction.executionsCount,1788940737070000000,1788940797070000000,0
AWTEventQueue.dispatchTimeMaxNs,1788940737070000000,1788940797070000000,238591
FlushQueue.tasksExecuted,1788940737070000000,1788940797070000000,0
FlushQueue.executionTimeMaxNs,1788940737070000000,1788940797070000000,0
FlushQueue.executionTimeAvgNs,1788940737070000000,1788940797070000000,0.0
AWTEventQueue.eventsDispatched,1788940737070000000,1788940797070000000,180
FlushQueue.waitingTimeAvgNs,1788940737070000000,1788940797070000000,0.0
AWTEventQueue.dispatchTimeTotalNS,1788940737070000000,1788940797070000000,15739612
AWTEventQueue.dispatchTimeAvgNs,1788940737070000000,1788940797070000000,87438.93333333333
VFS.contentStorage.recordsRead,1788940737070000000,1788940797070000000,0
VFS.cache.filesCreated,1788940737070000000,1788940797070000000,0
VFS.ContentWriter.totalTimeSpentOnAsyncOperationsUs,1788940737070000000,1788940797070000000,0
VFS.ContentWriter.totalTasksExecutedSync,1788940737070000000,1788940797070000000,0
VFS.contentStorage.recordsStoredSize,1788940737070000000,1788940797070000000,0
VFS.invertedFileNameIndex.requests,1788940737070000000,1788940797070000000,0
VFS.folderCaseSensitivityReads,1788940737070000000,1788940797070000000,0
FileNameCache.queries,1788940737070000000,1788940797070000000,0
VFS.contentStorage.recordsReadSize,1788940737070000000,1788940797070000000,0
VFS.contentStorage.recordsStoredCompressed,1788940737070000000,1788940797070000000,0
VFS.contentStorage.recordsReadDecompressed,1788940737070000000,1788940797070000000,0
VFS.fileChildByName,1788940737070000000,1788940797070000000,0
VFS.contentStorage.recordsDecompressionTimeUs,1788940737070000000,1788940797070000000,0
FileNameCache.totalMisses,1788940737070000000,1788940797070000000,0
VFS.contentStorage.recordsDeduplicated,1788940737070000000,1788940797070000000,0
VFS.fileByIdCache.hits,1788940737070000000,1788940797070000000,0
VFS.contentStorage.recordsStored,1788940737070000000,1788940797070000000,0
VFS.contentStorage.recordsUncompressedSize,1788940737070000000,1788940797070000000,0
VFS.fileByIdCache.misses,1788940737070000000,1788940797070000000,0
VFS.cache.segments,1788940737070000000,1788940797070000000,0
VFS.cache.segmentsCreated,1788940737070000000,1788940797070000000,0
VFS.ContentWriter.totalTimeSpentOnSyncOperationsUs,1788940737070000000,1788940797070000000,0
VFS.ContentWriter.totalFlushes,1788940737070000000,1788940797070000000,0
VFS.ContentWriter.totalTasksExecutedAsync,1788940737070000000,1788940797070000000,0
VFS.rootsCount,1788940737070000000,1788940797070000000,0.0
VFS.cache.directoriesCreated,1788940737070000000,1788940797070000000,0
Indexing.writesQueuedMin,1788940737070000000,1788940797070000000,0
Indexing.writer_1.totalTimeSpentWritingMs,1788940737070000000,1788940797070000000,0
Indexing.writer_0.totalTimeSpentWritingMs,1788940737070000000,1788940797070000000,0
Indexing.writesQueuedMax,1788940737070000000,1788940797070000000,0
Indexing.cache.totalCacheMisses,1788940737070000000,1788940797070000000,0
Indexing.cache.totalCacheAccesses,1788940737070000000,1788940797070000000,0
Indexing.writer_2.totalTimeSpentWritingMs,1788940737070000000,1788940797070000000,0
Indexing.cache.totalCacheEvicted,1788940737070000000,1788940797070000000,0
Indexing.totalTimeIndexersSleptMs,1788940737070000000,1788940797070000000,0
Indexing.writesQueuedAvg,1788940737070000000,1788940797070000000,0.0
Indexing.writer_3.totalTimeSpentWritingMs,1788940737070000000,1788940797070000000,0
FilePageCache.WAL.flushesForcedByOverflow,1788940737070000000,1788940797070000000,0
MappedFileStorage.storages,1788940737070000000,1788940797070000000,8
StorageLockContext.competingThreads.90P,1788940737070000000,1788940797070000000,0
FilePageCache.pageFastCacheHits,1788940737070000000,1788940797070000000,180
DirectByteBufferAllocator.reclaimed,1788940737070000000,1788940797070000000,0
FilePageCache.WAL.bytesCopiedByApplyUnfinished,1788940737070000000,1788940797070000000,0
FilePageCache.totalBytesStored,1788940737070000000,1788940797070000000,960
StreamlinedBlobStorage.recordsAllocated,1788940737070000000,1788940797070000000,0
DirectByteBufferAllocator.hits,1788940737070000000,1788940797070000000,0
StorageLockContext.competingThreads.max,1788940737070000000,1788940797070000000,0
DirectByteBufferAllocator.totalSizeOfBuffersCachedInBytes,1788940737070000000,1788940797070000000,41959424
FilePageCache.WAL.entriesFlushed,1788940737070000000,1788940797070000000,0
FilePageCache.totalPageStoresUs,1788940737070000000,1788940797070000000,8241
DirectByteBufferAllocator.misses,1788940737070000000,1788940797070000000,0
FilePageCache.WAL.entriesFlushedOnRead,1788940737070000000,1788940797070000000,0
MappedFileStorage.totalBytesMapped,1788940737070000000,1788940797070000000,232783872
FilePageCache.pageHits,1788940737070000000,1788940797070000000,0
FilePageCache.capacityInBytes,1788940737070000000,1788940797070000000,629145600
MappedFileStorage.totalPagesMapped,1788940737070000000,1788940797070000000,8
StreamlinedBlobStorage.totalLiveRecordsPayloadBytes,1788940737070000000,1788940797070000000,0
FilePageCache.totalPageDisposalsUs,1788940737070000000,1788940797070000000,0
StreamlinedBlobStorage.recordsRelocated,1788940737070000000,1788940797070000000,0
FilePageCache.totalPageLoadsUs,1788940737070000000,1788940797070000000,0
FilePageCache.WAL.entriesFlushedOnForce,1788940737070000000,1788940797070000000,0
FilePageCache.pageLoads,1788940737070000000,1788940797070000000,0
FileChannelInterruptsRetryer.totalRetriedAttempts,1788940737070000000,1788940797070000000,0
StreamlinedBlobStorage.totalLiveRecordsCapacityBytes,1788940737070000000,1788940797070000000,0
FilePageCache.WAL.entriesFlushedOnClose,1788940737070000000,1788940797070000000,0
FilePageCache.disposedBuffers,1788940737070000000,1788940797070000000,0
FilePageCache.uncachedFileAccess,1788940737070000000,1788940797070000000,60
FilePageCache.WAL.bytesQueued,1788940737070000000,1788940797070000000,0
StorageLockContext.competingThreads.avg,1788940737070000000,1788940797070000000,0.0
DirectByteBufferAllocator.disposed,1788940737070000000,1788940797070000000,0
FilePageCache.maxCacheSizeInBytes,1788940737070000000,1788940797070000000,400564224
MappedFileStorage.totalTimeSpentOnMappingUs,1788940737070000000,1788940797070000000,179239
StreamlinedBlobStorage.recordsDeleted,1788940737070000000,1788940797070000000,0
FilePageCache.WAL.entriesFlushedOnTruncate,1788940737070000000,1788940797070000000,0
DirectByteBufferAllocator.totalSizeOfBuffersAllocatedInBytes,1788940737070000000,1788940797070000000,400564224
FilePageCache.pageLoadsAboveSizeThreshold,1788940737070000000,1788940797070000000,0
FilePageCache.maxRegisteredFiles,1788940737070000000,1788940797070000000,1072
cacheStateStorage.set.counter,1788940737070000000,1788940797070000000,0
cacheStateStorage.get.counter,1788940737070000000,1788940797070000000,0
cacheStateStorage.get.duration,1788940737070000000,1788940797070000000,0
cacheStateStorage.set.duration,1788940737070000000,1788940797070000000,0
jps.global.initialize.library.bridges.ms,1788940737070000000,1788940797070000000,0
workspaceModel.mutableEntityStorage.changeLog.addReplaceEventForRemovedChild.ms,1788940737070000000,1788940797070000000,0
jps.app.storage.content.reader.load.component.ms,1788940737070000000,1788940797070000000,0
workspaceModel.mutableEntityStorage.put.entity.ms,1788940737070000000,1788940797070000000,0
workspaceModel.global.apply.state.to.project.builder.ms,1788940737070000000,1788940797070000000,0
workspaceModel.mutableEntityStorage.remove.entity.ms,1788940737070000000,1788940797070000000,0
workspaceModel.mutableEntityStorage.entities.by.source.ms,1788940737070000000,1788940797070000000,0
workspaceModel.mutableEntityStorage.collect.changes.ms,1788940737070000000,1788940797070000000,0
workspaceModel.mutableEntityStorage.instances.count,1788940737070000000,1788940797070000000,0
workspaceModel.mutableEntityStorage.changeLog.addReplaceEventForNewChild.ms,1788940737070000000,1788940797070000000,0
workspaceModel.global.updates.ms,1788940737070000000,1788940797070000000,0
jps.load.initial.state.ms,1788940737070000000,1788940797070000000,0
workspaceModel.mutableEntityStorage.add.entity.ms,1788940737070000000,1788940797070000000,0
workspaceModel.mutableEntityStorage.mutable.vfurl.index.ms,1788940737070000000,1788940797070000000,0
workspaceModel.load.cache.metadata.from.file.ms,1788940737070000000,1788940797070000000,0
workspaceModel.mutableEntityStorage.has.same.entities.ms,1788940737070000000,1788940797070000000,0
workspaceModel.mutableEntityStorage.mutable.ext.mapping.ms,1788940737070000000,1788940797070000000,0
jps.global.get.library.ms,1788940737070000000,1788940797070000000,0
workspaceModel.mutableEntityStorage.entities.ms,1788940737070000000,1788940797070000000,0
workspaceModel.mutableEntityStorage.to.snapshot.ms,1788940737070000000,1788940797070000000,0
workspaceModel.mutableEntityStorage.referrers.ms,1788940737070000000,1788940797070000000,0
jps.global.get.libraries.ms,1788940737070000000,1788940797070000000,0
jps.global.handle.before.change.events.ms,1788940737070000000,1788940797070000000,0
jps.global.handle.changed.events.ms,1788940737070000000,1788940797070000000,0
workspaceModel.save.cache.to.file.ms,1788940737070000000,1788940797070000000,0
jps.global.initialize.library.bridges.after.loading.ms,1788940737070000000,1788940797070000000,0
jps.library.entities.serializer.save.entities.ms,1788940737070000000,1788940797070000000,0
workspaceModel.mutableEntityStorage.modify.entity.ms,1788940737070000000,1788940797070000000,0
workspaceModel.mutableEntityStorage.changeLog.addReplaceEventForNewParent.ms,1788940737070000000,1788940797070000000,0
workspaceModel.load.cache.from.file.ms,1788940737070000000,1788940797070000000,0
jps.save.global.entities.ms,1788940737070000000,1788940797070000000,0
workspaceModel.mutableEntityStorage.hasReferrers.ms,1788940737070000000,1788940797070000000,0
jps.library.entities.serializer.load.entities.ms,1788940737070000000,1788940797070000000,0
workspaceModel.mutableEntityStorage.changeLog.addReplaceEventForRemovedParent.ms,1788940737070000000,1788940797070000000,0
workspaceModel.mutableEntityStorage.apply.changes.from.ms,1788940737070000000,1788940797070000000,0
workspaceModel.mutableEntityStorage.replace.by.source.ms,1788940737070000000,1788940797070000000,0
workspaceModel.mutableEntityStorage.resolve.ms,1788940737070000000,1788940797070000000,0
workspaceModel.global.updates.count,1788940737070000000,1788940797070000000,0
workspaceModel.sync.entities.ms,1788940737070000000,1788940797070000000,0
workspaceModel.global.apply.state.to.project.ms,1788940737070000000,1788940797070000000,0
jps.global.get.library.by.name.ms,1788940737070000000,1788940797070000000,0
jps.app.storage.content.writer.save.component.ms,1788940737070000000,1788940797070000000,0
workspaceModel.entityStorageSnapshotImpl.instances.count,1788940737070000000,1788940797070000000,0
writeAction.median.wait.ms,1788940737070000000,1788940797070000000,0
writeAction.wait.ms,1788940737070000000,1788940797070000000,0
writeAction.max.wait.ms,1788940737070000000,1788940797070000000,1
writeAction.count,1788940737070000000,1788940797070000000,0
FlushQueue.waitingTime90PNs,1788940797070000000,1788940857070000000,0
ReadAction.executionsCount,1788940797070000000,1788940857070000000,60
FlushQueue.executionTime90PNs,1788940797070000000,1788940857070000000,0
FlushQueue.queueSize90P,1788940797070000000,1788940857070000000,0
FlushQueue.queueSizeMax,1788940797070000000,1788940857070000000,0
AWTEventQueue.dispatchTime90PNs,1788940797070000000,1788940857070000000,105983
FlushQueue.queueSizeAvg,1788940797070000000,1788940857070000000,0.0
FlushQueue.waitingTimeMaxNs,1788940797070000000,1788940857070000000,0
WriteAction.executionsCount,1788940797070000000,1788940857070000000,0
AWTEventQueue.dispatchTimeMaxNs,1788940797070000000,1788940857070000000,1392639
FlushQueue.tasksExecuted,1788940797070000000,1788940857070000000,0
FlushQueue.executionTimeMaxNs,1788940797070000000,1788940857070000000,0
FlushQueue.executionTimeAvgNs,1788940797070000000,1788940857070000000,0.0
AWTEventQueue.eventsDispatched,1788940797070000000,1788940857070000000,180
FlushQueue.waitingTimeAvgNs,1788940797070000000,1788940857070000000,0.0
AWTEventQueue.dispatchTimeTotalNS,1788940797070000000,1788940857070000000,16718519
AWTEventQueue.dispatchTimeAvgNs,1788940797070000000,1788940857070000000,92892.08888888889
VFS.contentStorage.recordsRead,1788940797070000000,1788940857070000000,0
VFS.cache.filesCreated,1788940797070000000,1788940857070000000,0
VFS.ContentWriter.totalTimeSpentOnAsyncOperationsUs,1788940797070000000,1788940857070000000,0
VFS.ContentWriter.totalTasksExecutedSync,1788940797070000000,1788940857070000000,0
VFS.contentStorage.recordsStoredSize,1788940797070000000,1788940857070000000,0
VFS.invertedFileNameIndex.requests,1788940797070000000,1788940857070000000,0
VFS.folderCaseSensitivityReads,1788940797070000000,1788940857070000000,0
FileNameCache.queries,1788940797070000000,1788940857070000000,0
VFS.contentStorage.recordsReadSize,1788940797070000000,1788940857070000000,0
VFS.contentStorage.recordsStoredCompressed,1788940797070000000,1788940857070000000,0
VFS.contentStorage.recordsReadDecompressed,1788940797070000000,1788940857070000000,0
VFS.fileChildByName,1788940797070000000,1788940857070000000,0
VFS.contentStorage.recordsDecompressionTimeUs,1788940797070000000,1788940857070000000,0
FileNameCache.totalMisses,1788940797070000000,1788940857070000000,0
VFS.contentStorage.recordsDeduplicated,1788940797070000000,1788940857070000000,0
VFS.fileByIdCache.hits,1788940797070000000,1788940857070000000,0
VFS.contentStorage.recordsStored,1788940797070000000,1788940857070000000,0
VFS.contentStorage.recordsUncompressedSize,1788940797070000000,1788940857070000000,0
VFS.fileByIdCache.misses,1788940797070000000,1788940857070000000,0
VFS.cache.segments,1788940797070000000,1788940857070000000,0
VFS.cache.segmentsCreated,1788940797070000000,1788940857070000000,0
VFS.ContentWriter.totalTimeSpentOnSyncOperationsUs,1788940797070000000,1788940857070000000,0
VFS.ContentWriter.totalFlushes,1788940797070000000,1788940857070000000,0
VFS.ContentWriter.totalTasksExecutedAsync,1788940797070000000,1788940857070000000,0
VFS.rootsCount,1788940797070000000,1788940857070000000,0.0
VFS.cache.directoriesCreated,1788940797070000000,1788940857070000000,0
Indexing.writesQueuedMin,1788940797070000000,1788940857070000000,0
Indexing.writer_1.totalTimeSpentWritingMs,1788940797070000000,1788940857070000000,0
Indexing.writer_0.totalTimeSpentWritingMs,1788940797070000000,1788940857070000000,0
Indexing.writesQueuedMax,1788940797070000000,1788940857070000000,0
Indexing.cache.totalCacheMisses,1788940797070000000,1788940857070000000,0
Indexing.cache.totalCacheAccesses,1788940797070000000,1788940857070000000,0
Indexing.writer_2.totalTimeSpentWritingMs,1788940797070000000,1788940857070000000,0
Indexing.cache.totalCacheEvicted,1788940797070000000,1788940857070000000,0
Indexing.totalTimeIndexersSleptMs,1788940797070000000,1788940857070000000,0
Indexing.writesQueuedAvg,1788940797070000000,1788940857070000000,0.0
Indexing.writer_3.totalTimeSpentWritingMs,1788940797070000000,1788940857070000000,0
FilePageCache.WAL.flushesForcedByOverflow,1788940797070000000,1788940857070000000,0
MappedFileStorage.storages,1788940797070000000,1788940857070000000,8
StorageLockContext.competingThreads.90P,1788940797070000000,1788940857070000000,0
FilePageCache.pageFastCacheHits,1788940797070000000,1788940857070000000,180
DirectByteBufferAllocator.reclaimed,1788940797070000000,1788940857070000000,0
FilePageCache.WAL.bytesCopiedByApplyUnfinished,1788940797070000000,1788940857070000000,0
FilePageCache.totalBytesStored,1788940797070000000,1788940857070000000,960
StreamlinedBlobStorage.recordsAllocated,1788940797070000000,1788940857070000000,0
DirectByteBufferAllocator.hits,1788940797070000000,1788940857070000000,0
StorageLockContext.competingThreads.max,1788940797070000000,1788940857070000000,0
DirectByteBufferAllocator.totalSizeOfBuffersCachedInBytes,1788940797070000000,1788940857070000000,41959424
FilePageCache.WAL.entriesFlushed,1788940797070000000,1788940857070000000,0
FilePageCache.totalPageStoresUs,1788940797070000000,1788940857070000000,8071
DirectByteBufferAllocator.misses,1788940797070000000,1788940857070000000,0
FilePageCache.WAL.entriesFlushedOnRead,1788940797070000000,1788940857070000000,0
MappedFileStorage.totalBytesMapped,1788940797070000000,1788940857070000000,232783872
FilePageCache.pageHits,1788940797070000000,1788940857070000000,0
FilePageCache.capacityInBytes,1788940797070000000,1788940857070000000,629145600
MappedFileStorage.totalPagesMapped,1788940797070000000,1788940857070000000,8
StreamlinedBlobStorage.totalLiveRecordsPayloadBytes,1788940797070000000,1788940857070000000,0
FilePageCache.totalPageDisposalsUs,1788940797070000000,1788940857070000000,0
StreamlinedBlobStorage.recordsRelocated,1788940797070000000,1788940857070000000,0
FilePageCache.totalPageLoadsUs,1788940797070000000,1788940857070000000,0
FilePageCache.WAL.entriesFlushedOnForce,1788940797070000000,1788940857070000000,0
FilePageCache.pageLoads,1788940797070000000,1788940857070000000,0
FileChannelInterruptsRetryer.totalRetriedAttempts,1788940797070000000,1788940857070000000,0
StreamlinedBlobStorage.totalLiveRecordsCapacityBytes,1788940797070000000,1788940857070000000,0
FilePageCache.WAL.entriesFlushedOnClose,1788940797070000000,1788940857070000000,0
FilePageCache.disposedBuffers,1788940797070000000,1788940857070000000,0
FilePageCache.uncachedFileAccess,1788940797070000000,1788940857070000000,60
FilePageCache.WAL.bytesQueued,1788940797070000000,1788940857070000000,0
StorageLockContext.competingThreads.avg,1788940797070000000,1788940857070000000,0.0
DirectByteBufferAllocator.disposed,1788940797070000000,1788940857070000000,0
FilePageCache.maxCacheSizeInBytes,1788940797070000000,1788940857070000000,400564224
MappedFileStorage.totalTimeSpentOnMappingUs,1788940797070000000,1788940857070000000,179239
StreamlinedBlobStorage.recordsDeleted,1788940797070000000,1788940857070000000,0
FilePageCache.WAL.entriesFlushedOnTruncate,1788940797070000000,1788940857070000000,0
DirectByteBufferAllocator.totalSizeOfBuffersAllocatedInBytes,1788940797070000000,1788940857070000000,400564224
FilePageCache.pageLoadsAboveSizeThreshold,1788940797070000000,1788940857070000000,0
FilePageCache.maxRegisteredFiles,1788940797070000000,1788940857070000000,1072
cacheStateStorage.set.counter,1788940797070000000,1788940857070000000,0
cacheStateStorage.get.counter,1788940797070000000,1788940857070000000,0
cacheStateStorage.get.duration,1788940797070000000,1788940857070000000,0
cacheStateStorage.set.duration,1788940797070000000,1788940857070000000,0
jps.global.initialize.library.bridges.ms,1788940797070000000,1788940857070000000,0
workspaceModel.mutableEntityStorage.changeLog.addReplaceEventForRemovedChild.ms,1788940797070000000,1788940857070000000,0
jps.app.storage.content.reader.load.component.ms,1788940797070000000,1788940857070000000,0
workspaceModel.mutableEntityStorage.put.entity.ms,1788940797070000000,1788940857070000000,0
workspaceModel.global.apply.state.to.project.builder.ms,1788940797070000000,1788940857070000000,0
workspaceModel.mutableEntityStorage.remove.entity.ms,1788940797070000000,1788940857070000000,0
workspaceModel.mutableEntityStorage.entities.by.source.ms,1788940797070000000,1788940857070000000,0
workspaceModel.mutableEntityStorage.collect.changes.ms,1788940797070000000,1788940857070000000,0
workspaceModel.mutableEntityStorage.instances.count,1788940797070000000,1788940857070000000,0
workspaceModel.mutableEntityStorage.changeLog.addReplaceEventForNewChild.ms,1788940797070000000,1788940857070000000,0
workspaceModel.global.updates.ms,1788940797070000000,1788940857070000000,0
jps.load.initial.state.ms,1788940797070000000,1788940857070000000,0
workspaceModel.mutableEntityStorage.add.entity.ms,1788940797070000000,1788940857070000000,0
workspaceModel.mutableEntityStorage.mutable.vfurl.index.ms,1788940797070000000,1788940857070000000,0
workspaceModel.load.cache.metadata.from.file.ms,1788940797070000000,1788940857070000000,0
workspaceModel.mutableEntityStorage.has.same.entities.ms,1788940797070000000,1788940857070000000,0
workspaceModel.mutableEntityStorage.mutable.ext.mapping.ms,1788940797070000000,1788940857070000000,0
jps.global.get.library.ms,1788940797070000000,1788940857070000000,0
workspaceModel.mutableEntityStorage.entities.ms,1788940797070000000,1788940857070000000,0
workspaceModel.mutableEntityStorage.to.snapshot.ms,1788940797070000000,1788940857070000000,0
workspaceModel.mutableEntityStorage.referrers.ms,1788940797070000000,1788940857070000000,0
jps.global.get.libraries.ms,1788940797070000000,1788940857070000000,0
jps.global.handle.before.change.events.ms,1788940797070000000,1788940857070000000,0
jps.global.handle.changed.events.ms,1788940797070000000,1788940857070000000,0
workspaceModel.save.cache.to.file.ms,1788940797070000000,1788940857070000000,0
jps.global.initialize.library.bridges.after.loading.ms,1788940797070000000,1788940857070000000,0
jps.library.entities.serializer.save.entities.ms,1788940797070000000,1788940857070000000,0
workspaceModel.mutableEntityStorage.modify.entity.ms,1788940797070000000,1788940857070000000,0
workspaceModel.mutableEntityStorage.changeLog.addReplaceEventForNewParent.ms,1788940797070000000,1788940857070000000,0
workspaceModel.load.cache.from.file.ms,1788940797070000000,1788940857070000000,0
jps.save.global.entities.ms,1788940797070000000,1788940857070000000,0
workspaceModel.mutableEntityStorage.hasReferrers.ms,1788940797070000000,1788940857070000000,0
jps.library.entities.serializer.load.entities.ms,1788940797070000000,1788940857070000000,0
workspaceModel.mutableEntityStorage.changeLog.addReplaceEventForRemovedParent.ms,1788940797070000000,1788940857070000000,0
workspaceModel.mutableEntityStorage.apply.changes.from.ms,1788940797070000000,1788940857070000000,0
workspaceModel.mutableEntityStorage.replace.by.source.ms,1788940797070000000,1788940857070000000,0
workspaceModel.mutableEntityStorage.resolve.ms,1788940797070000000,1788940857070000000,0
workspaceModel.global.updates.count,1788940797070000000,1788940857070000000,0
workspaceModel.sync.entities.ms,1788940797070000000,1788940857070000000,0
workspaceModel.global.apply.state.to.project.ms,1788940797070000000,1788940857070000000,0
jps.global.get.library.by.name.ms,1788940797070000000,1788940857070000000,0
jps.app.storage.content.writer.save.component.ms,1788940797070000000,1788940857070000000,0
workspaceModel.entityStorageSnapshotImpl.instances.count,1788940797070000000,1788940857070000000,0
writeAction.median.wait.ms,1788940797070000000,1788940857070000000,0
writeAction.wait.ms,1788940797070000000,1788940857070000000,0
writeAction.max.wait.ms,1788940797070000000,1788940857070000000,1
writeAction.count,1788940797070000000,1788940857070000000,0
AWTEventQueue.dispatchTimeTotalNS,1788940857070000000,1788940879076000000,6793404
VFS.ContentWriter.totalTimeSpentOnAsyncOperationsUs,1788940857070000000,1788940879076000000,0
VFS.ContentWriter.totalTasksExecutedSync,1788940857070000000,1788940879076000000,0
VFS.ContentWriter.totalTimeSpentOnSyncOperationsUs,1788940857070000000,1788940879076000000,0
VFS.ContentWriter.totalFlushes,1788940857070000000,1788940879076000000,0
VFS.ContentWriter.totalTasksExecutedAsync,1788940857070000000,1788940879076000000,0
Indexing.writesQueuedMin,1788940857070000000,1788940879076000000,0
Indexing.writer_1.totalTimeSpentWritingMs,1788940857070000000,1788940879076000000,0
Indexing.writer_0.totalTimeSpentWritingMs,1788940857070000000,1788940879076000000,0
Indexing.writesQueuedMax,1788940857070000000,1788940879076000000,0
Indexing.cache.totalCacheMisses,1788940857070000000,1788940879076000000,0
Indexing.cache.totalCacheAccesses,1788940857070000000,1788940879076000000,0
Indexing.writer_2.totalTimeSpentWritingMs,1788940857070000000,1788940879076000000,0
Indexing.cache.totalCacheEvicted,1788940857070000000,1788940879076000000,0
Indexing.totalTimeIndexersSleptMs,1788940857070000000,1788940879076000000,0
Indexing.writesQueuedAvg,1788940857070000000,1788940879076000000,0.0
Indexing.writer_3.totalTimeSpentWritingMs,1788940857070000000,1788940879076000000,0
FilePageCache.WAL.flushesForcedByOverflow,1788940857070000000,1788940879076000000,0
StorageLockContext.competingThreads.90P,1788940857070000000,1788940879076000000,0
FilePageCache.pageFastCacheHits,1788940857070000000,1788940879076000000,63
DirectByteBufferAllocator.reclaimed,1788940857070000000,1788940879076000000,41
FilePageCache.WAL.bytesCopiedByApplyUnfinished,1788940857070000000,1788940879076000000,0
FilePageCache.totalBytesStored,1788940857070000000,1788940879076000000,336
DirectByteBufferAllocator.hits,1788940857070000000,1788940879076000000,0
StorageLockContext.competingThreads.max,1788940857070000000,1788940879076000000,0
DirectByteBufferAllocator.totalSizeOfBuffersCachedInBytes,1788940857070000000,1788940879076000000,83910656
FilePageCache.WAL.entriesFlushed,1788940857070000000,1788940879076000000,0
FilePageCache.totalPageStoresUs,1788940857070000000,1788940879076000000,3002
DirectByteBufferAllocator.misses,1788940857070000000,1788940879076000000,0
FilePageCache.WAL.entriesFlushedOnRead,1788940857070000000,1788940879076000000,0
FilePageCache.pageHits,1788940857070000000,1788940879076000000,0
FilePageCache.capacityInBytes,1788940857070000000,1788940879076000000,629145600
FilePageCache.totalPageDisposalsUs,1788940857070000000,1788940879076000000,0
FilePageCache.totalPageLoadsUs,1788940857070000000,1788940879076000000,0
FilePageCache.WAL.entriesFlushedOnForce,1788940857070000000,1788940879076000000,0
FilePageCache.pageLoads,1788940857070000000,1788940879076000000,0
FileChannelInterruptsRetryer.totalRetriedAttempts,1788940857070000000,1788940879076000000,0
FilePageCache.WAL.entriesFlushedOnClose,1788940857070000000,1788940879076000000,0
FilePageCache.disposedBuffers,1788940857070000000,1788940879076000000,383
FilePageCache.uncachedFileAccess,1788940857070000000,1788940879076000000,21
FilePageCache.WAL.bytesQueued,1788940857070000000,1788940879076000000,0
StorageLockContext.competingThreads.avg,1788940857070000000,1788940879076000000,0.0
DirectByteBufferAllocator.disposed,1788940857070000000,1788940879076000000,342
FilePageCache.maxCacheSizeInBytes,1788940857070000000,1788940879076000000,400564224
FilePageCache.WAL.entriesFlushedOnTruncate,1788940857070000000,1788940879076000000,0
DirectByteBufferAllocator.totalSizeOfBuffersAllocatedInBytes,1788940857070000000,1788940879076000000,41951232
FilePageCache.pageLoadsAboveSizeThreshold,1788940857070000000,1788940879076000000,0
FilePageCache.maxRegisteredFiles,1788940857070000000,1788940879076000000,1072
cacheStateStorage.set.counter,1788940857070000000,1788940879076000000,4
cacheStateStorage.get.counter,1788940857070000000,1788940879076000000,0
cacheStateStorage.get.duration,1788940857070000000,1788940879076000000,0
cacheStateStorage.set.duration,1788940857070000000,1788940879076000000,12
jps.global.initialize.library.bridges.ms,1788940857070000000,1788940879076000000,0
workspaceModel.mutableEntityStorage.changeLog.addReplaceEventForRemovedChild.ms,1788940857070000000,1788940879076000000,0
jps.app.storage.content.reader.load.component.ms,1788940857070000000,1788940879076000000,0
workspaceModel.mutableEntityStorage.put.entity.ms,1788940857070000000,1788940879076000000,0
workspaceModel.global.apply.state.to.project.builder.ms,1788940857070000000,1788940879076000000,0
workspaceModel.mutableEntityStorage.remove.entity.ms,1788940857070000000,1788940879076000000,0
workspaceModel.mutableEntityStorage.entities.by.source.ms,1788940857070000000,1788940879076000000,0
workspaceModel.mutableEntityStorage.collect.changes.ms,1788940857070000000,1788940879076000000,0
workspaceModel.mutableEntityStorage.instances.count,1788940857070000000,1788940879076000000,0
workspaceModel.mutableEntityStorage.changeLog.addReplaceEventForNewChild.ms,1788940857070000000,1788940879076000000,0
workspaceModel.global.updates.ms,1788940857070000000,1788940879076000000,0
jps.load.initial.state.ms,1788940857070000000,1788940879076000000,0
workspaceModel.mutableEntityStorage.add.entity.ms,1788940857070000000,1788940879076000000,0
workspaceModel.mutableEntityStorage.mutable.vfurl.index.ms,1788940857070000000,1788940879076000000,0
workspaceModel.load.cache.metadata.from.file.ms,1788940857070000000,1788940879076000000,0
workspaceModel.mutableEntityStorage.has.same.entities.ms,1788940857070000000,1788940879076000000,0
workspaceModel.mutableEntityStorage.mutable.ext.mapping.ms,1788940857070000000,1788940879076000000,0
jps.global.get.library.ms,1788940857070000000,1788940879076000000,0
workspaceModel.mutableEntityStorage.entities.ms,1788940857070000000,1788940879076000000,0
workspaceModel.mutableEntityStorage.to.snapshot.ms,1788940857070000000,1788940879076000000,0
workspaceModel.mutableEntityStorage.referrers.ms,1788940857070000000,1788940879076000000,0
jps.global.get.libraries.ms,1788940857070000000,1788940879076000000,0
jps.global.handle.before.change.events.ms,1788940857070000000,1788940879076000000,0
jps.global.handle.changed.events.ms,1788940857070000000,1788940879076000000,0
workspaceModel.save.cache.to.file.ms,1788940857070000000,1788940879076000000,0
jps.global.initialize.library.bridges.after.loading.ms,1788940857070000000,1788940879076000000,0
jps.library.entities.serializer.save.entities.ms,1788940857070000000,1788940879076000000,0
workspaceModel.mutableEntityStorage.modify.entity.ms,1788940857070000000,1788940879076000000,0
workspaceModel.mutableEntityStorage.changeLog.addReplaceEventForNewParent.ms,1788940857070000000,1788940879076000000,0
workspaceModel.load.cache.from.file.ms,1788940857070000000,1788940879076000000,0
jps.save.global.entities.ms,1788940857070000000,1788940879076000000,1
workspaceModel.mutableEntityStorage.hasReferrers.ms,1788940857070000000,1788940879076000000,0
jps.library.entities.serializer.load.entities.ms,1788940857070000000,1788940879076000000,0
workspaceModel.mutableEntityStorage.changeLog.addReplaceEventForRemovedParent.ms,1788940857070000000,1788940879076000000,0
workspaceModel.mutableEntityStorage.apply.changes.from.ms,1788940857070000000,1788940879076000000,0
workspaceModel.mutableEntityStorage.replace.by.source.ms,1788940857070000000,1788940879076000000,0
workspaceModel.mutableEntityStorage.resolve.ms,1788940857070000000,1788940879076000000,0
workspaceModel.global.updates.count,1788940857070000000,1788940879076000000,0
workspaceModel.sync.entities.ms,1788940857070000000,1788940879076000000,0
workspaceModel.global.apply.state.to.project.ms,1788940857070000000,1788940879076000000,0
jps.global.get.library.by.name.ms,1788940857070000000,1788940879076000000,0
jps.app.storage.content.writer.save.component.ms,1788940857070000000,1788940879076000000,0
workspaceModel.entityStorageSnapshotImpl.instances.count,1788940857070000000,1788940879076000000,0
writeAction.median.wait.ms,1788940857070000000,1788940879076000000,0
writeAction.wait.ms,1788940857070000000,1788940879076000000,0
writeAction.max.wait.ms,1788940857070000000,1788940879076000000,1
writeAction.count,1788940857070000000,1788940879076000000,0
