# OpenTelemetry Metrics report: .csv, 4 fields: 
# <metric name>, <period start, nanoseconds>, <period end, nanoseconds>, <metric value>
# See CsvMetricsExporter for details.
# 
# NAME, PERIOD_START_NANOS, PERIOD_END_NANOS, VALUE
cacheStateStorage.get.duration,1788947525299000000,1788947585530000000,42
cacheStateStorage.get.counter,1788947525299000000,1788947585530000000,5
cacheStateStorage.set.duration,1788947525299000000,1788947585530000000,11
cacheStateStorage.set.counter,1788947525299000000,1788947585530000000,1
VFS.cache.directoriesCreated,1788947525299000000,1788947585530000000,0
VFS.contentStorage.recordsReadDecompressed,1788947525299000000,1788947585530000000,0
VFS.ContentWriter.totalTimeSpentOnAsyncOperationsUs,1788947525299000000,1788947585530000000,0
VFS.cache.filesCreated,1788947525299000000,1788947585530000000,0
VFS.folderCaseSensitivityReads,1788947525299000000,1788947585530000000,0
FileNameCache.queries,1788947525299000000,1788947585530000000,0
VFS.ContentWriter.totalTasksExecutedSync,1788947525299000000,1788947585530000000,0
VFS.ContentWriter.totalFlushes,1788947525299000000,1788947585530000000,0
VFS.fileByIdCache.hits,1788947525299000000,1788947585530000000,0
VFS.fileChildByName,1788947525299000000,1788947585530000000,0
VFS.invertedFileNameIndex.requests,1788947525299000000,1788947585530000000,0
VFS.contentStorage.recordsRead,1788947525299000000,1788947585530000000,0
VFS.cache.segments,1788947525299000000,1788947585530000000,0
VFS.contentStorage.recordsStoredCompressed,1788947525299000000,1788947585530000000,0
FileNameCache.totalMisses,1788947525299000000,1788947585530000000,0
VFS.contentStorage.recordsDecompressionTimeUs,1788947525299000000,1788947585530000000,0
VFS.contentStorage.recordsStored,1788947525299000000,1788947585530000000,0
VFS.rootsCount,1788947525299000000,1788947585530000000,0.0
VFS.ContentWriter.totalTasksExecutedAsync,1788947525299000000,1788947585530000000,0
VFS.contentStorage.recordsUncompressedSize,1788947525299000000,1788947585530000000,0
VFS.contentStorage.recordsDeduplicated,1788947525299000000,1788947585530000000,0
VFS.fileByIdCache.misses,1788947525299000000,1788947585530000000,0
VFS.cache.segmentsCreated,1788947525299000000,1788947585530000000,0
VFS.ContentWriter.totalTimeSpentOnSyncOperationsUs,1788947525299000000,1788947585530000000,0
VFS.contentStorage.recordsReadSize,1788947525299000000,1788947585530000000,0
VFS.contentStorage.recordsStoredSize,1788947525299000000,1788947585530000000,0
Indexing.cache.totalCacheAccesses,1788947525299000000,1788947585530000000,0
Indexing.writesQueuedMin,1788947525299000000,1788947585530000000,9223372036854775807
Indexing.writer_1.totalTimeSpentWritingMs,1788947525299000000,1788947585530000000,0
Indexing.cache.totalCacheMisses,1788947525299000000,1788947585530000000,0
Indexing.writesQueuedMax,1788947525299000000,1788947585530000000,0
Indexing.writer_0.totalTimeSpentWritingMs,1788947525299000000,1788947585530000000,0
Indexing.writer_2.totalTimeSpentWritingMs,1788947525299000000,1788947585530000000,0
Indexing.cache.totalCacheEvicted,1788947525299000000,1788947585530000000,0
Indexing.writer_3.totalTimeSpentWritingMs,1788947525299000000,1788947585530000000,0
Indexing.totalTimeIndexersSleptMs,1788947525299000000,1788947585530000000,0
workspaceModel.entityStorageSnapshotImpl.instances.count,1788947525299000000,1788947585530000000,2
FilePageCache.totalPageStoresUs,1788947525299000000,1788947585530000000,11407
FilePageCache.totalPageLoadsUs,1788947525299000000,1788947585530000000,457351
FilePageCache.totalBytesStored,1788947525299000000,1788947585530000000,944
FilePageCache.WAL.flushesForcedByOverflow,1788947525299000000,1788947585530000000,0
FilePageCache.WAL.entriesFlushedOnTruncate,1788947525299000000,1788947585530000000,0
DirectByteBufferAllocator.misses,1788947525299000000,1788947585530000000,385
MappedFileStorage.totalPagesMapped,1788947525299000000,1788947585530000000,8
FilePageCache.capacityInBytes,1788947525299000000,1788947585530000000,629145600
FilePageCache.WAL.entriesFlushedOnForce,1788947525299000000,1788947585530000000,0
DirectByteBufferAllocator.totalSizeOfBuffersCachedInBytes,1788947525299000000,1788947585530000000,41959424
FilePageCache.WAL.entriesFlushedOnClose,1788947525299000000,1788947585530000000,0
FilePageCache.totalPageDisposalsUs,1788947525299000000,1788947585530000000,6258
StreamlinedBlobStorage.recordsRelocated,1788947525299000000,1788947585530000000,0
MappedFileStorage.totalBytesMapped,1788947525299000000,1788947585530000000,232783872
DirectByteBufferAllocator.hits,1788947525299000000,1788947585530000000,3
StorageLockContext.competingThreads.avg,1788947525299000000,1788947585530000000,0.0
FilePageCache.WAL.entriesFlushed,1788947525299000000,1788947585530000000,0
FilePageCache.WAL.bytesQueued,1788947525299000000,1788947585530000000,0
MappedFileStorage.totalTimeSpentOnMappingUs,1788947525299000000,1788947585530000000,10672
FilePageCache.maxRegisteredFiles,1788947525299000000,1788947585530000000,1072
FilePageCache.maxCacheSizeInBytes,1788947525299000000,1788947585530000000,400572416
FilePageCache.WAL.bytesCopiedByApplyUnfinished,1788947525299000000,1788947585530000000,0
FilePageCache.disposedBuffers,1788947525299000000,1788947585530000000,387
FilePageCache.pageLoads,1788947525299000000,1788947585530000000,388
StreamlinedBlobStorage.totalLiveRecordsCapacityBytes,1788947525299000000,1788947585530000000,0
StreamlinedBlobStorage.recordsDeleted,1788947525299000000,1788947585530000000,0
StorageLockContext.competingThreads.max,1788947525299000000,1788947585530000000,0
StreamlinedBlobStorage.totalLiveRecordsPayloadBytes,1788947525299000000,1788947585530000000,0
FilePageCache.pageLoadsAboveSizeThreshold,1788947525299000000,1788947585530000000,0
StorageLockContext.competingThreads.90P,1788947525299000000,1788947585530000000,0
StreamlinedBlobStorage.recordsAllocated,1788947525299000000,1788947585530000000,0
DirectByteBufferAllocator.totalSizeOfBuffersAllocatedInBytes,1788947525299000000,1788947585530000000,8192
FilePageCache.pageFastCacheHits,1788947525299000000,1788947585530000000,7841
DirectByteBufferAllocator.disposed,1788947525299000000,1788947585530000000,384
FilePageCache.WAL.entriesFlushedOnRead,1788947525299000000,1788947585530000000,0
FilePageCache.uncachedFileAccess,1788947525299000000,1788947585530000000,526
MappedFileStorage.storages,1788947525299000000,1788947585530000000,8
FileChannelInterruptsRetryer.totalRetriedAttempts,1788947525299000000,1788947585530000000,0
DirectByteBufferAllocator.reclaimed,1788947525299000000,1788947585530000000,45
FilePageCache.pageHits,1788947525299000000,1788947585530000000,0
AWTEventQueue.dispatchTimeTotalNS,1788947525299000000,1788947585530000000,4482123847
FlushQueue.queueSizeAvg,1788947525299000000,1788947585530000000,0.0
FlushQueue.executionTimeAvgNs,1788947525299000000,1788947585530000000,0.0
WriteAction.executionsCount,1788947525299000000,1788947585530000000,0
AWTEventQueue.dispatchTime90PNs,1788947525299000000,1788947585530000000,137215
FlushQueue.executionTime90PNs,1788947525299000000,1788947585530000000,0
FlushQueue.queueSizeMax,1788947525299000000,1788947585530000000,0
FlushQueue.waitingTimeAvgNs,1788947525299000000,1788947585530000000,0.0
ReadAction.executionsCount,1788947525299000000,1788947585530000000,209
FlushQueue.tasksExecuted,1788947525299000000,1788947585530000000,0
FlushQueue.executionTimeMaxNs,1788947525299000000,1788947585530000000,0
AWTEventQueue.dispatchTimeMaxNs,1788947525299000000,1788947585530000000,137215
AWTEventQueue.dispatchTimeAvgNs,1788947525299000000,1788947585530000000,136704.0
AWTEventQueue.eventsDispatched,1788947525299000000,1788947585530000000,1
FlushQueue.queueSize90P,1788947525299000000,1788947585530000000,0
FlushQueue.waitingTime90PNs,1788947525299000000,1788947585530000000,0
FlushQueue.waitingTimeMaxNs,1788947525299000000,1788947585530000000,0
jps.library.entities.serializer.save.entities.ms,1788947525299000000,1788947585530000000,0
workspaceModel.mutableEntityStorage.add.entity.ms,1788947525299000000,1788947585530000000,0
workspaceModel.mutableEntityStorage.collect.changes.ms,1788947525299000000,1788947585530000000,0
workspaceModel.mutableEntityStorage.modify.entity.ms,1788947525299000000,1788947585530000000,0
workspaceModel.mutableEntityStorage.instances.count,1788947525299000000,1788947585530000000,1
workspaceModel.sync.entities.ms,1788947525299000000,1788947585530000000,0
workspaceModel.global.apply.state.to.project.builder.ms,1788947525299000000,1788947585530000000,0
workspaceModel.mutableEntityStorage.remove.entity.ms,1788947525299000000,1788947585530000000,0
jps.global.initialize.library.bridges.ms,1788947525299000000,1788947585530000000,0
workspaceModel.mutableEntityStorage.resolve.ms,1788947525299000000,1788947585530000000,0
jps.global.handle.before.change.events.ms,1788947525299000000,1788947585530000000,0
workspaceModel.mutableEntityStorage.has.same.entities.ms,1788947525299000000,1788947585530000000,0
workspaceModel.mutableEntityStorage.replace.by.source.ms,1788947525299000000,1788947585530000000,0
jps.global.initialize.library.bridges.after.loading.ms,1788947525299000000,1788947585530000000,3
jps.library.entities.serializer.load.entities.ms,1788947525299000000,1788947585530000000,0
workspaceModel.save.cache.to.file.ms,1788947525299000000,1788947585530000000,0
jps.global.get.library.by.name.ms,1788947525299000000,1788947585530000000,0
workspaceModel.mutableEntityStorage.hasReferrers.ms,1788947525299000000,1788947585530000000,0
workspaceModel.mutableEntityStorage.apply.changes.from.ms,1788947525299000000,1788947585530000000,0
workspaceModel.load.cache.from.file.ms,1788947525299000000,1788947585530000000,0
workspaceModel.load.cache.metadata.from.file.ms,1788947525299000000,1788947585530000000,0
workspaceModel.mutableEntityStorage.mutable.ext.mapping.ms,1788947525299000000,1788947585530000000,0
jps.load.initial.state.ms,1788947525299000000,1788947585530000000,31
workspaceModel.mutableEntityStorage.entities.ms,1788947525299000000,1788947585530000000,2
workspaceModel.mutableEntityStorage.entities.by.source.ms,1788947525299000000,1788947585530000000,0
workspaceModel.global.updates.ms,1788947525299000000,1788947585530000000,0
workspaceModel.mutableEntityStorage.referrers.ms,1788947525299000000,1788947585530000000,0
workspaceModel.mutableEntityStorage.to.snapshot.ms,1788947525299000000,1788947585530000000,1
jps.save.global.entities.ms,1788947525299000000,1788947585530000000,85
workspaceModel.mutableEntityStorage.changeLog.addReplaceEventForRemovedChild.ms,1788947525299000000,1788947585530000000,0
workspaceModel.mutableEntityStorage.changeLog.addReplaceEventForNewParent.ms,1788947525299000000,1788947585530000000,0
workspaceModel.global.updates.count,1788947525299000000,1788947585530000000,0
workspaceModel.global.apply.state.to.project.ms,1788947525299000000,1788947585530000000,0
jps.app.storage.content.writer.save.component.ms,1788947525299000000,1788947585530000000,2
jps.global.get.libraries.ms,1788947525299000000,1788947585530000000,0
jps.global.handle.changed.events.ms,1788947525299000000,1788947585530000000,0
jps.global.get.library.ms,1788947525299000000,1788947585530000000,0
workspaceModel.mutableEntityStorage.put.entity.ms,1788947525299000000,1788947585530000000,0
jps.app.storage.content.reader.load.component.ms,1788947525299000000,1788947585530000000,1
workspaceModel.mutableEntityStorage.changeLog.addReplaceEventForRemovedParent.ms,1788947525299000000,1788947585530000000,0
workspaceModel.mutableEntityStorage.changeLog.addReplaceEventForNewChild.ms,1788947525299000000,1788947585530000000,0
workspaceModel.mutableEntityStorage.mutable.vfurl.index.ms,1788947525299000000,1788947585530000000,0
cacheStateStorage.get.duration,1788947585530000000,1788947645348000000,0
cacheStateStorage.get.counter,1788947585530000000,1788947645348000000,0
cacheStateStorage.set.duration,1788947585530000000,1788947645348000000,0
cacheStateStorage.set.counter,1788947585530000000,1788947645348000000,0
VFS.cache.directoriesCreated,1788947585530000000,1788947645348000000,0
VFS.contentStorage.recordsReadDecompressed,1788947585530000000,1788947645348000000,0
VFS.ContentWriter.totalTimeSpentOnAsyncOperationsUs,1788947585530000000,1788947645348000000,0
VFS.cache.filesCreated,1788947585530000000,1788947645348000000,0
VFS.folderCaseSensitivityReads,1788947585530000000,1788947645348000000,0
FileNameCache.queries,1788947585530000000,1788947645348000000,0
VFS.ContentWriter.totalTasksExecutedSync,1788947585530000000,1788947645348000000,0
VFS.ContentWriter.totalFlushes,1788947585530000000,1788947645348000000,0
VFS.fileByIdCache.hits,1788947585530000000,1788947645348000000,0
VFS.fileChildByName,1788947585530000000,1788947645348000000,0
VFS.invertedFileNameIndex.requests,1788947585530000000,1788947645348000000,0
VFS.contentStorage.recordsRead,1788947585530000000,1788947645348000000,0
VFS.cache.segments,1788947585530000000,1788947645348000000,0
VFS.contentStorage.recordsStoredCompressed,1788947585530000000,1788947645348000000,0
FileNameCache.totalMisses,1788947585530000000,1788947645348000000,0
VFS.contentStorage.recordsDecompressionTimeUs,1788947585530000000,1788947645348000000,0
VFS.contentStorage.recordsStored,1788947585530000000,1788947645348000000,0
VFS.rootsCount,1788947585530000000,1788947645348000000,0.0
VFS.ContentWriter.totalTasksExecutedAsync,1788947585530000000,1788947645348000000,0
VFS.contentStorage.recordsUncompressedSize,1788947585530000000,1788947645348000000,0
VFS.contentStorage.recordsDeduplicated,1788947585530000000,1788947645348000000,0
VFS.fileByIdCache.misses,1788947585530000000,1788947645348000000,0
VFS.cache.segmentsCreated,1788947585530000000,1788947645348000000,0
VFS.ContentWriter.totalTimeSpentOnSyncOperationsUs,1788947585530000000,1788947645348000000,0
VFS.contentStorage.recordsReadSize,1788947585530000000,1788947645348000000,0
VFS.contentStorage.recordsStoredSize,1788947585530000000,1788947645348000000,0
Indexing.cache.totalCacheAccesses,1788947585530000000,1788947645348000000,0
Indexing.writesQueuedMin,1788947585530000000,1788947645348000000,9223372036854775807
Indexing.writer_1.totalTimeSpentWritingMs,1788947585530000000,1788947645348000000,0
Indexing.cache.totalCacheMisses,1788947585530000000,1788947645348000000,0
Indexing.writesQueuedMax,1788947585530000000,1788947645348000000,0
Indexing.writer_0.totalTimeSpentWritingMs,1788947585530000000,1788947645348000000,0
Indexing.writer_2.totalTimeSpentWritingMs,1788947585530000000,1788947645348000000,0
Indexing.cache.totalCacheEvicted,1788947585530000000,1788947645348000000,0
Indexing.writer_3.totalTimeSpentWritingMs,1788947585530000000,1788947645348000000,0
Indexing.totalTimeIndexersSleptMs,1788947585530000000,1788947645348000000,0
workspaceModel.entityStorageSnapshotImpl.instances.count,1788947585530000000,1788947645348000000,0
FilePageCache.totalPageStoresUs,1788947585530000000,1788947645348000000,11042
FilePageCache.totalPageLoadsUs,1788947585530000000,1788947645348000000,0
FilePageCache.totalBytesStored,1788947585530000000,1788947645348000000,944
FilePageCache.WAL.flushesForcedByOverflow,1788947585530000000,1788947645348000000,0
FilePageCache.WAL.entriesFlushedOnTruncate,1788947585530000000,1788947645348000000,0
DirectByteBufferAllocator.misses,1788947585530000000,1788947645348000000,0
MappedFileStorage.totalPagesMapped,1788947585530000000,1788947645348000000,8
FilePageCache.capacityInBytes,1788947585530000000,1788947645348000000,629145600
FilePageCache.WAL.entriesFlushedOnForce,1788947585530000000,1788947645348000000,0
DirectByteBufferAllocator.totalSizeOfBuffersCachedInBytes,1788947585530000000,1788947645348000000,41959424
FilePageCache.WAL.entriesFlushedOnClose,1788947585530000000,1788947645348000000,0
FilePageCache.totalPageDisposalsUs,1788947585530000000,1788947645348000000,0
StreamlinedBlobStorage.recordsRelocated,1788947585530000000,1788947645348000000,0
MappedFileStorage.totalBytesMapped,1788947585530000000,1788947645348000000,232783872
DirectByteBufferAllocator.hits,1788947585530000000,1788947645348000000,0
StorageLockContext.competingThreads.avg,1788947585530000000,1788947645348000000,0.0
FilePageCache.WAL.entriesFlushed,1788947585530000000,1788947645348000000,0
FilePageCache.WAL.bytesQueued,1788947585530000000,1788947645348000000,0
MappedFileStorage.totalTimeSpentOnMappingUs,1788947585530000000,1788947645348000000,10672
FilePageCache.maxRegisteredFiles,1788947585530000000,1788947645348000000,1072
FilePageCache.maxCacheSizeInBytes,1788947585530000000,1788947645348000000,400572416
FilePageCache.WAL.bytesCopiedByApplyUnfinished,1788947585530000000,1788947645348000000,0
FilePageCache.disposedBuffers,1788947585530000000,1788947645348000000,0
FilePageCache.pageLoads,1788947585530000000,1788947645348000000,0
StreamlinedBlobStorage.totalLiveRecordsCapacityBytes,1788947585530000000,1788947645348000000,0
StreamlinedBlobStorage.recordsDeleted,1788947585530000000,1788947645348000000,0
StorageLockContext.competingThreads.max,1788947585530000000,1788947645348000000,0
StreamlinedBlobStorage.totalLiveRecordsPayloadBytes,1788947585530000000,1788947645348000000,0
FilePageCache.pageLoadsAboveSizeThreshold,1788947585530000000,1788947645348000000,0
StorageLockContext.competingThreads.90P,1788947585530000000,1788947645348000000,0
StreamlinedBlobStorage.recordsAllocated,1788947585530000000,1788947645348000000,0
DirectByteBufferAllocator.totalSizeOfBuffersAllocatedInBytes,1788947585530000000,1788947645348000000,8192
FilePageCache.pageFastCacheHits,1788947585530000000,1788947645348000000,177
DirectByteBufferAllocator.disposed,1788947585530000000,1788947645348000000,0
FilePageCache.WAL.entriesFlushedOnRead,1788947585530000000,1788947645348000000,0
FilePageCache.uncachedFileAccess,1788947585530000000,1788947645348000000,59
MappedFileStorage.storages,1788947585530000000,1788947645348000000,8
FileChannelInterruptsRetryer.totalRetriedAttempts,1788947585530000000,1788947645348000000,0
DirectByteBufferAllocator.reclaimed,1788947585530000000,1788947645348000000,0
FilePageCache.pageHits,1788947585530000000,1788947645348000000,0
AWTEventQueue.dispatchTimeTotalNS,1788947585530000000,1788947645348000000,57116487
FlushQueue.queueSizeAvg,1788947585530000000,1788947645348000000,0.0
FlushQueue.executionTimeAvgNs,1788947585530000000,1788947645348000000,0.0
WriteAction.executionsCount,1788947585530000000,1788947645348000000,0
AWTEventQueue.dispatchTime90PNs,1788947585530000000,1788947645348000000,0
FlushQueue.executionTime90PNs,1788947585530000000,1788947645348000000,0
FlushQueue.queueSizeMax,1788947585530000000,1788947645348000000,0
FlushQueue.waitingTimeAvgNs,1788947585530000000,1788947645348000000,0.0
ReadAction.executionsCount,1788947585530000000,1788947645348000000,60
FlushQueue.tasksExecuted,1788947585530000000,1788947645348000000,0
FlushQueue.executionTimeMaxNs,1788947585530000000,1788947645348000000,0
AWTEventQueue.dispatchTimeMaxNs,1788947585530000000,1788947645348000000,0
AWTEventQueue.dispatchTimeAvgNs,1788947585530000000,1788947645348000000,0.0
AWTEventQueue.eventsDispatched,1788947585530000000,1788947645348000000,0
FlushQueue.queueSize90P,1788947585530000000,1788947645348000000,0
FlushQueue.waitingTime90PNs,1788947585530000000,1788947645348000000,0
FlushQueue.waitingTimeMaxNs,1788947585530000000,1788947645348000000,0
jps.library.entities.serializer.save.entities.ms,1788947585530000000,1788947645348000000,0
workspaceModel.mutableEntityStorage.add.entity.ms,1788947585530000000,1788947645348000000,0
workspaceModel.mutableEntityStorage.collect.changes.ms,1788947585530000000,1788947645348000000,0
workspaceModel.mutableEntityStorage.modify.entity.ms,1788947585530000000,1788947645348000000,0
workspaceModel.mutableEntityStorage.instances.count,1788947585530000000,1788947645348000000,0
workspaceModel.sync.entities.ms,1788947585530000000,1788947645348000000,0
workspaceModel.global.apply.state.to.project.builder.ms,1788947585530000000,1788947645348000000,0
workspaceModel.mutableEntityStorage.remove.entity.ms,1788947585530000000,1788947645348000000,0
jps.global.initialize.library.bridges.ms,1788947585530000000,1788947645348000000,0
workspaceModel.mutableEntityStorage.resolve.ms,1788947585530000000,1788947645348000000,0
jps.global.handle.before.change.events.ms,1788947585530000000,1788947645348000000,0
workspaceModel.mutableEntityStorage.has.same.entities.ms,1788947585530000000,1788947645348000000,0
workspaceModel.mutableEntityStorage.replace.by.source.ms,1788947585530000000,1788947645348000000,0
jps.global.initialize.library.bridges.after.loading.ms,1788947585530000000,1788947645348000000,0
jps.library.entities.serializer.load.entities.ms,1788947585530000000,1788947645348000000,0
workspaceModel.save.cache.to.file.ms,1788947585530000000,1788947645348000000,0
jps.global.get.library.by.name.ms,1788947585530000000,1788947645348000000,0
workspaceModel.mutableEntityStorage.hasReferrers.ms,1788947585530000000,1788947645348000000,0
workspaceModel.mutableEntityStorage.apply.changes.from.ms,1788947585530000000,1788947645348000000,0
workspaceModel.load.cache.from.file.ms,1788947585530000000,1788947645348000000,0
workspaceModel.load.cache.metadata.from.file.ms,1788947585530000000,1788947645348000000,0
workspaceModel.mutableEntityStorage.mutable.ext.mapping.ms,1788947585530000000,1788947645348000000,0
jps.load.initial.state.ms,1788947585530000000,1788947645348000000,0
workspaceModel.mutableEntityStorage.entities.ms,1788947585530000000,1788947645348000000,0
workspaceModel.mutableEntityStorage.entities.by.source.ms,1788947585530000000,1788947645348000000,0
workspaceModel.global.updates.ms,1788947585530000000,1788947645348000000,0
workspaceModel.mutableEntityStorage.referrers.ms,1788947585530000000,1788947645348000000,0
workspaceModel.mutableEntityStorage.to.snapshot.ms,1788947585530000000,1788947645348000000,0
jps.save.global.entities.ms,1788947585530000000,1788947645348000000,0
workspaceModel.mutableEntityStorage.changeLog.addReplaceEventForRemovedChild.ms,1788947585530000000,1788947645348000000,0
workspaceModel.mutableEntityStorage.changeLog.addReplaceEventForNewParent.ms,1788947585530000000,1788947645348000000,0
workspaceModel.global.updates.count,1788947585530000000,1788947645348000000,0
workspaceModel.global.apply.state.to.project.ms,1788947585530000000,1788947645348000000,0
jps.app.storage.content.writer.save.component.ms,1788947585530000000,1788947645348000000,0
jps.global.get.libraries.ms,1788947585530000000,1788947645348000000,0
jps.global.handle.changed.events.ms,1788947585530000000,1788947645348000000,0
jps.global.get.library.ms,1788947585530000000,1788947645348000000,0
workspaceModel.mutableEntityStorage.put.entity.ms,1788947585530000000,1788947645348000000,0
jps.app.storage.content.reader.load.component.ms,1788947585530000000,1788947645348000000,0
workspaceModel.mutableEntityStorage.changeLog.addReplaceEventForRemovedParent.ms,1788947585530000000,1788947645348000000,0
workspaceModel.mutableEntityStorage.changeLog.addReplaceEventForNewChild.ms,1788947585530000000,1788947645348000000,0
workspaceModel.mutableEntityStorage.mutable.vfurl.index.ms,1788947585530000000,1788947645348000000,0
cacheStateStorage.get.duration,1788947645348000000,1788947705350000000,0
cacheStateStorage.get.counter,1788947645348000000,1788947705350000000,0
cacheStateStorage.set.duration,1788947645348000000,1788947705350000000,0
cacheStateStorage.set.counter,1788947645348000000,1788947705350000000,0
VFS.cache.directoriesCreated,1788947645348000000,1788947705350000000,0
VFS.contentStorage.recordsReadDecompressed,1788947645348000000,1788947705350000000,0
VFS.ContentWriter.totalTimeSpentOnAsyncOperationsUs,1788947645348000000,1788947705350000000,0
VFS.cache.filesCreated,1788947645348000000,1788947705350000000,0
VFS.folderCaseSensitivityReads,1788947645348000000,1788947705350000000,0
FileNameCache.queries,1788947645348000000,1788947705350000000,0
VFS.ContentWriter.totalTasksExecutedSync,1788947645348000000,1788947705350000000,0
VFS.ContentWriter.totalFlushes,1788947645348000000,1788947705350000000,0
VFS.fileByIdCache.hits,1788947645348000000,1788947705350000000,0
VFS.fileChildByName,1788947645348000000,1788947705350000000,0
VFS.invertedFileNameIndex.requests,1788947645348000000,1788947705350000000,0
VFS.contentStorage.recordsRead,1788947645348000000,1788947705350000000,0
VFS.cache.segments,1788947645348000000,1788947705350000000,0
VFS.contentStorage.recordsStoredCompressed,1788947645348000000,1788947705350000000,0
FileNameCache.totalMisses,1788947645348000000,1788947705350000000,0
VFS.contentStorage.recordsDecompressionTimeUs,1788947645348000000,1788947705350000000,0
VFS.contentStorage.recordsStored,1788947645348000000,1788947705350000000,0
VFS.rootsCount,1788947645348000000,1788947705350000000,0.0
VFS.ContentWriter.totalTasksExecutedAsync,1788947645348000000,1788947705350000000,0
VFS.contentStorage.recordsUncompressedSize,1788947645348000000,1788947705350000000,0
VFS.contentStorage.recordsDeduplicated,1788947645348000000,1788947705350000000,0
VFS.fileByIdCache.misses,1788947645348000000,1788947705350000000,0
VFS.cache.segmentsCreated,1788947645348000000,1788947705350000000,0
VFS.ContentWriter.totalTimeSpentOnSyncOperationsUs,1788947645348000000,1788947705350000000,0
VFS.contentStorage.recordsReadSize,1788947645348000000,1788947705350000000,0
VFS.contentStorage.recordsStoredSize,1788947645348000000,1788947705350000000,0
Indexing.cache.totalCacheAccesses,1788947645348000000,1788947705350000000,0
Indexing.writesQueuedMin,1788947645348000000,1788947705350000000,9223372036854775807
Indexing.writer_1.totalTimeSpentWritingMs,1788947645348000000,1788947705350000000,0
Indexing.cache.totalCacheMisses,1788947645348000000,1788947705350000000,0
Indexing.writesQueuedMax,1788947645348000000,1788947705350000000,0
Indexing.writer_0.totalTimeSpentWritingMs,1788947645348000000,1788947705350000000,0
Indexing.writer_2.totalTimeSpentWritingMs,1788947645348000000,1788947705350000000,0
Indexing.cache.totalCacheEvicted,1788947645348000000,1788947705350000000,0
Indexing.writer_3.totalTimeSpentWritingMs,1788947645348000000,1788947705350000000,0
Indexing.totalTimeIndexersSleptMs,1788947645348000000,1788947705350000000,0
workspaceModel.entityStorageSnapshotImpl.instances.count,1788947645348000000,1788947705350000000,0
writeAction.median.wait.ms,1788947645348000000,1788947705350000000,0
writeAction.count,1788947645348000000,1788947705350000000,1
writeAction.wait.ms,1788947645348000000,1788947705350000000,2
writeAction.max.wait.ms,1788947645348000000,1788947705350000000,2
FilePageCache.totalPageStoresUs,1788947645348000000,1788947705350000000,11462
FilePageCache.totalPageLoadsUs,1788947645348000000,1788947705350000000,0
FilePageCache.totalBytesStored,1788947645348000000,1788947705350000000,960
FilePageCache.WAL.flushesForcedByOverflow,1788947645348000000,1788947705350000000,0
FilePageCache.WAL.entriesFlushedOnTruncate,1788947645348000000,1788947705350000000,0
DirectByteBufferAllocator.misses,1788947645348000000,1788947705350000000,0
MappedFileStorage.totalPagesMapped,1788947645348000000,1788947705350000000,8
FilePageCache.capacityInBytes,1788947645348000000,1788947705350000000,629145600
FilePageCache.WAL.entriesFlushedOnForce,1788947645348000000,1788947705350000000,0
DirectByteBufferAllocator.totalSizeOfBuffersCachedInBytes,1788947645348000000,1788947705350000000,41959424
FilePageCache.WAL.entriesFlushedOnClose,1788947645348000000,1788947705350000000,0
FilePageCache.totalPageDisposalsUs,1788947645348000000,1788947705350000000,0
StreamlinedBlobStorage.recordsRelocated,1788947645348000000,1788947705350000000,0
MappedFileStorage.totalBytesMapped,1788947645348000000,1788947705350000000,232783872
DirectByteBufferAllocator.hits,1788947645348000000,1788947705350000000,0
StorageLockContext.competingThreads.avg,1788947645348000000,1788947705350000000,0.0
FilePageCache.WAL.entriesFlushed,1788947645348000000,1788947705350000000,0
FilePageCache.WAL.bytesQueued,1788947645348000000,1788947705350000000,0
MappedFileStorage.totalTimeSpentOnMappingUs,1788947645348000000,1788947705350000000,10672
FilePageCache.maxRegisteredFiles,1788947645348000000,1788947705350000000,1072
FilePageCache.maxCacheSizeInBytes,1788947645348000000,1788947705350000000,400572416
FilePageCache.WAL.bytesCopiedByApplyUnfinished,1788947645348000000,1788947705350000000,0
FilePageCache.disposedBuffers,1788947645348000000,1788947705350000000,0
FilePageCache.pageLoads,1788947645348000000,1788947705350000000,0
StreamlinedBlobStorage.totalLiveRecordsCapacityBytes,1788947645348000000,1788947705350000000,0
StreamlinedBlobStorage.recordsDeleted,1788947645348000000,1788947705350000000,0
StorageLockContext.competingThreads.max,1788947645348000000,1788947705350000000,0
StreamlinedBlobStorage.totalLiveRecordsPayloadBytes,1788947645348000000,1788947705350000000,0
FilePageCache.pageLoadsAboveSizeThreshold,1788947645348000000,1788947705350000000,0
StorageLockContext.competingThreads.90P,1788947645348000000,1788947705350000000,0
StreamlinedBlobStorage.recordsAllocated,1788947645348000000,1788947705350000000,0
DirectByteBufferAllocator.totalSizeOfBuffersAllocatedInBytes,1788947645348000000,1788947705350000000,8192
FilePageCache.pageFastCacheHits,1788947645348000000,1788947705350000000,180
DirectByteBufferAllocator.disposed,1788947645348000000,1788947705350000000,0
FilePageCache.WAL.entriesFlushedOnRead,1788947645348000000,1788947705350000000,0
FilePageCache.uncachedFileAccess,1788947645348000000,1788947705350000000,60
MappedFileStorage.storages,1788947645348000000,1788947705350000000,8
FileChannelInterruptsRetryer.totalRetriedAttempts,1788947645348000000,1788947705350000000,0
DirectByteBufferAllocator.reclaimed,1788947645348000000,1788947705350000000,0
FilePageCache.pageHits,1788947645348000000,1788947705350000000,0
AWTEventQueue.dispatchTimeTotalNS,1788947645348000000,1788947705350000000,62288642
FlushQueue.queueSizeAvg,1788947645348000000,1788947705350000000,0.0
FlushQueue.executionTimeAvgNs,1788947645348000000,1788947705350000000,0.0
WriteAction.executionsCount,1788947645348000000,1788947705350000000,1
AWTEventQueue.dispatchTime90PNs,1788947645348000000,1788947705350000000,0
FlushQueue.executionTime90PNs,1788947645348000000,1788947705350000000,0
FlushQueue.queueSizeMax,1788947645348000000,1788947705350000000,0
FlushQueue.waitingTimeAvgNs,1788947645348000000,1788947705350000000,0.0
ReadAction.executionsCount,1788947645348000000,1788947705350000000,76
FlushQueue.tasksExecuted,1788947645348000000,1788947705350000000,0
FlushQueue.executionTimeMaxNs,1788947645348000000,1788947705350000000,0
AWTEventQueue.dispatchTimeMaxNs,1788947645348000000,1788947705350000000,0
AWTEventQueue.dispatchTimeAvgNs,1788947645348000000,1788947705350000000,0.0
AWTEventQueue.eventsDispatched,1788947645348000000,1788947705350000000,0
FlushQueue.queueSize90P,1788947645348000000,1788947705350000000,0
FlushQueue.waitingTime90PNs,1788947645348000000,1788947705350000000,0
FlushQueue.waitingTimeMaxNs,1788947645348000000,1788947705350000000,0
jps.library.entities.serializer.save.entities.ms,1788947645348000000,1788947705350000000,0
workspaceModel.mutableEntityStorage.add.entity.ms,1788947645348000000,1788947705350000000,0
workspaceModel.mutableEntityStorage.collect.changes.ms,1788947645348000000,1788947705350000000,0
workspaceModel.mutableEntityStorage.modify.entity.ms,1788947645348000000,1788947705350000000,0
workspaceModel.mutableEntityStorage.instances.count,1788947645348000000,1788947705350000000,0
workspaceModel.sync.entities.ms,1788947645348000000,1788947705350000000,0
workspaceModel.global.apply.state.to.project.builder.ms,1788947645348000000,1788947705350000000,0
workspaceModel.mutableEntityStorage.remove.entity.ms,1788947645348000000,1788947705350000000,0
jps.global.initialize.library.bridges.ms,1788947645348000000,1788947705350000000,0
workspaceModel.mutableEntityStorage.resolve.ms,1788947645348000000,1788947705350000000,0
jps.global.handle.before.change.events.ms,1788947645348000000,1788947705350000000,0
workspaceModel.mutableEntityStorage.has.same.entities.ms,1788947645348000000,1788947705350000000,0
workspaceModel.mutableEntityStorage.replace.by.source.ms,1788947645348000000,1788947705350000000,0
jps.global.initialize.library.bridges.after.loading.ms,1788947645348000000,1788947705350000000,0
jps.library.entities.serializer.load.entities.ms,1788947645348000000,1788947705350000000,0
workspaceModel.save.cache.to.file.ms,1788947645348000000,1788947705350000000,0
jps.global.get.library.by.name.ms,1788947645348000000,1788947705350000000,0
workspaceModel.mutableEntityStorage.hasReferrers.ms,1788947645348000000,1788947705350000000,0
workspaceModel.mutableEntityStorage.apply.changes.from.ms,1788947645348000000,1788947705350000000,0
workspaceModel.load.cache.from.file.ms,1788947645348000000,1788947705350000000,0
workspaceModel.load.cache.metadata.from.file.ms,1788947645348000000,1788947705350000000,0
workspaceModel.mutableEntityStorage.mutable.ext.mapping.ms,1788947645348000000,1788947705350000000,0
jps.load.initial.state.ms,1788947645348000000,1788947705350000000,0
workspaceModel.mutableEntityStorage.entities.ms,1788947645348000000,1788947705350000000,0
workspaceModel.mutableEntityStorage.entities.by.source.ms,1788947645348000000,1788947705350000000,0
workspaceModel.global.updates.ms,1788947645348000000,1788947705350000000,0
workspaceModel.mutableEntityStorage.referrers.ms,1788947645348000000,1788947705350000000,0
workspaceModel.mutableEntityStorage.to.snapshot.ms,1788947645348000000,1788947705350000000,0
jps.save.global.entities.ms,1788947645348000000,1788947705350000000,0
workspaceModel.mutableEntityStorage.changeLog.addReplaceEventForRemovedChild.ms,1788947645348000000,1788947705350000000,0
workspaceModel.mutableEntityStorage.changeLog.addReplaceEventForNewParent.ms,1788947645348000000,1788947705350000000,0
workspaceModel.global.updates.count,1788947645348000000,1788947705350000000,0
workspaceModel.global.apply.state.to.project.ms,1788947645348000000,1788947705350000000,0
jps.app.storage.content.writer.save.component.ms,1788947645348000000,1788947705350000000,0
jps.global.get.libraries.ms,1788947645348000000,1788947705350000000,0
jps.global.handle.changed.events.ms,1788947645348000000,1788947705350000000,0
jps.global.get.library.ms,1788947645348000000,1788947705350000000,0
workspaceModel.mutableEntityStorage.put.entity.ms,1788947645348000000,1788947705350000000,0
jps.app.storage.content.reader.load.component.ms,1788947645348000000,1788947705350000000,0
workspaceModel.mutableEntityStorage.changeLog.addReplaceEventForRemovedParent.ms,1788947645348000000,1788947705350000000,0
workspaceModel.mutableEntityStorage.changeLog.addReplaceEventForNewChild.ms,1788947645348000000,1788947705350000000,0
workspaceModel.mutableEntityStorage.mutable.vfurl.index.ms,1788947645348000000,1788947705350000000,0
cacheStateStorage.get.duration,1788947705350000000,1788947765351000000,0
cacheStateStorage.get.counter,1788947705350000000,1788947765351000000,0
cacheStateStorage.set.duration,1788947705350000000,1788947765351000000,0
cacheStateStorage.set.counter,1788947705350000000,1788947765351000000,0
VFS.cache.directoriesCreated,1788947705350000000,1788947765351000000,0
VFS.contentStorage.recordsReadDecompressed,1788947705350000000,1788947765351000000,0
VFS.ContentWriter.totalTimeSpentOnAsyncOperationsUs,1788947705350000000,1788947765351000000,0
VFS.cache.filesCreated,1788947705350000000,1788947765351000000,0
VFS.folderCaseSensitivityReads,1788947705350000000,1788947765351000000,0
FileNameCache.queries,1788947705350000000,1788947765351000000,0
VFS.ContentWriter.totalTasksExecutedSync,1788947705350000000,1788947765351000000,0
VFS.ContentWriter.totalFlushes,1788947705350000000,1788947765351000000,0
VFS.fileByIdCache.hits,1788947705350000000,1788947765351000000,0
VFS.fileChildByName,1788947705350000000,1788947765351000000,0
VFS.invertedFileNameIndex.requests,1788947705350000000,1788947765351000000,0
VFS.contentStorage.recordsRead,1788947705350000000,1788947765351000000,0
VFS.cache.segments,1788947705350000000,1788947765351000000,0
VFS.contentStorage.recordsStoredCompressed,1788947705350000000,1788947765351000000,0
FileNameCache.totalMisses,1788947705350000000,1788947765351000000,0
VFS.contentStorage.recordsDecompressionTimeUs,1788947705350000000,1788947765351000000,0
VFS.contentStorage.recordsStored,1788947705350000000,1788947765351000000,0
VFS.rootsCount,1788947705350000000,1788947765351000000,0.0
VFS.ContentWriter.totalTasksExecutedAsync,1788947705350000000,1788947765351000000,0
VFS.contentStorage.recordsUncompressedSize,1788947705350000000,1788947765351000000,0
VFS.contentStorage.recordsDeduplicated,1788947705350000000,1788947765351000000,0
VFS.fileByIdCache.misses,1788947705350000000,1788947765351000000,0
VFS.cache.segmentsCreated,1788947705350000000,1788947765351000000,0
VFS.ContentWriter.totalTimeSpentOnSyncOperationsUs,1788947705350000000,1788947765351000000,0
VFS.contentStorage.recordsReadSize,1788947705350000000,1788947765351000000,0
VFS.contentStorage.recordsStoredSize,1788947705350000000,1788947765351000000,0
Indexing.cache.totalCacheAccesses,1788947705350000000,1788947765351000000,0
Indexing.writesQueuedMin,1788947705350000000,1788947765351000000,9223372036854775807
Indexing.writer_1.totalTimeSpentWritingMs,1788947705350000000,1788947765351000000,0
Indexing.cache.totalCacheMisses,1788947705350000000,1788947765351000000,0
Indexing.writesQueuedMax,1788947705350000000,1788947765351000000,0
Indexing.writer_0.totalTimeSpentWritingMs,1788947705350000000,1788947765351000000,0
Indexing.writer_2.totalTimeSpentWritingMs,1788947705350000000,1788947765351000000,0
Indexing.cache.totalCacheEvicted,1788947705350000000,1788947765351000000,0
Indexing.writer_3.totalTimeSpentWritingMs,1788947705350000000,1788947765351000000,0
Indexing.totalTimeIndexersSleptMs,1788947705350000000,1788947765351000000,0
workspaceModel.entityStorageSnapshotImpl.instances.count,1788947705350000000,1788947765351000000,0
writeAction.median.wait.ms,1788947705350000000,1788947765351000000,0
writeAction.count,1788947705350000000,1788947765351000000,0
writeAction.wait.ms,1788947705350000000,1788947765351000000,0
writeAction.max.wait.ms,1788947705350000000,1788947765351000000,2
FilePageCache.totalPageStoresUs,1788947705350000000,1788947765351000000,10903
FilePageCache.totalPageLoadsUs,1788947705350000000,1788947765351000000,0
FilePageCache.totalBytesStored,1788947705350000000,1788947765351000000,960
FilePageCache.WAL.flushesForcedByOverflow,1788947705350000000,1788947765351000000,0
FilePageCache.WAL.entriesFlushedOnTruncate,1788947705350000000,1788947765351000000,0
DirectByteBufferAllocator.misses,1788947705350000000,1788947765351000000,0
MappedFileStorage.totalPagesMapped,1788947705350000000,1788947765351000000,8
FilePageCache.capacityInBytes,1788947705350000000,1788947765351000000,629145600
FilePageCache.WAL.entriesFlushedOnForce,1788947705350000000,1788947765351000000,0
DirectByteBufferAllocator.totalSizeOfBuffersCachedInBytes,1788947705350000000,1788947765351000000,41959424
FilePageCache.WAL.entriesFlushedOnClose,1788947705350000000,1788947765351000000,0
FilePageCache.totalPageDisposalsUs,1788947705350000000,1788947765351000000,0
StreamlinedBlobStorage.recordsRelocated,1788947705350000000,1788947765351000000,0
MappedFileStorage.totalBytesMapped,1788947705350000000,1788947765351000000,232783872
DirectByteBufferAllocator.hits,1788947705350000000,1788947765351000000,0
StorageLockContext.competingThreads.avg,1788947705350000000,1788947765351000000,0.0
FilePageCache.WAL.entriesFlushed,1788947705350000000,1788947765351000000,0
FilePageCache.WAL.bytesQueued,1788947705350000000,1788947765351000000,0
MappedFileStorage.totalTimeSpentOnMappingUs,1788947705350000000,1788947765351000000,10672
FilePageCache.maxRegisteredFiles,1788947705350000000,1788947765351000000,1072
FilePageCache.maxCacheSizeInBytes,1788947705350000000,1788947765351000000,400572416
FilePageCache.WAL.bytesCopiedByApplyUnfinished,1788947705350000000,1788947765351000000,0
FilePageCache.disposedBuffers,1788947705350000000,1788947765351000000,0
FilePageCache.pageLoads,1788947705350000000,1788947765351000000,0
StreamlinedBlobStorage.totalLiveRecordsCapacityBytes,1788947705350000000,1788947765351000000,0
StreamlinedBlobStorage.recordsDeleted,1788947705350000000,1788947765351000000,0
StorageLockContext.competingThreads.max,1788947705350000000,1788947765351000000,0
StreamlinedBlobStorage.totalLiveRecordsPayloadBytes,1788947705350000000,1788947765351000000,0
FilePageCache.pageLoadsAboveSizeThreshold,1788947705350000000,1788947765351000000,0
StorageLockContext.competingThreads.90P,1788947705350000000,1788947765351000000,0
StreamlinedBlobStorage.recordsAllocated,1788947705350000000,1788947765351000000,0
DirectByteBufferAllocator.totalSizeOfBuffersAllocatedInBytes,1788947705350000000,1788947765351000000,8192
FilePageCache.pageFastCacheHits,1788947705350000000,1788947765351000000,180
DirectByteBufferAllocator.disposed,1788947705350000000,1788947765351000000,0
FilePageCache.WAL.entriesFlushedOnRead,1788947705350000000,1788947765351000000,0
FilePageCache.uncachedFileAccess,1788947705350000000,1788947765351000000,60
MappedFileStorage.storages,1788947705350000000,1788947765351000000,8
FileChannelInterruptsRetryer.totalRetriedAttempts,1788947705350000000,1788947765351000000,0
DirectByteBufferAllocator.reclaimed,1788947705350000000,1788947765351000000,0
FilePageCache.pageHits,1788947705350000000,1788947765351000000,0
AWTEventQueue.dispatchTimeTotalNS,1788947705350000000,1788947765351000000,15613337
FlushQueue.queueSizeAvg,1788947705350000000,1788947765351000000,0.0
FlushQueue.executionTimeAvgNs,1788947705350000000,1788947765351000000,0.0
WriteAction.executionsCount,1788947705350000000,1788947765351000000,0
AWTEventQueue.dispatchTime90PNs,1788947705350000000,1788947765351000000,0
FlushQueue.executionTime90PNs,1788947705350000000,1788947765351000000,0
FlushQueue.queueSizeMax,1788947705350000000,1788947765351000000,0
FlushQueue.waitingTimeAvgNs,1788947705350000000,1788947765351000000,0.0
ReadAction.executionsCount,1788947705350000000,1788947765351000000,60
FlushQueue.tasksExecuted,1788947705350000000,1788947765351000000,0
FlushQueue.executionTimeMaxNs,1788947705350000000,1788947765351000000,0
AWTEventQueue.dispatchTimeMaxNs,1788947705350000000,1788947765351000000,0
AWTEventQueue.dispatchTimeAvgNs,1788947705350000000,1788947765351000000,0.0
AWTEventQueue.eventsDispatched,1788947705350000000,1788947765351000000,0
FlushQueue.queueSize90P,1788947705350000000,1788947765351000000,0
FlushQueue.waitingTime90PNs,1788947705350000000,1788947765351000000,0
FlushQueue.waitingTimeMaxNs,1788947705350000000,1788947765351000000,0
jps.library.entities.serializer.save.entities.ms,1788947705350000000,1788947765351000000,0
workspaceModel.mutableEntityStorage.add.entity.ms,1788947705350000000,1788947765351000000,0
workspaceModel.mutableEntityStorage.collect.changes.ms,1788947705350000000,1788947765351000000,0
workspaceModel.mutableEntityStorage.modify.entity.ms,1788947705350000000,1788947765351000000,0
workspaceModel.mutableEntityStorage.instances.count,1788947705350000000,1788947765351000000,0
workspaceModel.sync.entities.ms,1788947705350000000,1788947765351000000,0
workspaceModel.global.apply.state.to.project.builder.ms,1788947705350000000,1788947765351000000,0
workspaceModel.mutableEntityStorage.remove.entity.ms,1788947705350000000,1788947765351000000,0
jps.global.initialize.library.bridges.ms,1788947705350000000,1788947765351000000,0
workspaceModel.mutableEntityStorage.resolve.ms,1788947705350000000,1788947765351000000,0
jps.global.handle.before.change.events.ms,1788947705350000000,1788947765351000000,0
workspaceModel.mutableEntityStorage.has.same.entities.ms,1788947705350000000,1788947765351000000,0
workspaceModel.mutableEntityStorage.replace.by.source.ms,1788947705350000000,1788947765351000000,0
jps.global.initialize.library.bridges.after.loading.ms,1788947705350000000,1788947765351000000,0
jps.library.entities.serializer.load.entities.ms,1788947705350000000,1788947765351000000,0
workspaceModel.save.cache.to.file.ms,1788947705350000000,1788947765351000000,0
jps.global.get.library.by.name.ms,1788947705350000000,1788947765351000000,0
workspaceModel.mutableEntityStorage.hasReferrers.ms,1788947705350000000,1788947765351000000,0
workspaceModel.mutableEntityStorage.apply.changes.from.ms,1788947705350000000,1788947765351000000,0
workspaceModel.load.cache.from.file.ms,1788947705350000000,1788947765351000000,0
workspaceModel.load.cache.metadata.from.file.ms,1788947705350000000,1788947765351000000,0
workspaceModel.mutableEntityStorage.mutable.ext.mapping.ms,1788947705350000000,1788947765351000000,0
jps.load.initial.state.ms,1788947705350000000,1788947765351000000,0
workspaceModel.mutableEntityStorage.entities.ms,1788947705350000000,1788947765351000000,0
workspaceModel.mutableEntityStorage.entities.by.source.ms,1788947705350000000,1788947765351000000,0
workspaceModel.global.updates.ms,1788947705350000000,1788947765351000000,0
workspaceModel.mutableEntityStorage.referrers.ms,1788947705350000000,1788947765351000000,0
workspaceModel.mutableEntityStorage.to.snapshot.ms,1788947705350000000,1788947765351000000,0
jps.save.global.entities.ms,1788947705350000000,1788947765351000000,0
workspaceModel.mutableEntityStorage.changeLog.addReplaceEventForRemovedChild.ms,1788947705350000000,1788947765351000000,0
workspaceModel.mutableEntityStorage.changeLog.addReplaceEventForNewParent.ms,1788947705350000000,1788947765351000000,0
workspaceModel.global.updates.count,1788947705350000000,1788947765351000000,0
workspaceModel.global.apply.state.to.project.ms,1788947705350000000,1788947765351000000,0
jps.app.storage.content.writer.save.component.ms,1788947705350000000,1788947765351000000,0
jps.global.get.libraries.ms,1788947705350000000,1788947765351000000,0
jps.global.handle.changed.events.ms,1788947705350000000,1788947765351000000,0
jps.global.get.library.ms,1788947705350000000,1788947765351000000,0
workspaceModel.mutableEntityStorage.put.entity.ms,1788947705350000000,1788947765351000000,0
jps.app.storage.content.reader.load.component.ms,1788947705350000000,1788947765351000000,0
workspaceModel.mutableEntityStorage.changeLog.addReplaceEventForRemovedParent.ms,1788947705350000000,1788947765351000000,0
workspaceModel.mutableEntityStorage.changeLog.addReplaceEventForNewChild.ms,1788947705350000000,1788947765351000000,0
workspaceModel.mutableEntityStorage.mutable.vfurl.index.ms,1788947705350000000,1788947765351000000,0
cacheStateStorage.get.duration,1788947765351000000,1788947825336000000,0
cacheStateStorage.get.counter,1788947765351000000,1788947825336000000,0
cacheStateStorage.set.duration,1788947765351000000,1788947825336000000,0
cacheStateStorage.set.counter,1788947765351000000,1788947825336000000,0
VFS.cache.directoriesCreated,1788947765351000000,1788947825336000000,0
VFS.contentStorage.recordsReadDecompressed,1788947765351000000,1788947825336000000,0
VFS.ContentWriter.totalTimeSpentOnAsyncOperationsUs,1788947765351000000,1788947825336000000,0
VFS.cache.filesCreated,1788947765351000000,1788947825336000000,0
VFS.folderCaseSensitivityReads,1788947765351000000,1788947825336000000,0
FileNameCache.queries,1788947765351000000,1788947825336000000,0
VFS.ContentWriter.totalTasksExecutedSync,1788947765351000000,1788947825336000000,0
VFS.ContentWriter.totalFlushes,1788947765351000000,1788947825336000000,0
VFS.fileByIdCache.hits,1788947765351000000,1788947825336000000,0
VFS.fileChildByName,1788947765351000000,1788947825336000000,0
VFS.invertedFileNameIndex.requests,1788947765351000000,1788947825336000000,0
VFS.contentStorage.recordsRead,1788947765351000000,1788947825336000000,0
VFS.cache.segments,1788947765351000000,1788947825336000000,0
VFS.contentStorage.recordsStoredCompressed,1788947765351000000,1788947825336000000,0
FileNameCache.totalMisses,1788947765351000000,1788947825336000000,0
VFS.contentStorage.recordsDecompressionTimeUs,1788947765351000000,1788947825336000000,0
VFS.contentStorage.recordsStored,1788947765351000000,1788947825336000000,0
VFS.rootsCount,1788947765351000000,1788947825336000000,0.0
VFS.ContentWriter.totalTasksExecutedAsync,1788947765351000000,1788947825336000000,0
VFS.contentStorage.recordsUncompressedSize,1788947765351000000,1788947825336000000,0
VFS.contentStorage.recordsDeduplicated,1788947765351000000,1788947825336000000,0
VFS.fileByIdCache.misses,1788947765351000000,1788947825336000000,0
VFS.cache.segmentsCreated,1788947765351000000,1788947825336000000,0
VFS.ContentWriter.totalTimeSpentOnSyncOperationsUs,1788947765351000000,1788947825336000000,0
VFS.contentStorage.recordsReadSize,1788947765351000000,1788947825336000000,0
VFS.contentStorage.recordsStoredSize,1788947765351000000,1788947825336000000,0
Indexing.cache.totalCacheAccesses,1788947765351000000,1788947825336000000,0
Indexing.writesQueuedMin,1788947765351000000,1788947825336000000,9223372036854775807
Indexing.writer_1.totalTimeSpentWritingMs,1788947765351000000,1788947825336000000,0
Indexing.cache.totalCacheMisses,1788947765351000000,1788947825336000000,0
Indexing.writesQueuedMax,1788947765351000000,1788947825336000000,0
Indexing.writer_0.totalTimeSpentWritingMs,1788947765351000000,1788947825336000000,0
Indexing.writer_2.totalTimeSpentWritingMs,1788947765351000000,1788947825336000000,0
Indexing.cache.totalCacheEvicted,1788947765351000000,1788947825336000000,0
Indexing.writer_3.totalTimeSpentWritingMs,1788947765351000000,1788947825336000000,0
Indexing.totalTimeIndexersSleptMs,1788947765351000000,1788947825336000000,0
workspaceModel.entityStorageSnapshotImpl.instances.count,1788947765351000000,1788947825336000000,0
writeAction.median.wait.ms,1788947765351000000,1788947825336000000,0
writeAction.count,1788947765351000000,1788947825336000000,0
writeAction.wait.ms,1788947765351000000,1788947825336000000,0
writeAction.max.wait.ms,1788947765351000000,1788947825336000000,2
FilePageCache.totalPageStoresUs,1788947765351000000,1788947825336000000,10925
FilePageCache.totalPageLoadsUs,1788947765351000000,1788947825336000000,0
FilePageCache.totalBytesStored,1788947765351000000,1788947825336000000,960
FilePageCache.WAL.flushesForcedByOverflow,1788947765351000000,1788947825336000000,0
FilePageCache.WAL.entriesFlushedOnTruncate,1788947765351000000,1788947825336000000,0
DirectByteBufferAllocator.misses,1788947765351000000,1788947825336000000,0
MappedFileStorage.totalPagesMapped,1788947765351000000,1788947825336000000,8
FilePageCache.capacityInBytes,1788947765351000000,1788947825336000000,629145600
FilePageCache.WAL.entriesFlushedOnForce,1788947765351000000,1788947825336000000,0
DirectByteBufferAllocator.totalSizeOfBuffersCachedInBytes,1788947765351000000,1788947825336000000,41959424
FilePageCache.WAL.entriesFlushedOnClose,1788947765351000000,1788947825336000000,0
FilePageCache.totalPageDisposalsUs,1788947765351000000,1788947825336000000,0
StreamlinedBlobStorage.recordsRelocated,1788947765351000000,1788947825336000000,0
MappedFileStorage.totalBytesMapped,1788947765351000000,1788947825336000000,232783872
DirectByteBufferAllocator.hits,1788947765351000000,1788947825336000000,0
StorageLockContext.competingThreads.avg,1788947765351000000,1788947825336000000,0.0
FilePageCache.WAL.entriesFlushed,1788947765351000000,1788947825336000000,0
FilePageCache.WAL.bytesQueued,1788947765351000000,1788947825336000000,0
MappedFileStorage.totalTimeSpentOnMappingUs,1788947765351000000,1788947825336000000,10672
FilePageCache.maxRegisteredFiles,1788947765351000000,1788947825336000000,1072
FilePageCache.maxCacheSizeInBytes,1788947765351000000,1788947825336000000,400572416
FilePageCache.WAL.bytesCopiedByApplyUnfinished,1788947765351000000,1788947825336000000,0
FilePageCache.disposedBuffers,1788947765351000000,1788947825336000000,0
FilePageCache.pageLoads,1788947765351000000,1788947825336000000,0
StreamlinedBlobStorage.totalLiveRecordsCapacityBytes,1788947765351000000,1788947825336000000,0
StreamlinedBlobStorage.recordsDeleted,1788947765351000000,1788947825336000000,0
StorageLockContext.competingThreads.max,1788947765351000000,1788947825336000000,0
StreamlinedBlobStorage.totalLiveRecordsPayloadBytes,1788947765351000000,1788947825336000000,0
FilePageCache.pageLoadsAboveSizeThreshold,1788947765351000000,1788947825336000000,0
StorageLockContext.competingThreads.90P,1788947765351000000,1788947825336000000,0
StreamlinedBlobStorage.recordsAllocated,1788947765351000000,1788947825336000000,0
DirectByteBufferAllocator.totalSizeOfBuffersAllocatedInBytes,1788947765351000000,1788947825336000000,8192
FilePageCache.pageFastCacheHits,1788947765351000000,1788947825336000000,180
DirectByteBufferAllocator.disposed,1788947765351000000,1788947825336000000,0
FilePageCache.WAL.entriesFlushedOnRead,1788947765351000000,1788947825336000000,0
FilePageCache.uncachedFileAccess,1788947765351000000,1788947825336000000,60
MappedFileStorage.storages,1788947765351000000,1788947825336000000,8
FileChannelInterruptsRetryer.totalRetriedAttempts,1788947765351000000,1788947825336000000,0
DirectByteBufferAllocator.reclaimed,1788947765351000000,1788947825336000000,0
FilePageCache.pageHits,1788947765351000000,1788947825336000000,0
AWTEventQueue.dispatchTimeTotalNS,1788947765351000000,1788947825336000000,14955350
FlushQueue.queueSizeAvg,1788947765351000000,1788947825336000000,0.0
FlushQueue.executionTimeAvgNs,1788947765351000000,1788947825336000000,0.0
WriteAction.executionsCount,1788947765351000000,1788947825336000000,0
AWTEventQueue.dispatchTime90PNs,1788947765351000000,1788947825336000000,0
FlushQueue.executionTime90PNs,1788947765351000000,1788947825336000000,0
FlushQueue.queueSizeMax,1788947765351000000,1788947825336000000,0
FlushQueue.waitingTimeAvgNs,1788947765351000000,1788947825336000000,0.0
ReadAction.executionsCount,1788947765351000000,1788947825336000000,60
FlushQueue.tasksExecuted,1788947765351000000,1788947825336000000,0
FlushQueue.executionTimeMaxNs,1788947765351000000,1788947825336000000,0
AWTEventQueue.dispatchTimeMaxNs,1788947765351000000,1788947825336000000,0
AWTEventQueue.dispatchTimeAvgNs,1788947765351000000,1788947825336000000,0.0
AWTEventQueue.eventsDispatched,1788947765351000000,1788947825336000000,0
FlushQueue.queueSize90P,1788947765351000000,1788947825336000000,0
FlushQueue.waitingTime90PNs,1788947765351000000,1788947825336000000,0
FlushQueue.waitingTimeMaxNs,1788947765351000000,1788947825336000000,0
jps.library.entities.serializer.save.entities.ms,1788947765351000000,1788947825336000000,0
workspaceModel.mutableEntityStorage.add.entity.ms,1788947765351000000,1788947825336000000,0
workspaceModel.mutableEntityStorage.collect.changes.ms,1788947765351000000,1788947825336000000,0
workspaceModel.mutableEntityStorage.modify.entity.ms,1788947765351000000,1788947825336000000,0
workspaceModel.mutableEntityStorage.instances.count,1788947765351000000,1788947825336000000,0
workspaceModel.sync.entities.ms,1788947765351000000,1788947825336000000,0
workspaceModel.global.apply.state.to.project.builder.ms,1788947765351000000,1788947825336000000,0
workspaceModel.mutableEntityStorage.remove.entity.ms,1788947765351000000,1788947825336000000,0
jps.global.initialize.library.bridges.ms,1788947765351000000,1788947825336000000,0
workspaceModel.mutableEntityStorage.resolve.ms,1788947765351000000,1788947825336000000,0
jps.global.handle.before.change.events.ms,1788947765351000000,1788947825336000000,0
workspaceModel.mutableEntityStorage.has.same.entities.ms,1788947765351000000,1788947825336000000,0
workspaceModel.mutableEntityStorage.replace.by.source.ms,1788947765351000000,1788947825336000000,0
jps.global.initialize.library.bridges.after.loading.ms,1788947765351000000,1788947825336000000,0
jps.library.entities.serializer.load.entities.ms,1788947765351000000,1788947825336000000,0
workspaceModel.save.cache.to.file.ms,1788947765351000000,1788947825336000000,0
jps.global.get.library.by.name.ms,1788947765351000000,1788947825336000000,0
workspaceModel.mutableEntityStorage.hasReferrers.ms,1788947765351000000,1788947825336000000,0
workspaceModel.mutableEntityStorage.apply.changes.from.ms,1788947765351000000,1788947825336000000,0
workspaceModel.load.cache.from.file.ms,1788947765351000000,1788947825336000000,0
workspaceModel.load.cache.metadata.from.file.ms,1788947765351000000,1788947825336000000,0
workspaceModel.mutableEntityStorage.mutable.ext.mapping.ms,1788947765351000000,1788947825336000000,0
jps.load.initial.state.ms,1788947765351000000,1788947825336000000,0
workspaceModel.mutableEntityStorage.entities.ms,1788947765351000000,1788947825336000000,0
workspaceModel.mutableEntityStorage.entities.by.source.ms,1788947765351000000,1788947825336000000,0
workspaceModel.global.updates.ms,1788947765351000000,1788947825336000000,0
workspaceModel.mutableEntityStorage.referrers.ms,1788947765351000000,1788947825336000000,0
workspaceModel.mutableEntityStorage.to.snapshot.ms,1788947765351000000,1788947825336000000,0
jps.save.global.entities.ms,1788947765351000000,1788947825336000000,0
workspaceModel.mutableEntityStorage.changeLog.addReplaceEventForRemovedChild.ms,1788947765351000000,1788947825336000000,0
workspaceModel.mutableEntityStorage.changeLog.addReplaceEventForNewParent.ms,1788947765351000000,1788947825336000000,0
workspaceModel.global.updates.count,1788947765351000000,1788947825336000000,0
workspaceModel.global.apply.state.to.project.ms,1788947765351000000,1788947825336000000,0
jps.app.storage.content.writer.save.component.ms,1788947765351000000,1788947825336000000,0
jps.global.get.libraries.ms,1788947765351000000,1788947825336000000,0
jps.global.handle.changed.events.ms,1788947765351000000,1788947825336000000,0
jps.global.get.library.ms,1788947765351000000,1788947825336000000,0
workspaceModel.mutableEntityStorage.put.entity.ms,1788947765351000000,1788947825336000000,0
jps.app.storage.content.reader.load.component.ms,1788947765351000000,1788947825336000000,0
workspaceModel.mutableEntityStorage.changeLog.addReplaceEventForRemovedParent.ms,1788947765351000000,1788947825336000000,0
workspaceModel.mutableEntityStorage.changeLog.addReplaceEventForNewChild.ms,1788947765351000000,1788947825336000000,0
workspaceModel.mutableEntityStorage.mutable.vfurl.index.ms,1788947765351000000,1788947825336000000,0
cacheStateStorage.get.duration,1788947825336000000,1788947885342000000,0
cacheStateStorage.get.counter,1788947825336000000,1788947885342000000,0
cacheStateStorage.set.duration,1788947825336000000,1788947885342000000,0
cacheStateStorage.set.counter,1788947825336000000,1788947885342000000,0
VFS.cache.directoriesCreated,1788947825336000000,1788947885342000000,0
VFS.contentStorage.recordsReadDecompressed,1788947825336000000,1788947885342000000,0
VFS.ContentWriter.totalTimeSpentOnAsyncOperationsUs,1788947825336000000,1788947885342000000,0
VFS.cache.filesCreated,1788947825336000000,1788947885342000000,0
VFS.folderCaseSensitivityReads,1788947825336000000,1788947885342000000,0
FileNameCache.queries,1788947825336000000,1788947885342000000,0
VFS.ContentWriter.totalTasksExecutedSync,1788947825336000000,1788947885342000000,0
VFS.ContentWriter.totalFlushes,1788947825336000000,1788947885342000000,0
VFS.fileByIdCache.hits,1788947825336000000,1788947885342000000,0
VFS.fileChildByName,1788947825336000000,1788947885342000000,0
VFS.invertedFileNameIndex.requests,1788947825336000000,1788947885342000000,0
VFS.contentStorage.recordsRead,1788947825336000000,1788947885342000000,0
VFS.cache.segments,1788947825336000000,1788947885342000000,0
VFS.contentStorage.recordsStoredCompressed,1788947825336000000,1788947885342000000,0
FileNameCache.totalMisses,1788947825336000000,1788947885342000000,0
VFS.contentStorage.recordsDecompressionTimeUs,1788947825336000000,1788947885342000000,0
VFS.contentStorage.recordsStored,1788947825336000000,1788947885342000000,0
VFS.rootsCount,1788947825336000000,1788947885342000000,0.0
VFS.ContentWriter.totalTasksExecutedAsync,1788947825336000000,1788947885342000000,0
VFS.contentStorage.recordsUncompressedSize,1788947825336000000,1788947885342000000,0
VFS.contentStorage.recordsDeduplicated,1788947825336000000,1788947885342000000,0
VFS.fileByIdCache.misses,1788947825336000000,1788947885342000000,0
VFS.cache.segmentsCreated,1788947825336000000,1788947885342000000,0
VFS.ContentWriter.totalTimeSpentOnSyncOperationsUs,1788947825336000000,1788947885342000000,0
VFS.contentStorage.recordsReadSize,1788947825336000000,1788947885342000000,0
VFS.contentStorage.recordsStoredSize,1788947825336000000,1788947885342000000,0
Indexing.cache.totalCacheAccesses,1788947825336000000,1788947885342000000,0
Indexing.writesQueuedMin,1788947825336000000,1788947885342000000,9223372036854775807
Indexing.writer_1.totalTimeSpentWritingMs,1788947825336000000,1788947885342000000,0
Indexing.cache.totalCacheMisses,1788947825336000000,1788947885342000000,0
Indexing.writesQueuedMax,1788947825336000000,1788947885342000000,0
Indexing.writer_0.totalTimeSpentWritingMs,1788947825336000000,1788947885342000000,0
Indexing.writer_2.totalTimeSpentWritingMs,1788947825336000000,1788947885342000000,0
Indexing.cache.totalCacheEvicted,1788947825336000000,1788947885342000000,0
Indexing.writer_3.totalTimeSpentWritingMs,1788947825336000000,1788947885342000000,0
Indexing.totalTimeIndexersSleptMs,1788947825336000000,1788947885342000000,0
workspaceModel.entityStorageSnapshotImpl.instances.count,1788947825336000000,1788947885342000000,0
writeAction.median.wait.ms,1788947825336000000,1788947885342000000,0
writeAction.count,1788947825336000000,1788947885342000000,0
writeAction.wait.ms,1788947825336000000,1788947885342000000,0
writeAction.max.wait.ms,1788947825336000000,1788947885342000000,2
FilePageCache.totalPageStoresUs,1788947825336000000,1788947885342000000,10470
FilePageCache.totalPageLoadsUs,1788947825336000000,1788947885342000000,0
FilePageCache.totalBytesStored,1788947825336000000,1788947885342000000,960
FilePageCache.WAL.flushesForcedByOverflow,1788947825336000000,1788947885342000000,0
FilePageCache.WAL.entriesFlushedOnTruncate,1788947825336000000,1788947885342000000,0
DirectByteBufferAllocator.misses,1788947825336000000,1788947885342000000,0
MappedFileStorage.totalPagesMapped,1788947825336000000,1788947885342000000,8
FilePageCache.capacityInBytes,1788947825336000000,1788947885342000000,629145600
FilePageCache.WAL.entriesFlushedOnForce,1788947825336000000,1788947885342000000,0
DirectByteBufferAllocator.totalSizeOfBuffersCachedInBytes,1788947825336000000,1788947885342000000,41959424
FilePageCache.WAL.entriesFlushedOnClose,1788947825336000000,1788947885342000000,0
FilePageCache.totalPageDisposalsUs,1788947825336000000,1788947885342000000,0
StreamlinedBlobStorage.recordsRelocated,1788947825336000000,1788947885342000000,0
MappedFileStorage.totalBytesMapped,1788947825336000000,1788947885342000000,232783872
DirectByteBufferAllocator.hits,1788947825336000000,1788947885342000000,0
StorageLockContext.competingThreads.avg,1788947825336000000,1788947885342000000,0.0
FilePageCache.WAL.entriesFlushed,1788947825336000000,1788947885342000000,0
FilePageCache.WAL.bytesQueued,1788947825336000000,1788947885342000000,0
MappedFileStorage.totalTimeSpentOnMappingUs,1788947825336000000,1788947885342000000,10672
FilePageCache.maxRegisteredFiles,1788947825336000000,1788947885342000000,1072
FilePageCache.maxCacheSizeInBytes,1788947825336000000,1788947885342000000,400572416
FilePageCache.WAL.bytesCopiedByApplyUnfinished,1788947825336000000,1788947885342000000,0
FilePageCache.disposedBuffers,1788947825336000000,1788947885342000000,0
FilePageCache.pageLoads,1788947825336000000,1788947885342000000,0
StreamlinedBlobStorage.totalLiveRecordsCapacityBytes,1788947825336000000,1788947885342000000,0
StreamlinedBlobStorage.recordsDeleted,1788947825336000000,1788947885342000000,0
StorageLockContext.competingThreads.max,1788947825336000000,1788947885342000000,0
StreamlinedBlobStorage.totalLiveRecordsPayloadBytes,1788947825336000000,1788947885342000000,0
FilePageCache.pageLoadsAboveSizeThreshold,1788947825336000000,1788947885342000000,0
StorageLockContext.competingThreads.90P,1788947825336000000,1788947885342000000,0
StreamlinedBlobStorage.recordsAllocated,1788947825336000000,1788947885342000000,0
DirectByteBufferAllocator.totalSizeOfBuffersAllocatedInBytes,1788947825336000000,1788947885342000000,8192
FilePageCache.pageFastCacheHits,1788947825336000000,1788947885342000000,180
DirectByteBufferAllocator.disposed,1788947825336000000,1788947885342000000,0
FilePageCache.WAL.entriesFlushedOnRead,1788947825336000000,1788947885342000000,0
FilePageCache.uncachedFileAccess,1788947825336000000,1788947885342000000,60
MappedFileStorage.storages,1788947825336000000,1788947885342000000,8
FileChannelInterruptsRetryer.totalRetriedAttempts,1788947825336000000,1788947885342000000,0
DirectByteBufferAllocator.reclaimed,1788947825336000000,1788947885342000000,0
FilePageCache.pageHits,1788947825336000000,1788947885342000000,0
AWTEventQueue.dispatchTimeTotalNS,1788947825336000000,1788947885342000000,15489345
FlushQueue.queueSizeAvg,1788947825336000000,1788947885342000000,0.0
FlushQueue.executionTimeAvgNs,1788947825336000000,1788947885342000000,0.0
WriteAction.executionsCount,1788947825336000000,1788947885342000000,0
AWTEventQueue.dispatchTime90PNs,1788947825336000000,1788947885342000000,0
FlushQueue.executionTime90PNs,1788947825336000000,1788947885342000000,0
FlushQueue.queueSizeMax,1788947825336000000,1788947885342000000,0
FlushQueue.waitingTimeAvgNs,1788947825336000000,1788947885342000000,0.0
ReadAction.executionsCount,1788947825336000000,1788947885342000000,60
FlushQueue.tasksExecuted,1788947825336000000,1788947885342000000,0
FlushQueue.executionTimeMaxNs,1788947825336000000,1788947885342000000,0
AWTEventQueue.dispatchTimeMaxNs,1788947825336000000,1788947885342000000,0
AWTEventQueue.dispatchTimeAvgNs,1788947825336000000,1788947885342000000,0.0
AWTEventQueue.eventsDispatched,1788947825336000000,1788947885342000000,0
FlushQueue.queueSize90P,1788947825336000000,1788947885342000000,0
FlushQueue.waitingTime90PNs,1788947825336000000,1788947885342000000,0
FlushQueue.waitingTimeMaxNs,1788947825336000000,1788947885342000000,0
jps.library.entities.serializer.save.entities.ms,1788947825336000000,1788947885342000000,0
workspaceModel.mutableEntityStorage.add.entity.ms,1788947825336000000,1788947885342000000,0
workspaceModel.mutableEntityStorage.collect.changes.ms,1788947825336000000,1788947885342000000,0
workspaceModel.mutableEntityStorage.modify.entity.ms,1788947825336000000,1788947885342000000,0
workspaceModel.mutableEntityStorage.instances.count,1788947825336000000,1788947885342000000,0
workspaceModel.sync.entities.ms,1788947825336000000,1788947885342000000,0
workspaceModel.global.apply.state.to.project.builder.ms,1788947825336000000,1788947885342000000,0
workspaceModel.mutableEntityStorage.remove.entity.ms,1788947825336000000,1788947885342000000,0
jps.global.initialize.library.bridges.ms,1788947825336000000,1788947885342000000,0
workspaceModel.mutableEntityStorage.resolve.ms,1788947825336000000,1788947885342000000,0
jps.global.handle.before.change.events.ms,1788947825336000000,1788947885342000000,0
workspaceModel.mutableEntityStorage.has.same.entities.ms,1788947825336000000,1788947885342000000,0
workspaceModel.mutableEntityStorage.replace.by.source.ms,1788947825336000000,1788947885342000000,0
jps.global.initialize.library.bridges.after.loading.ms,1788947825336000000,1788947885342000000,0
jps.library.entities.serializer.load.entities.ms,1788947825336000000,1788947885342000000,0
workspaceModel.save.cache.to.file.ms,1788947825336000000,1788947885342000000,0
jps.global.get.library.by.name.ms,1788947825336000000,1788947885342000000,0
workspaceModel.mutableEntityStorage.hasReferrers.ms,1788947825336000000,1788947885342000000,0
workspaceModel.mutableEntityStorage.apply.changes.from.ms,1788947825336000000,1788947885342000000,0
workspaceModel.load.cache.from.file.ms,1788947825336000000,1788947885342000000,0
workspaceModel.load.cache.metadata.from.file.ms,1788947825336000000,1788947885342000000,0
workspaceModel.mutableEntityStorage.mutable.ext.mapping.ms,1788947825336000000,1788947885342000000,0
jps.load.initial.state.ms,1788947825336000000,1788947885342000000,0
workspaceModel.mutableEntityStorage.entities.ms,1788947825336000000,1788947885342000000,0
workspaceModel.mutableEntityStorage.entities.by.source.ms,1788947825336000000,1788947885342000000,0
workspaceModel.global.updates.ms,1788947825336000000,1788947885342000000,0
workspaceModel.mutableEntityStorage.referrers.ms,1788947825336000000,1788947885342000000,0
workspaceModel.mutableEntityStorage.to.snapshot.ms,1788947825336000000,1788947885342000000,0
jps.save.global.entities.ms,1788947825336000000,1788947885342000000,0
workspaceModel.mutableEntityStorage.changeLog.addReplaceEventForRemovedChild.ms,1788947825336000000,1788947885342000000,0
workspaceModel.mutableEntityStorage.changeLog.addReplaceEventForNewParent.ms,1788947825336000000,1788947885342000000,0
workspaceModel.global.updates.count,1788947825336000000,1788947885342000000,0
workspaceModel.global.apply.state.to.project.ms,1788947825336000000,1788947885342000000,0
jps.app.storage.content.writer.save.component.ms,1788947825336000000,1788947885342000000,0
jps.global.get.libraries.ms,1788947825336000000,1788947885342000000,0
jps.global.handle.changed.events.ms,1788947825336000000,1788947885342000000,0
jps.global.get.library.ms,1788947825336000000,1788947885342000000,0
workspaceModel.mutableEntityStorage.put.entity.ms,1788947825336000000,1788947885342000000,0
jps.app.storage.content.reader.load.component.ms,1788947825336000000,1788947885342000000,0
workspaceModel.mutableEntityStorage.changeLog.addReplaceEventForRemovedParent.ms,1788947825336000000,1788947885342000000,0
workspaceModel.mutableEntityStorage.changeLog.addReplaceEventForNewChild.ms,1788947825336000000,1788947885342000000,0
workspaceModel.mutableEntityStorage.mutable.vfurl.index.ms,1788947825336000000,1788947885342000000,0
cacheStateStorage.get.duration,1788947885342000000,1788947945342000000,0
cacheStateStorage.get.counter,1788947885342000000,1788947945342000000,0
cacheStateStorage.set.duration,1788947885342000000,1788947945342000000,0
cacheStateStorage.set.counter,1788947885342000000,1788947945342000000,0
VFS.cache.directoriesCreated,1788947885342000000,1788947945342000000,0
VFS.contentStorage.recordsReadDecompressed,1788947885342000000,1788947945342000000,0
VFS.ContentWriter.totalTimeSpentOnAsyncOperationsUs,1788947885342000000,1788947945342000000,0
VFS.cache.filesCreated,1788947885342000000,1788947945342000000,0
VFS.folderCaseSensitivityReads,1788947885342000000,1788947945342000000,0
FileNameCache.queries,1788947885342000000,1788947945342000000,0
VFS.ContentWriter.totalTasksExecutedSync,1788947885342000000,1788947945342000000,0
VFS.ContentWriter.totalFlushes,1788947885342000000,1788947945342000000,0
VFS.fileByIdCache.hits,1788947885342000000,1788947945342000000,0
VFS.fileChildByName,1788947885342000000,1788947945342000000,0
VFS.invertedFileNameIndex.requests,1788947885342000000,1788947945342000000,0
VFS.contentStorage.recordsRead,1788947885342000000,1788947945342000000,0
VFS.cache.segments,1788947885342000000,1788947945342000000,0
VFS.contentStorage.recordsStoredCompressed,1788947885342000000,1788947945342000000,0
FileNameCache.totalMisses,1788947885342000000,1788947945342000000,0
VFS.contentStorage.recordsDecompressionTimeUs,1788947885342000000,1788947945342000000,0
VFS.contentStorage.recordsStored,1788947885342000000,1788947945342000000,0
VFS.rootsCount,1788947885342000000,1788947945342000000,0.0
VFS.ContentWriter.totalTasksExecutedAsync,1788947885342000000,1788947945342000000,0
VFS.contentStorage.recordsUncompressedSize,1788947885342000000,1788947945342000000,0
VFS.contentStorage.recordsDeduplicated,1788947885342000000,1788947945342000000,0
VFS.fileByIdCache.misses,1788947885342000000,1788947945342000000,0
VFS.cache.segmentsCreated,1788947885342000000,1788947945342000000,0
VFS.ContentWriter.totalTimeSpentOnSyncOperationsUs,1788947885342000000,1788947945342000000,0
VFS.contentStorage.recordsReadSize,1788947885342000000,1788947945342000000,0
VFS.contentStorage.recordsStoredSize,1788947885342000000,1788947945342000000,0
Indexing.cache.totalCacheAccesses,1788947885342000000,1788947945342000000,0
Indexing.writesQueuedMin,1788947885342000000,1788947945342000000,9223372036854775807
Indexing.writer_1.totalTimeSpentWritingMs,1788947885342000000,1788947945342000000,0
Indexing.cache.totalCacheMisses,1788947885342000000,1788947945342000000,0
Indexing.writesQueuedMax,1788947885342000000,1788947945342000000,0
Indexing.writer_0.totalTimeSpentWritingMs,1788947885342000000,1788947945342000000,0
Indexing.writer_2.totalTimeSpentWritingMs,1788947885342000000,1788947945342000000,0
Indexing.cache.totalCacheEvicted,1788947885342000000,1788947945342000000,0
Indexing.writer_3.totalTimeSpentWritingMs,1788947885342000000,1788947945342000000,0
Indexing.totalTimeIndexersSleptMs,1788947885342000000,1788947945342000000,0
workspaceModel.entityStorageSnapshotImpl.instances.count,1788947885342000000,1788947945342000000,0
writeAction.median.wait.ms,1788947885342000000,1788947945342000000,0
writeAction.count,1788947885342000000,1788947945342000000,0
writeAction.wait.ms,1788947885342000000,1788947945342000000,0
writeAction.max.wait.ms,1788947885342000000,1788947945342000000,2
FilePageCache.totalPageStoresUs,1788947885342000000,1788947945342000000,9382
FilePageCache.totalPageLoadsUs,1788947885342000000,1788947945342000000,0
FilePageCache.totalBytesStored,1788947885342000000,1788947945342000000,960
FilePageCache.WAL.flushesForcedByOverflow,1788947885342000000,1788947945342000000,0
FilePageCache.WAL.entriesFlushedOnTruncate,1788947885342000000,1788947945342000000,0
DirectByteBufferAllocator.misses,1788947885342000000,1788947945342000000,0
MappedFileStorage.totalPagesMapped,1788947885342000000,1788947945342000000,8
FilePageCache.capacityInBytes,1788947885342000000,1788947945342000000,629145600
FilePageCache.WAL.entriesFlushedOnForce,1788947885342000000,1788947945342000000,0
DirectByteBufferAllocator.totalSizeOfBuffersCachedInBytes,1788947885342000000,1788947945342000000,41959424
FilePageCache.WAL.entriesFlushedOnClose,1788947885342000000,1788947945342000000,0
FilePageCache.totalPageDisposalsUs,1788947885342000000,1788947945342000000,0
StreamlinedBlobStorage.recordsRelocated,1788947885342000000,1788947945342000000,0
MappedFileStorage.totalBytesMapped,1788947885342000000,1788947945342000000,232783872
DirectByteBufferAllocator.hits,1788947885342000000,1788947945342000000,0
StorageLockContext.competingThreads.avg,1788947885342000000,1788947945342000000,0.0
FilePageCache.WAL.entriesFlushed,1788947885342000000,1788947945342000000,0
FilePageCache.WAL.bytesQueued,1788947885342000000,1788947945342000000,0
MappedFileStorage.totalTimeSpentOnMappingUs,1788947885342000000,1788947945342000000,10672
FilePageCache.maxRegisteredFiles,1788947885342000000,1788947945342000000,1072
FilePageCache.maxCacheSizeInBytes,1788947885342000000,1788947945342000000,400572416
FilePageCache.WAL.bytesCopiedByApplyUnfinished,1788947885342000000,1788947945342000000,0
FilePageCache.disposedBuffers,1788947885342000000,1788947945342000000,0
FilePageCache.pageLoads,1788947885342000000,1788947945342000000,0
StreamlinedBlobStorage.totalLiveRecordsCapacityBytes,1788947885342000000,1788947945342000000,0
StreamlinedBlobStorage.recordsDeleted,1788947885342000000,1788947945342000000,0
StorageLockContext.competingThreads.max,1788947885342000000,1788947945342000000,0
StreamlinedBlobStorage.totalLiveRecordsPayloadBytes,1788947885342000000,1788947945342000000,0
FilePageCache.pageLoadsAboveSizeThreshold,1788947885342000000,1788947945342000000,0
StorageLockContext.competingThreads.90P,1788947885342000000,1788947945342000000,0
StreamlinedBlobStorage.recordsAllocated,1788947885342000000,1788947945342000000,0
DirectByteBufferAllocator.totalSizeOfBuffersAllocatedInBytes,1788947885342000000,1788947945342000000,8192
FilePageCache.pageFastCacheHits,1788947885342000000,1788947945342000000,180
DirectByteBufferAllocator.disposed,1788947885342000000,1788947945342000000,0
FilePageCache.WAL.entriesFlushedOnRead,1788947885342000000,1788947945342000000,0
FilePageCache.uncachedFileAccess,1788947885342000000,1788947945342000000,60
MappedFileStorage.storages,1788947885342000000,1788947945342000000,8
FileChannelInterruptsRetryer.totalRetriedAttempts,1788947885342000000,1788947945342000000,0
DirectByteBufferAllocator.reclaimed,1788947885342000000,1788947945342000000,0
FilePageCache.pageHits,1788947885342000000,1788947945342000000,0
AWTEventQueue.dispatchTimeTotalNS,1788947885342000000,1788947945342000000,13803057
FlushQueue.queueSizeAvg,1788947885342000000,1788947945342000000,0.0
FlushQueue.executionTimeAvgNs,1788947885342000000,1788947945342000000,0.0
WriteAction.executionsCount,1788947885342000000,1788947945342000000,0
AWTEventQueue.dispatchTime90PNs,1788947885342000000,1788947945342000000,0
FlushQueue.executionTime90PNs,1788947885342000000,1788947945342000000,0
FlushQueue.queueSizeMax,1788947885342000000,1788947945342000000,0
FlushQueue.waitingTimeAvgNs,1788947885342000000,1788947945342000000,0.0
ReadAction.executionsCount,1788947885342000000,1788947945342000000,60
FlushQueue.tasksExecuted,1788947885342000000,1788947945342000000,0
FlushQueue.executionTimeMaxNs,1788947885342000000,1788947945342000000,0
AWTEventQueue.dispatchTimeMaxNs,1788947885342000000,1788947945342000000,0
AWTEventQueue.dispatchTimeAvgNs,1788947885342000000,1788947945342000000,0.0
AWTEventQueue.eventsDispatched,1788947885342000000,1788947945342000000,0
FlushQueue.queueSize90P,1788947885342000000,1788947945342000000,0
FlushQueue.waitingTime90PNs,1788947885342000000,1788947945342000000,0
FlushQueue.waitingTimeMaxNs,1788947885342000000,1788947945342000000,0
jps.library.entities.serializer.save.entities.ms,1788947885342000000,1788947945342000000,0
workspaceModel.mutableEntityStorage.add.entity.ms,1788947885342000000,1788947945342000000,0
workspaceModel.mutableEntityStorage.collect.changes.ms,1788947885342000000,1788947945342000000,0
workspaceModel.mutableEntityStorage.modify.entity.ms,1788947885342000000,1788947945342000000,0
workspaceModel.mutableEntityStorage.instances.count,1788947885342000000,1788947945342000000,0
workspaceModel.sync.entities.ms,1788947885342000000,1788947945342000000,0
workspaceModel.global.apply.state.to.project.builder.ms,1788947885342000000,1788947945342000000,0
workspaceModel.mutableEntityStorage.remove.entity.ms,1788947885342000000,1788947945342000000,0
jps.global.initialize.library.bridges.ms,1788947885342000000,1788947945342000000,0
workspaceModel.mutableEntityStorage.resolve.ms,1788947885342000000,1788947945342000000,0
jps.global.handle.before.change.events.ms,1788947885342000000,1788947945342000000,0
workspaceModel.mutableEntityStorage.has.same.entities.ms,1788947885342000000,1788947945342000000,0
workspaceModel.mutableEntityStorage.replace.by.source.ms,1788947885342000000,1788947945342000000,0
jps.global.initialize.library.bridges.after.loading.ms,1788947885342000000,1788947945342000000,0
jps.library.entities.serializer.load.entities.ms,1788947885342000000,1788947945342000000,0
workspaceModel.save.cache.to.file.ms,1788947885342000000,1788947945342000000,0
jps.global.get.library.by.name.ms,1788947885342000000,1788947945342000000,0
workspaceModel.mutableEntityStorage.hasReferrers.ms,1788947885342000000,1788947945342000000,0
workspaceModel.mutableEntityStorage.apply.changes.from.ms,1788947885342000000,1788947945342000000,0
workspaceModel.load.cache.from.file.ms,1788947885342000000,1788947945342000000,0
workspaceModel.load.cache.metadata.from.file.ms,1788947885342000000,1788947945342000000,0
workspaceModel.mutableEntityStorage.mutable.ext.mapping.ms,1788947885342000000,1788947945342000000,0
jps.load.initial.state.ms,1788947885342000000,1788947945342000000,0
workspaceModel.mutableEntityStorage.entities.ms,1788947885342000000,1788947945342000000,0
workspaceModel.mutableEntityStorage.entities.by.source.ms,1788947885342000000,1788947945342000000,0
workspaceModel.global.updates.ms,1788947885342000000,1788947945342000000,0
workspaceModel.mutableEntityStorage.referrers.ms,1788947885342000000,1788947945342000000,0
workspaceModel.mutableEntityStorage.to.snapshot.ms,1788947885342000000,1788947945342000000,0
jps.save.global.entities.ms,1788947885342000000,1788947945342000000,0
workspaceModel.mutableEntityStorage.changeLog.addReplaceEventForRemovedChild.ms,1788947885342000000,1788947945342000000,0
workspaceModel.mutableEntityStorage.changeLog.addReplaceEventForNewParent.ms,1788947885342000000,1788947945342000000,0
workspaceModel.global.updates.count,1788947885342000000,1788947945342000000,0
workspaceModel.global.apply.state.to.project.ms,1788947885342000000,1788947945342000000,0
jps.app.storage.content.writer.save.component.ms,1788947885342000000,1788947945342000000,0
jps.global.get.libraries.ms,1788947885342000000,1788947945342000000,0
jps.global.handle.changed.events.ms,1788947885342000000,1788947945342000000,0
jps.global.get.library.ms,1788947885342000000,1788947945342000000,0
workspaceModel.mutableEntityStorage.put.entity.ms,1788947885342000000,1788947945342000000,0
jps.app.storage.content.reader.load.component.ms,1788947885342000000,1788947945342000000,0
workspaceModel.mutableEntityStorage.changeLog.addReplaceEventForRemovedParent.ms,1788947885342000000,1788947945342000000,0
workspaceModel.mutableEntityStorage.changeLog.addReplaceEventForNewChild.ms,1788947885342000000,1788947945342000000,0
workspaceModel.mutableEntityStorage.mutable.vfurl.index.ms,1788947885342000000,1788947945342000000,0
cacheStateStorage.get.duration,1788947945342000000,1788948005339000000,0
cacheStateStorage.get.counter,1788947945342000000,1788948005339000000,0
cacheStateStorage.set.duration,1788947945342000000,1788948005339000000,0
cacheStateStorage.set.counter,1788947945342000000,1788948005339000000,0
VFS.cache.directoriesCreated,1788947945342000000,1788948005339000000,0
VFS.contentStorage.recordsReadDecompressed,1788947945342000000,1788948005339000000,0
VFS.ContentWriter.totalTimeSpentOnAsyncOperationsUs,1788947945342000000,1788948005339000000,0
VFS.cache.filesCreated,1788947945342000000,1788948005339000000,0
VFS.folderCaseSensitivityReads,1788947945342000000,1788948005339000000,0
FileNameCache.queries,1788947945342000000,1788948005339000000,0
VFS.ContentWriter.totalTasksExecutedSync,1788947945342000000,1788948005339000000,0
VFS.ContentWriter.totalFlushes,1788947945342000000,1788948005339000000,0
VFS.fileByIdCache.hits,1788947945342000000,1788948005339000000,0
VFS.fileChildByName,1788947945342000000,1788948005339000000,0
VFS.invertedFileNameIndex.requests,1788947945342000000,1788948005339000000,0
VFS.contentStorage.recordsRead,1788947945342000000,1788948005339000000,0
VFS.cache.segments,1788947945342000000,1788948005339000000,0
VFS.contentStorage.recordsStoredCompressed,1788947945342000000,1788948005339000000,0
FileNameCache.totalMisses,1788947945342000000,1788948005339000000,0
VFS.contentStorage.recordsDecompressionTimeUs,1788947945342000000,1788948005339000000,0
VFS.contentStorage.recordsStored,1788947945342000000,1788948005339000000,0
VFS.rootsCount,1788947945342000000,1788948005339000000,0.0
VFS.ContentWriter.totalTasksExecutedAsync,1788947945342000000,1788948005339000000,0
VFS.contentStorage.recordsUncompressedSize,1788947945342000000,1788948005339000000,0
VFS.contentStorage.recordsDeduplicated,1788947945342000000,1788948005339000000,0
VFS.fileByIdCache.misses,1788947945342000000,1788948005339000000,0
VFS.cache.segmentsCreated,1788947945342000000,1788948005339000000,0
VFS.ContentWriter.totalTimeSpentOnSyncOperationsUs,1788947945342000000,1788948005339000000,0
VFS.contentStorage.recordsReadSize,1788947945342000000,1788948005339000000,0
VFS.contentStorage.recordsStoredSize,1788947945342000000,1788948005339000000,0
Indexing.cache.totalCacheAccesses,1788947945342000000,1788948005339000000,0
Indexing.writesQueuedMin,1788947945342000000,1788948005339000000,9223372036854775807
Indexing.writer_1.totalTimeSpentWritingMs,1788947945342000000,1788948005339000000,0
Indexing.cache.totalCacheMisses,1788947945342000000,1788948005339000000,0
Indexing.writesQueuedMax,1788947945342000000,1788948005339000000,0
Indexing.writer_0.totalTimeSpentWritingMs,1788947945342000000,1788948005339000000,0
Indexing.writer_2.totalTimeSpentWritingMs,1788947945342000000,1788948005339000000,0
Indexing.cache.totalCacheEvicted,1788947945342000000,1788948005339000000,0
Indexing.writer_3.totalTimeSpentWritingMs,1788947945342000000,1788948005339000000,0
Indexing.totalTimeIndexersSleptMs,1788947945342000000,1788948005339000000,0
workspaceModel.entityStorageSnapshotImpl.instances.count,1788947945342000000,1788948005339000000,0
writeAction.median.wait.ms,1788947945342000000,1788948005339000000,0
writeAction.count,1788947945342000000,1788948005339000000,0
writeAction.wait.ms,1788947945342000000,1788948005339000000,0
writeAction.max.wait.ms,1788947945342000000,1788948005339000000,2
FilePageCache.totalPageStoresUs,1788947945342000000,1788948005339000000,9174
FilePageCache.totalPageLoadsUs,1788947945342000000,1788948005339000000,0
FilePageCache.totalBytesStored,1788947945342000000,1788948005339000000,960
FilePageCache.WAL.flushesForcedByOverflow,1788947945342000000,1788948005339000000,0
FilePageCache.WAL.entriesFlushedOnTruncate,1788947945342000000,1788948005339000000,0
DirectByteBufferAllocator.misses,1788947945342000000,1788948005339000000,0
MappedFileStorage.totalPagesMapped,1788947945342000000,1788948005339000000,8
FilePageCache.capacityInBytes,1788947945342000000,1788948005339000000,629145600
FilePageCache.WAL.entriesFlushedOnForce,1788947945342000000,1788948005339000000,0
DirectByteBufferAllocator.totalSizeOfBuffersCachedInBytes,1788947945342000000,1788948005339000000,41959424
FilePageCache.WAL.entriesFlushedOnClose,1788947945342000000,1788948005339000000,0
FilePageCache.totalPageDisposalsUs,1788947945342000000,1788948005339000000,0
StreamlinedBlobStorage.recordsRelocated,1788947945342000000,1788948005339000000,0
MappedFileStorage.totalBytesMapped,1788947945342000000,1788948005339000000,232783872
DirectByteBufferAllocator.hits,1788947945342000000,1788948005339000000,0
StorageLockContext.competingThreads.avg,1788947945342000000,1788948005339000000,0.0
FilePageCache.WAL.entriesFlushed,1788947945342000000,1788948005339000000,0
FilePageCache.WAL.bytesQueued,1788947945342000000,1788948005339000000,0
MappedFileStorage.totalTimeSpentOnMappingUs,1788947945342000000,1788948005339000000,10672
FilePageCache.maxRegisteredFiles,1788947945342000000,1788948005339000000,1072
FilePageCache.maxCacheSizeInBytes,1788947945342000000,1788948005339000000,400572416
FilePageCache.WAL.bytesCopiedByApplyUnfinished,1788947945342000000,1788948005339000000,0
FilePageCache.disposedBuffers,1788947945342000000,1788948005339000000,0
FilePageCache.pageLoads,1788947945342000000,1788948005339000000,0
StreamlinedBlobStorage.totalLiveRecordsCapacityBytes,1788947945342000000,1788948005339000000,0
StreamlinedBlobStorage.recordsDeleted,1788947945342000000,1788948005339000000,0
StorageLockContext.competingThreads.max,1788947945342000000,1788948005339000000,0
StreamlinedBlobStorage.totalLiveRecordsPayloadBytes,1788947945342000000,1788948005339000000,0
FilePageCache.pageLoadsAboveSizeThreshold,1788947945342000000,1788948005339000000,0
StorageLockContext.competingThreads.90P,1788947945342000000,1788948005339000000,0
StreamlinedBlobStorage.recordsAllocated,1788947945342000000,1788948005339000000,0
DirectByteBufferAllocator.totalSizeOfBuffersAllocatedInBytes,1788947945342000000,1788948005339000000,8192
FilePageCache.pageFastCacheHits,1788947945342000000,1788948005339000000,180
DirectByteBufferAllocator.disposed,1788947945342000000,1788948005339000000,0
FilePageCache.WAL.entriesFlushedOnRead,1788947945342000000,1788948005339000000,0
FilePageCache.uncachedFileAccess,1788947945342000000,1788948005339000000,60
MappedFileStorage.storages,1788947945342000000,1788948005339000000,8
FileChannelInterruptsRetryer.totalRetriedAttempts,1788947945342000000,1788948005339000000,0
DirectByteBufferAllocator.reclaimed,1788947945342000000,1788948005339000000,0
FilePageCache.pageHits,1788947945342000000,1788948005339000000,0
AWTEventQueue.dispatchTimeTotalNS,1788947945342000000,1788948005339000000,13650460
FlushQueue.queueSizeAvg,1788947945342000000,1788948005339000000,0.0
FlushQueue.executionTimeAvgNs,1788947945342000000,1788948005339000000,0.0
WriteAction.executionsCount,1788947945342000000,1788948005339000000,0
AWTEventQueue.dispatchTime90PNs,1788947945342000000,1788948005339000000,0
FlushQueue.executionTime90PNs,1788947945342000000,1788948005339000000,0
FlushQueue.queueSizeMax,1788947945342000000,1788948005339000000,0
FlushQueue.waitingTimeAvgNs,1788947945342000000,1788948005339000000,0.0
ReadAction.executionsCount,1788947945342000000,1788948005339000000,60
FlushQueue.tasksExecuted,1788947945342000000,1788948005339000000,0
FlushQueue.executionTimeMaxNs,1788947945342000000,1788948005339000000,0
AWTEventQueue.dispatchTimeMaxNs,1788947945342000000,1788948005339000000,0
AWTEventQueue.dispatchTimeAvgNs,1788947945342000000,1788948005339000000,0.0
AWTEventQueue.eventsDispatched,1788947945342000000,1788948005339000000,0
FlushQueue.queueSize90P,1788947945342000000,1788948005339000000,0
FlushQueue.waitingTime90PNs,1788947945342000000,1788948005339000000,0
FlushQueue.waitingTimeMaxNs,1788947945342000000,1788948005339000000,0
jps.library.entities.serializer.save.entities.ms,1788947945342000000,1788948005339000000,0
workspaceModel.mutableEntityStorage.add.entity.ms,1788947945342000000,1788948005339000000,0
workspaceModel.mutableEntityStorage.collect.changes.ms,1788947945342000000,1788948005339000000,0
workspaceModel.mutableEntityStorage.modify.entity.ms,1788947945342000000,1788948005339000000,0
workspaceModel.mutableEntityStorage.instances.count,1788947945342000000,1788948005339000000,0
workspaceModel.sync.entities.ms,1788947945342000000,1788948005339000000,0
workspaceModel.global.apply.state.to.project.builder.ms,1788947945342000000,1788948005339000000,0
workspaceModel.mutableEntityStorage.remove.entity.ms,1788947945342000000,1788948005339000000,0
jps.global.initialize.library.bridges.ms,1788947945342000000,1788948005339000000,0
workspaceModel.mutableEntityStorage.resolve.ms,1788947945342000000,1788948005339000000,0
jps.global.handle.before.change.events.ms,1788947945342000000,1788948005339000000,0
workspaceModel.mutableEntityStorage.has.same.entities.ms,1788947945342000000,1788948005339000000,0
workspaceModel.mutableEntityStorage.replace.by.source.ms,1788947945342000000,1788948005339000000,0
jps.global.initialize.library.bridges.after.loading.ms,1788947945342000000,1788948005339000000,0
jps.library.entities.serializer.load.entities.ms,1788947945342000000,1788948005339000000,0
workspaceModel.save.cache.to.file.ms,1788947945342000000,1788948005339000000,0
jps.global.get.library.by.name.ms,1788947945342000000,1788948005339000000,0
workspaceModel.mutableEntityStorage.hasReferrers.ms,1788947945342000000,1788948005339000000,0
workspaceModel.mutableEntityStorage.apply.changes.from.ms,1788947945342000000,1788948005339000000,0
workspaceModel.load.cache.from.file.ms,1788947945342000000,1788948005339000000,0
workspaceModel.load.cache.metadata.from.file.ms,1788947945342000000,1788948005339000000,0
workspaceModel.mutableEntityStorage.mutable.ext.mapping.ms,1788947945342000000,1788948005339000000,0
jps.load.initial.state.ms,1788947945342000000,1788948005339000000,0
workspaceModel.mutableEntityStorage.entities.ms,1788947945342000000,1788948005339000000,0
workspaceModel.mutableEntityStorage.entities.by.source.ms,1788947945342000000,1788948005339000000,0
workspaceModel.global.updates.ms,1788947945342000000,1788948005339000000,0
workspaceModel.mutableEntityStorage.referrers.ms,1788947945342000000,1788948005339000000,0
workspaceModel.mutableEntityStorage.to.snapshot.ms,1788947945342000000,1788948005339000000,0
jps.save.global.entities.ms,1788947945342000000,1788948005339000000,0
workspaceModel.mutableEntityStorage.changeLog.addReplaceEventForRemovedChild.ms,1788947945342000000,1788948005339000000,0
workspaceModel.mutableEntityStorage.changeLog.addReplaceEventForNewParent.ms,1788947945342000000,1788948005339000000,0
workspaceModel.global.updates.count,1788947945342000000,1788948005339000000,0
workspaceModel.global.apply.state.to.project.ms,1788947945342000000,1788948005339000000,0
jps.app.storage.content.writer.save.component.ms,1788947945342000000,1788948005339000000,0
jps.global.get.libraries.ms,1788947945342000000,1788948005339000000,0
jps.global.handle.changed.events.ms,1788947945342000000,1788948005339000000,0
jps.global.get.library.ms,1788947945342000000,1788948005339000000,0
workspaceModel.mutableEntityStorage.put.entity.ms,1788947945342000000,1788948005339000000,0
jps.app.storage.content.reader.load.component.ms,1788947945342000000,1788948005339000000,0
workspaceModel.mutableEntityStorage.changeLog.addReplaceEventForRemovedParent.ms,1788947945342000000,1788948005339000000,0
workspaceModel.mutableEntityStorage.changeLog.addReplaceEventForNewChild.ms,1788947945342000000,1788948005339000000,0
workspaceModel.mutableEntityStorage.mutable.vfurl.index.ms,1788947945342000000,1788948005339000000,0
cacheStateStorage.get.duration,1788948005339000000,1788948065337000000,0
cacheStateStorage.get.counter,1788948005339000000,1788948065337000000,0
cacheStateStorage.set.duration,1788948005339000000,1788948065337000000,0
cacheStateStorage.set.counter,1788948005339000000,1788948065337000000,0
VFS.cache.directoriesCreated,1788948005339000000,1788948065337000000,0
VFS.contentStorage.recordsReadDecompressed,1788948005339000000,1788948065337000000,0
VFS.ContentWriter.totalTimeSpentOnAsyncOperationsUs,1788948005339000000,1788948065337000000,0
VFS.cache.filesCreated,1788948005339000000,1788948065337000000,0
VFS.folderCaseSensitivityReads,1788948005339000000,1788948065337000000,0
FileNameCache.queries,1788948005339000000,1788948065337000000,0
VFS.ContentWriter.totalTasksExecutedSync,1788948005339000000,1788948065337000000,0
VFS.ContentWriter.totalFlushes,1788948005339000000,1788948065337000000,0
VFS.fileByIdCache.hits,1788948005339000000,1788948065337000000,0
VFS.fileChildByName,1788948005339000000,1788948065337000000,0
VFS.invertedFileNameIndex.requests,1788948005339000000,1788948065337000000,0
VFS.contentStorage.recordsRead,1788948005339000000,1788948065337000000,0
VFS.cache.segments,1788948005339000000,1788948065337000000,0
VFS.contentStorage.recordsStoredCompressed,1788948005339000000,1788948065337000000,0
FileNameCache.totalMisses,1788948005339000000,1788948065337000000,0
VFS.contentStorage.recordsDecompressionTimeUs,1788948005339000000,1788948065337000000,0
VFS.contentStorage.recordsStored,1788948005339000000,1788948065337000000,0
VFS.rootsCount,1788948005339000000,1788948065337000000,0.0
VFS.ContentWriter.totalTasksExecutedAsync,1788948005339000000,1788948065337000000,0
VFS.contentStorage.recordsUncompressedSize,1788948005339000000,1788948065337000000,0
VFS.contentStorage.recordsDeduplicated,1788948005339000000,1788948065337000000,0
VFS.fileByIdCache.misses,1788948005339000000,1788948065337000000,0
VFS.cache.segmentsCreated,1788948005339000000,1788948065337000000,0
VFS.ContentWriter.totalTimeSpentOnSyncOperationsUs,1788948005339000000,1788948065337000000,0
VFS.contentStorage.recordsReadSize,1788948005339000000,1788948065337000000,0
VFS.contentStorage.recordsStoredSize,1788948005339000000,1788948065337000000,0
Indexing.cache.totalCacheAccesses,1788948005339000000,1788948065337000000,0
Indexing.writesQueuedMin,1788948005339000000,1788948065337000000,9223372036854775807
Indexing.writer_1.totalTimeSpentWritingMs,1788948005339000000,1788948065337000000,0
Indexing.cache.totalCacheMisses,1788948005339000000,1788948065337000000,0
Indexing.writesQueuedMax,1788948005339000000,1788948065337000000,0
Indexing.writer_0.totalTimeSpentWritingMs,1788948005339000000,1788948065337000000,0
Indexing.writer_2.totalTimeSpentWritingMs,1788948005339000000,1788948065337000000,0
Indexing.cache.totalCacheEvicted,1788948005339000000,1788948065337000000,0
Indexing.writer_3.totalTimeSpentWritingMs,1788948005339000000,1788948065337000000,0
Indexing.totalTimeIndexersSleptMs,1788948005339000000,1788948065337000000,0
workspaceModel.entityStorageSnapshotImpl.instances.count,1788948005339000000,1788948065337000000,0
writeAction.median.wait.ms,1788948005339000000,1788948065337000000,0
writeAction.count,1788948005339000000,1788948065337000000,0
writeAction.wait.ms,1788948005339000000,1788948065337000000,0
writeAction.max.wait.ms,1788948005339000000,1788948065337000000,2
FilePageCache.totalPageStoresUs,1788948005339000000,1788948065337000000,9706
FilePageCache.totalPageLoadsUs,1788948005339000000,1788948065337000000,0
FilePageCache.totalBytesStored,1788948005339000000,1788948065337000000,960
FilePageCache.WAL.flushesForcedByOverflow,1788948005339000000,1788948065337000000,0
FilePageCache.WAL.entriesFlushedOnTruncate,1788948005339000000,1788948065337000000,0
DirectByteBufferAllocator.misses,1788948005339000000,1788948065337000000,0
MappedFileStorage.totalPagesMapped,1788948005339000000,1788948065337000000,8
FilePageCache.capacityInBytes,1788948005339000000,1788948065337000000,629145600
FilePageCache.WAL.entriesFlushedOnForce,1788948005339000000,1788948065337000000,0
DirectByteBufferAllocator.totalSizeOfBuffersCachedInBytes,1788948005339000000,1788948065337000000,41959424
FilePageCache.WAL.entriesFlushedOnClose,1788948005339000000,1788948065337000000,0
FilePageCache.totalPageDisposalsUs,1788948005339000000,1788948065337000000,0
StreamlinedBlobStorage.recordsRelocated,1788948005339000000,1788948065337000000,0
MappedFileStorage.totalBytesMapped,1788948005339000000,1788948065337000000,232783872
DirectByteBufferAllocator.hits,1788948005339000000,1788948065337000000,0
StorageLockContext.competingThreads.avg,1788948005339000000,1788948065337000000,0.0
FilePageCache.WAL.entriesFlushed,1788948005339000000,1788948065337000000,0
FilePageCache.WAL.bytesQueued,1788948005339000000,1788948065337000000,0
MappedFileStorage.totalTimeSpentOnMappingUs,1788948005339000000,1788948065337000000,10672
FilePageCache.maxRegisteredFiles,1788948005339000000,1788948065337000000,1072
FilePageCache.maxCacheSizeInBytes,1788948005339000000,1788948065337000000,400572416
FilePageCache.WAL.bytesCopiedByApplyUnfinished,1788948005339000000,1788948065337000000,0
FilePageCache.disposedBuffers,1788948005339000000,1788948065337000000,0
FilePageCache.pageLoads,1788948005339000000,1788948065337000000,0
StreamlinedBlobStorage.totalLiveRecordsCapacityBytes,1788948005339000000,1788948065337000000,0
StreamlinedBlobStorage.recordsDeleted,1788948005339000000,1788948065337000000,0
StorageLockContext.competingThreads.max,1788948005339000000,1788948065337000000,0
StreamlinedBlobStorage.totalLiveRecordsPayloadBytes,1788948005339000000,1788948065337000000,0
FilePageCache.pageLoadsAboveSizeThreshold,1788948005339000000,1788948065337000000,0
StorageLockContext.competingThreads.90P,1788948005339000000,1788948065337000000,0
StreamlinedBlobStorage.recordsAllocated,1788948005339000000,1788948065337000000,0
DirectByteBufferAllocator.totalSizeOfBuffersAllocatedInBytes,1788948005339000000,1788948065337000000,8192
FilePageCache.pageFastCacheHits,1788948005339000000,1788948065337000000,180
DirectByteBufferAllocator.disposed,1788948005339000000,1788948065337000000,0
FilePageCache.WAL.entriesFlushedOnRead,1788948005339000000,1788948065337000000,0
FilePageCache.uncachedFileAccess,1788948005339000000,1788948065337000000,60
MappedFileStorage.storages,1788948005339000000,1788948065337000000,8
FileChannelInterruptsRetryer.totalRetriedAttempts,1788948005339000000,1788948065337000000,0
DirectByteBufferAllocator.reclaimed,1788948005339000000,1788948065337000000,0
FilePageCache.pageHits,1788948005339000000,1788948065337000000,0
AWTEventQueue.dispatchTimeTotalNS,1788948005339000000,1788948065337000000,13087036
FlushQueue.queueSizeAvg,1788948005339000000,1788948065337000000,0.0
FlushQueue.executionTimeAvgNs,1788948005339000000,1788948065337000000,0.0
WriteAction.executionsCount,1788948005339000000,1788948065337000000,0
AWTEventQueue.dispatchTime90PNs,1788948005339000000,1788948065337000000,0
FlushQueue.executionTime90PNs,1788948005339000000,1788948065337000000,0
FlushQueue.queueSizeMax,1788948005339000000,1788948065337000000,0
FlushQueue.waitingTimeAvgNs,1788948005339000000,1788948065337000000,0.0
ReadAction.executionsCount,1788948005339000000,1788948065337000000,60
FlushQueue.tasksExecuted,1788948005339000000,1788948065337000000,0
FlushQueue.executionTimeMaxNs,1788948005339000000,1788948065337000000,0
AWTEventQueue.dispatchTimeMaxNs,1788948005339000000,1788948065337000000,0
AWTEventQueue.dispatchTimeAvgNs,1788948005339000000,1788948065337000000,0.0
AWTEventQueue.eventsDispatched,1788948005339000000,1788948065337000000,0
FlushQueue.queueSize90P,1788948005339000000,1788948065337000000,0
FlushQueue.waitingTime90PNs,1788948005339000000,1788948065337000000,0
FlushQueue.waitingTimeMaxNs,1788948005339000000,1788948065337000000,0
jps.library.entities.serializer.save.entities.ms,1788948005339000000,1788948065337000000,0
workspaceModel.mutableEntityStorage.add.entity.ms,1788948005339000000,1788948065337000000,0
workspaceModel.mutableEntityStorage.collect.changes.ms,1788948005339000000,1788948065337000000,0
workspaceModel.mutableEntityStorage.modify.entity.ms,1788948005339000000,1788948065337000000,0
workspaceModel.mutableEntityStorage.instances.count,1788948005339000000,1788948065337000000,0
workspaceModel.sync.entities.ms,1788948005339000000,1788948065337000000,0
workspaceModel.global.apply.state.to.project.builder.ms,1788948005339000000,1788948065337000000,0
workspaceModel.mutableEntityStorage.remove.entity.ms,1788948005339000000,1788948065337000000,0
jps.global.initialize.library.bridges.ms,1788948005339000000,1788948065337000000,0
workspaceModel.mutableEntityStorage.resolve.ms,1788948005339000000,1788948065337000000,0
jps.global.handle.before.change.events.ms,1788948005339000000,1788948065337000000,0
workspaceModel.mutableEntityStorage.has.same.entities.ms,1788948005339000000,1788948065337000000,0
workspaceModel.mutableEntityStorage.replace.by.source.ms,1788948005339000000,1788948065337000000,0
jps.global.initialize.library.bridges.after.loading.ms,1788948005339000000,1788948065337000000,0
jps.library.entities.serializer.load.entities.ms,1788948005339000000,1788948065337000000,0
workspaceModel.save.cache.to.file.ms,1788948005339000000,1788948065337000000,0
jps.global.get.library.by.name.ms,1788948005339000000,1788948065337000000,0
workspaceModel.mutableEntityStorage.hasReferrers.ms,1788948005339000000,1788948065337000000,0
workspaceModel.mutableEntityStorage.apply.changes.from.ms,1788948005339000000,1788948065337000000,0
workspaceModel.load.cache.from.file.ms,1788948005339000000,1788948065337000000,0
workspaceModel.load.cache.metadata.from.file.ms,1788948005339000000,1788948065337000000,0
workspaceModel.mutableEntityStorage.mutable.ext.mapping.ms,1788948005339000000,1788948065337000000,0
jps.load.initial.state.ms,1788948005339000000,1788948065337000000,0
workspaceModel.mutableEntityStorage.entities.ms,1788948005339000000,1788948065337000000,0
workspaceModel.mutableEntityStorage.entities.by.source.ms,1788948005339000000,1788948065337000000,0
workspaceModel.global.updates.ms,1788948005339000000,1788948065337000000,0
workspaceModel.mutableEntityStorage.referrers.ms,1788948005339000000,1788948065337000000,0
workspaceModel.mutableEntityStorage.to.snapshot.ms,1788948005339000000,1788948065337000000,0
jps.save.global.entities.ms,1788948005339000000,1788948065337000000,0
workspaceModel.mutableEntityStorage.changeLog.addReplaceEventForRemovedChild.ms,1788948005339000000,1788948065337000000,0
workspaceModel.mutableEntityStorage.changeLog.addReplaceEventForNewParent.ms,1788948005339000000,1788948065337000000,0
workspaceModel.global.updates.count,1788948005339000000,1788948065337000000,0
workspaceModel.global.apply.state.to.project.ms,1788948005339000000,1788948065337000000,0
jps.app.storage.content.writer.save.component.ms,1788948005339000000,1788948065337000000,0
jps.global.get.libraries.ms,1788948005339000000,1788948065337000000,0
jps.global.handle.changed.events.ms,1788948005339000000,1788948065337000000,0
jps.global.get.library.ms,1788948005339000000,1788948065337000000,0
workspaceModel.mutableEntityStorage.put.entity.ms,1788948005339000000,1788948065337000000,0
jps.app.storage.content.reader.load.component.ms,1788948005339000000,1788948065337000000,0
workspaceModel.mutableEntityStorage.changeLog.addReplaceEventForRemovedParent.ms,1788948005339000000,1788948065337000000,0
workspaceModel.mutableEntityStorage.changeLog.addReplaceEventForNewChild.ms,1788948005339000000,1788948065337000000,0
workspaceModel.mutableEntityStorage.mutable.vfurl.index.ms,1788948005339000000,1788948065337000000,0
cacheStateStorage.get.duration,1788948065337000000,1788948125337000000,0
cacheStateStorage.get.counter,1788948065337000000,1788948125337000000,0
cacheStateStorage.set.duration,1788948065337000000,1788948125337000000,0
cacheStateStorage.set.counter,1788948065337000000,1788948125337000000,0
VFS.cache.directoriesCreated,1788948065337000000,1788948125337000000,0
VFS.contentStorage.recordsReadDecompressed,1788948065337000000,1788948125337000000,0
VFS.ContentWriter.totalTimeSpentOnAsyncOperationsUs,1788948065337000000,1788948125337000000,0
VFS.cache.filesCreated,1788948065337000000,1788948125337000000,0
VFS.folderCaseSensitivityReads,1788948065337000000,1788948125337000000,0
FileNameCache.queries,1788948065337000000,1788948125337000000,0
VFS.ContentWriter.totalTasksExecutedSync,1788948065337000000,1788948125337000000,0
VFS.ContentWriter.totalFlushes,1788948065337000000,1788948125337000000,0
VFS.fileByIdCache.hits,1788948065337000000,1788948125337000000,0
VFS.fileChildByName,1788948065337000000,1788948125337000000,0
VFS.invertedFileNameIndex.requests,1788948065337000000,1788948125337000000,0
VFS.contentStorage.recordsRead,1788948065337000000,1788948125337000000,0
VFS.cache.segments,1788948065337000000,1788948125337000000,0
VFS.contentStorage.recordsStoredCompressed,1788948065337000000,1788948125337000000,0
FileNameCache.totalMisses,1788948065337000000,1788948125337000000,0
VFS.contentStorage.recordsDecompressionTimeUs,1788948065337000000,1788948125337000000,0
VFS.contentStorage.recordsStored,1788948065337000000,1788948125337000000,0
VFS.rootsCount,1788948065337000000,1788948125337000000,0.0
VFS.ContentWriter.totalTasksExecutedAsync,1788948065337000000,1788948125337000000,0
VFS.contentStorage.recordsUncompressedSize,1788948065337000000,1788948125337000000,0
VFS.contentStorage.recordsDeduplicated,1788948065337000000,1788948125337000000,0
VFS.fileByIdCache.misses,1788948065337000000,1788948125337000000,0
VFS.cache.segmentsCreated,1788948065337000000,1788948125337000000,0
VFS.ContentWriter.totalTimeSpentOnSyncOperationsUs,1788948065337000000,1788948125337000000,0
VFS.contentStorage.recordsReadSize,1788948065337000000,1788948125337000000,0
VFS.contentStorage.recordsStoredSize,1788948065337000000,1788948125337000000,0
Indexing.cache.totalCacheAccesses,1788948065337000000,1788948125337000000,0
Indexing.writesQueuedMin,1788948065337000000,1788948125337000000,9223372036854775807
Indexing.writer_1.totalTimeSpentWritingMs,1788948065337000000,1788948125337000000,0
Indexing.cache.totalCacheMisses,1788948065337000000,1788948125337000000,0
Indexing.writesQueuedMax,1788948065337000000,1788948125337000000,0
Indexing.writer_0.totalTimeSpentWritingMs,1788948065337000000,1788948125337000000,0
Indexing.writer_2.totalTimeSpentWritingMs,1788948065337000000,1788948125337000000,0
Indexing.cache.totalCacheEvicted,1788948065337000000,1788948125337000000,0
Indexing.writer_3.totalTimeSpentWritingMs,1788948065337000000,1788948125337000000,0
Indexing.totalTimeIndexersSleptMs,1788948065337000000,1788948125337000000,0
workspaceModel.entityStorageSnapshotImpl.instances.count,1788948065337000000,1788948125337000000,0
writeAction.median.wait.ms,1788948065337000000,1788948125337000000,0
writeAction.count,1788948065337000000,1788948125337000000,0
writeAction.wait.ms,1788948065337000000,1788948125337000000,0
writeAction.max.wait.ms,1788948065337000000,1788948125337000000,2
FilePageCache.totalPageStoresUs,1788948065337000000,1788948125337000000,9138
FilePageCache.totalPageLoadsUs,1788948065337000000,1788948125337000000,0
FilePageCache.totalBytesStored,1788948065337000000,1788948125337000000,960
FilePageCache.WAL.flushesForcedByOverflow,1788948065337000000,1788948125337000000,0
FilePageCache.WAL.entriesFlushedOnTruncate,1788948065337000000,1788948125337000000,0
DirectByteBufferAllocator.misses,1788948065337000000,1788948125337000000,0
MappedFileStorage.totalPagesMapped,1788948065337000000,1788948125337000000,8
FilePageCache.capacityInBytes,1788948065337000000,1788948125337000000,629145600
FilePageCache.WAL.entriesFlushedOnForce,1788948065337000000,1788948125337000000,0
DirectByteBufferAllocator.totalSizeOfBuffersCachedInBytes,1788948065337000000,1788948125337000000,41959424
FilePageCache.WAL.entriesFlushedOnClose,1788948065337000000,1788948125337000000,0
FilePageCache.totalPageDisposalsUs,1788948065337000000,1788948125337000000,0
StreamlinedBlobStorage.recordsRelocated,1788948065337000000,1788948125337000000,0
MappedFileStorage.totalBytesMapped,1788948065337000000,1788948125337000000,232783872
DirectByteBufferAllocator.hits,1788948065337000000,1788948125337000000,0
StorageLockContext.competingThreads.avg,1788948065337000000,1788948125337000000,0.0
FilePageCache.WAL.entriesFlushed,1788948065337000000,1788948125337000000,0
FilePageCache.WAL.bytesQueued,1788948065337000000,1788948125337000000,0
MappedFileStorage.totalTimeSpentOnMappingUs,1788948065337000000,1788948125337000000,10672
FilePageCache.maxRegisteredFiles,1788948065337000000,1788948125337000000,1072
FilePageCache.maxCacheSizeInBytes,1788948065337000000,1788948125337000000,400572416
FilePageCache.WAL.bytesCopiedByApplyUnfinished,1788948065337000000,1788948125337000000,0
FilePageCache.disposedBuffers,1788948065337000000,1788948125337000000,0
FilePageCache.pageLoads,1788948065337000000,1788948125337000000,0
StreamlinedBlobStorage.totalLiveRecordsCapacityBytes,1788948065337000000,1788948125337000000,0
StreamlinedBlobStorage.recordsDeleted,1788948065337000000,1788948125337000000,0
StorageLockContext.competingThreads.max,1788948065337000000,1788948125337000000,0
StreamlinedBlobStorage.totalLiveRecordsPayloadBytes,1788948065337000000,1788948125337000000,0
FilePageCache.pageLoadsAboveSizeThreshold,1788948065337000000,1788948125337000000,0
StorageLockContext.competingThreads.90P,1788948065337000000,1788948125337000000,0
StreamlinedBlobStorage.recordsAllocated,1788948065337000000,1788948125337000000,0
DirectByteBufferAllocator.totalSizeOfBuffersAllocatedInBytes,1788948065337000000,1788948125337000000,8192
FilePageCache.pageFastCacheHits,1788948065337000000,1788948125337000000,180
DirectByteBufferAllocator.disposed,1788948065337000000,1788948125337000000,0
FilePageCache.WAL.entriesFlushedOnRead,1788948065337000000,1788948125337000000,0
FilePageCache.uncachedFileAccess,1788948065337000000,1788948125337000000,60
MappedFileStorage.storages,1788948065337000000,1788948125337000000,8
FileChannelInterruptsRetryer.totalRetriedAttempts,1788948065337000000,1788948125337000000,0
DirectByteBufferAllocator.reclaimed,1788948065337000000,1788948125337000000,0
FilePageCache.pageHits,1788948065337000000,1788948125337000000,0
AWTEventQueue.dispatchTimeTotalNS,1788948065337000000,1788948125337000000,12859677
FlushQueue.queueSizeAvg,1788948065337000000,1788948125337000000,0.0
FlushQueue.executionTimeAvgNs,1788948065337000000,1788948125337000000,0.0
WriteAction.executionsCount,1788948065337000000,1788948125337000000,0
AWTEventQueue.dispatchTime90PNs,1788948065337000000,1788948125337000000,0
FlushQueue.executionTime90PNs,1788948065337000000,1788948125337000000,0
FlushQueue.queueSizeMax,1788948065337000000,1788948125337000000,0
FlushQueue.waitingTimeAvgNs,1788948065337000000,1788948125337000000,0.0
ReadAction.executionsCount,1788948065337000000,1788948125337000000,60
FlushQueue.tasksExecuted,1788948065337000000,1788948125337000000,0
FlushQueue.executionTimeMaxNs,1788948065337000000,1788948125337000000,0
AWTEventQueue.dispatchTimeMaxNs,1788948065337000000,1788948125337000000,0
AWTEventQueue.dispatchTimeAvgNs,1788948065337000000,1788948125337000000,0.0
AWTEventQueue.eventsDispatched,1788948065337000000,1788948125337000000,0
FlushQueue.queueSize90P,1788948065337000000,1788948125337000000,0
FlushQueue.waitingTime90PNs,1788948065337000000,1788948125337000000,0
FlushQueue.waitingTimeMaxNs,1788948065337000000,1788948125337000000,0
jps.library.entities.serializer.save.entities.ms,1788948065337000000,1788948125337000000,0
workspaceModel.mutableEntityStorage.add.entity.ms,1788948065337000000,1788948125337000000,0
workspaceModel.mutableEntityStorage.collect.changes.ms,1788948065337000000,1788948125337000000,0
workspaceModel.mutableEntityStorage.modify.entity.ms,1788948065337000000,1788948125337000000,0
workspaceModel.mutableEntityStorage.instances.count,1788948065337000000,1788948125337000000,0
workspaceModel.sync.entities.ms,1788948065337000000,1788948125337000000,0
workspaceModel.global.apply.state.to.project.builder.ms,1788948065337000000,1788948125337000000,0
workspaceModel.mutableEntityStorage.remove.entity.ms,1788948065337000000,1788948125337000000,0
jps.global.initialize.library.bridges.ms,1788948065337000000,1788948125337000000,0
workspaceModel.mutableEntityStorage.resolve.ms,1788948065337000000,1788948125337000000,0
jps.global.handle.before.change.events.ms,1788948065337000000,1788948125337000000,0
workspaceModel.mutableEntityStorage.has.same.entities.ms,1788948065337000000,1788948125337000000,0
workspaceModel.mutableEntityStorage.replace.by.source.ms,1788948065337000000,1788948125337000000,0
jps.global.initialize.library.bridges.after.loading.ms,1788948065337000000,1788948125337000000,0
jps.library.entities.serializer.load.entities.ms,1788948065337000000,1788948125337000000,0
workspaceModel.save.cache.to.file.ms,1788948065337000000,1788948125337000000,0
jps.global.get.library.by.name.ms,1788948065337000000,1788948125337000000,0
workspaceModel.mutableEntityStorage.hasReferrers.ms,1788948065337000000,1788948125337000000,0
workspaceModel.mutableEntityStorage.apply.changes.from.ms,1788948065337000000,1788948125337000000,0
workspaceModel.load.cache.from.file.ms,1788948065337000000,1788948125337000000,0
workspaceModel.load.cache.metadata.from.file.ms,1788948065337000000,1788948125337000000,0
workspaceModel.mutableEntityStorage.mutable.ext.mapping.ms,1788948065337000000,1788948125337000000,0
jps.load.initial.state.ms,1788948065337000000,1788948125337000000,0
workspaceModel.mutableEntityStorage.entities.ms,1788948065337000000,1788948125337000000,0
workspaceModel.mutableEntityStorage.entities.by.source.ms,1788948065337000000,1788948125337000000,0
workspaceModel.global.updates.ms,1788948065337000000,1788948125337000000,0
workspaceModel.mutableEntityStorage.referrers.ms,1788948065337000000,1788948125337000000,0
workspaceModel.mutableEntityStorage.to.snapshot.ms,1788948065337000000,1788948125337000000,0
jps.save.global.entities.ms,1788948065337000000,1788948125337000000,0
workspaceModel.mutableEntityStorage.changeLog.addReplaceEventForRemovedChild.ms,1788948065337000000,1788948125337000000,0
workspaceModel.mutableEntityStorage.changeLog.addReplaceEventForNewParent.ms,1788948065337000000,1788948125337000000,0
workspaceModel.global.updates.count,1788948065337000000,1788948125337000000,0
workspaceModel.global.apply.state.to.project.ms,1788948065337000000,1788948125337000000,0
jps.app.storage.content.writer.save.component.ms,1788948065337000000,1788948125337000000,0
jps.global.get.libraries.ms,1788948065337000000,1788948125337000000,0
jps.global.handle.changed.events.ms,1788948065337000000,1788948125337000000,0
jps.global.get.library.ms,1788948065337000000,1788948125337000000,0
workspaceModel.mutableEntityStorage.put.entity.ms,1788948065337000000,1788948125337000000,0
jps.app.storage.content.reader.load.component.ms,1788948065337000000,1788948125337000000,0
workspaceModel.mutableEntityStorage.changeLog.addReplaceEventForRemovedParent.ms,1788948065337000000,1788948125337000000,0
workspaceModel.mutableEntityStorage.changeLog.addReplaceEventForNewChild.ms,1788948065337000000,1788948125337000000,0
workspaceModel.mutableEntityStorage.mutable.vfurl.index.ms,1788948065337000000,1788948125337000000,0
cacheStateStorage.get.duration,1788948125337000000,1788948185335000000,0
cacheStateStorage.get.counter,1788948125337000000,1788948185335000000,0
cacheStateStorage.set.duration,1788948125337000000,1788948185335000000,0
cacheStateStorage.set.counter,1788948125337000000,1788948185335000000,0
VFS.cache.directoriesCreated,1788948125337000000,1788948185335000000,0
VFS.contentStorage.recordsReadDecompressed,1788948125337000000,1788948185335000000,0
VFS.ContentWriter.totalTimeSpentOnAsyncOperationsUs,1788948125337000000,1788948185335000000,0
VFS.cache.filesCreated,1788948125337000000,1788948185335000000,0
VFS.folderCaseSensitivityReads,1788948125337000000,1788948185335000000,0
FileNameCache.queries,1788948125337000000,1788948185335000000,0
VFS.ContentWriter.totalTasksExecutedSync,1788948125337000000,1788948185335000000,0
VFS.ContentWriter.totalFlushes,1788948125337000000,1788948185335000000,0
VFS.fileByIdCache.hits,1788948125337000000,1788948185335000000,0
VFS.fileChildByName,1788948125337000000,1788948185335000000,0
VFS.invertedFileNameIndex.requests,1788948125337000000,1788948185335000000,0
VFS.contentStorage.recordsRead,1788948125337000000,1788948185335000000,0
VFS.cache.segments,1788948125337000000,1788948185335000000,0
VFS.contentStorage.recordsStoredCompressed,1788948125337000000,1788948185335000000,0
FileNameCache.totalMisses,1788948125337000000,1788948185335000000,0
VFS.contentStorage.recordsDecompressionTimeUs,1788948125337000000,1788948185335000000,0
VFS.contentStorage.recordsStored,1788948125337000000,1788948185335000000,0
VFS.rootsCount,1788948125337000000,1788948185335000000,0.0
VFS.ContentWriter.totalTasksExecutedAsync,1788948125337000000,1788948185335000000,0
VFS.contentStorage.recordsUncompressedSize,1788948125337000000,1788948185335000000,0
VFS.contentStorage.recordsDeduplicated,1788948125337000000,1788948185335000000,0
VFS.fileByIdCache.misses,1788948125337000000,1788948185335000000,0
VFS.cache.segmentsCreated,1788948125337000000,1788948185335000000,0
VFS.ContentWriter.totalTimeSpentOnSyncOperationsUs,1788948125337000000,1788948185335000000,0
VFS.contentStorage.recordsReadSize,1788948125337000000,1788948185335000000,0
VFS.contentStorage.recordsStoredSize,1788948125337000000,1788948185335000000,0
Indexing.cache.totalCacheAccesses,1788948125337000000,1788948185335000000,0
Indexing.writesQueuedMin,1788948125337000000,1788948185335000000,9223372036854775807
Indexing.writer_1.totalTimeSpentWritingMs,1788948125337000000,1788948185335000000,0
Indexing.cache.totalCacheMisses,1788948125337000000,1788948185335000000,0
Indexing.writesQueuedMax,1788948125337000000,1788948185335000000,0
Indexing.writer_0.totalTimeSpentWritingMs,1788948125337000000,1788948185335000000,0
Indexing.writer_2.totalTimeSpentWritingMs,1788948125337000000,1788948185335000000,0
Indexing.cache.totalCacheEvicted,1788948125337000000,1788948185335000000,0
Indexing.writer_3.totalTimeSpentWritingMs,1788948125337000000,1788948185335000000,0
Indexing.totalTimeIndexersSleptMs,1788948125337000000,1788948185335000000,0
workspaceModel.entityStorageSnapshotImpl.instances.count,1788948125337000000,1788948185335000000,0
writeAction.median.wait.ms,1788948125337000000,1788948185335000000,0
writeAction.count,1788948125337000000,1788948185335000000,0
writeAction.wait.ms,1788948125337000000,1788948185335000000,0
writeAction.max.wait.ms,1788948125337000000,1788948185335000000,2
FilePageCache.totalPageStoresUs,1788948125337000000,1788948185335000000,9481
FilePageCache.totalPageLoadsUs,1788948125337000000,1788948185335000000,0
FilePageCache.totalBytesStored,1788948125337000000,1788948185335000000,960
FilePageCache.WAL.flushesForcedByOverflow,1788948125337000000,1788948185335000000,0
FilePageCache.WAL.entriesFlushedOnTruncate,1788948125337000000,1788948185335000000,0
DirectByteBufferAllocator.misses,1788948125337000000,1788948185335000000,0
MappedFileStorage.totalPagesMapped,1788948125337000000,1788948185335000000,8
FilePageCache.capacityInBytes,1788948125337000000,1788948185335000000,629145600
FilePageCache.WAL.entriesFlushedOnForce,1788948125337000000,1788948185335000000,0
DirectByteBufferAllocator.totalSizeOfBuffersCachedInBytes,1788948125337000000,1788948185335000000,41959424
FilePageCache.WAL.entriesFlushedOnClose,1788948125337000000,1788948185335000000,0
FilePageCache.totalPageDisposalsUs,1788948125337000000,1788948185335000000,0
StreamlinedBlobStorage.recordsRelocated,1788948125337000000,1788948185335000000,0
MappedFileStorage.totalBytesMapped,1788948125337000000,1788948185335000000,232783872
DirectByteBufferAllocator.hits,1788948125337000000,1788948185335000000,0
StorageLockContext.competingThreads.avg,1788948125337000000,1788948185335000000,0.0
FilePageCache.WAL.entriesFlushed,1788948125337000000,1788948185335000000,0
FilePageCache.WAL.bytesQueued,1788948125337000000,1788948185335000000,0
MappedFileStorage.totalTimeSpentOnMappingUs,1788948125337000000,1788948185335000000,10672
FilePageCache.maxRegisteredFiles,1788948125337000000,1788948185335000000,1072
FilePageCache.maxCacheSizeInBytes,1788948125337000000,1788948185335000000,400572416
FilePageCache.WAL.bytesCopiedByApplyUnfinished,1788948125337000000,1788948185335000000,0
FilePageCache.disposedBuffers,1788948125337000000,1788948185335000000,0
FilePageCache.pageLoads,1788948125337000000,1788948185335000000,0
StreamlinedBlobStorage.totalLiveRecordsCapacityBytes,1788948125337000000,1788948185335000000,0
StreamlinedBlobStorage.recordsDeleted,1788948125337000000,1788948185335000000,0
StorageLockContext.competingThreads.max,1788948125337000000,1788948185335000000,0
StreamlinedBlobStorage.totalLiveRecordsPayloadBytes,1788948125337000000,1788948185335000000,0
FilePageCache.pageLoadsAboveSizeThreshold,1788948125337000000,1788948185335000000,0
StorageLockContext.competingThreads.90P,1788948125337000000,1788948185335000000,0
StreamlinedBlobStorage.recordsAllocated,1788948125337000000,1788948185335000000,0
DirectByteBufferAllocator.totalSizeOfBuffersAllocatedInBytes,1788948125337000000,1788948185335000000,8192
FilePageCache.pageFastCacheHits,1788948125337000000,1788948185335000000,180
DirectByteBufferAllocator.disposed,1788948125337000000,1788948185335000000,0
FilePageCache.WAL.entriesFlushedOnRead,1788948125337000000,1788948185335000000,0
FilePageCache.uncachedFileAccess,1788948125337000000,1788948185335000000,60
MappedFileStorage.storages,1788948125337000000,1788948185335000000,8
FileChannelInterruptsRetryer.totalRetriedAttempts,1788948125337000000,1788948185335000000,0
DirectByteBufferAllocator.reclaimed,1788948125337000000,1788948185335000000,0
FilePageCache.pageHits,1788948125337000000,1788948185335000000,0
AWTEventQueue.dispatchTimeTotalNS,1788948125337000000,1788948185335000000,14055042
FlushQueue.queueSizeAvg,1788948125337000000,1788948185335000000,0.0
FlushQueue.executionTimeAvgNs,1788948125337000000,1788948185335000000,0.0
WriteAction.executionsCount,1788948125337000000,1788948185335000000,0
AWTEventQueue.dispatchTime90PNs,1788948125337000000,1788948185335000000,0
FlushQueue.executionTime90PNs,1788948125337000000,1788948185335000000,0
FlushQueue.queueSizeMax,1788948125337000000,1788948185335000000,0
FlushQueue.waitingTimeAvgNs,1788948125337000000,1788948185335000000,0.0
ReadAction.executionsCount,1788948125337000000,1788948185335000000,60
FlushQueue.tasksExecuted,1788948125337000000,1788948185335000000,0
FlushQueue.executionTimeMaxNs,1788948125337000000,1788948185335000000,0
AWTEventQueue.dispatchTimeMaxNs,1788948125337000000,1788948185335000000,0
AWTEventQueue.dispatchTimeAvgNs,1788948125337000000,1788948185335000000,0.0
AWTEventQueue.eventsDispatched,1788948125337000000,1788948185335000000,0
FlushQueue.queueSize90P,1788948125337000000,1788948185335000000,0
FlushQueue.waitingTime90PNs,1788948125337000000,1788948185335000000,0
FlushQueue.waitingTimeMaxNs,1788948125337000000,1788948185335000000,0
jps.library.entities.serializer.save.entities.ms,1788948125337000000,1788948185335000000,0
workspaceModel.mutableEntityStorage.add.entity.ms,1788948125337000000,1788948185335000000,0
workspaceModel.mutableEntityStorage.collect.changes.ms,1788948125337000000,1788948185335000000,0
workspaceModel.mutableEntityStorage.modify.entity.ms,1788948125337000000,1788948185335000000,0
workspaceModel.mutableEntityStorage.instances.count,1788948125337000000,1788948185335000000,0
workspaceModel.sync.entities.ms,1788948125337000000,1788948185335000000,0
workspaceModel.global.apply.state.to.project.builder.ms,1788948125337000000,1788948185335000000,0
workspaceModel.mutableEntityStorage.remove.entity.ms,1788948125337000000,1788948185335000000,0
jps.global.initialize.library.bridges.ms,1788948125337000000,1788948185335000000,0
workspaceModel.mutableEntityStorage.resolve.ms,1788948125337000000,1788948185335000000,0
jps.global.handle.before.change.events.ms,1788948125337000000,1788948185335000000,0
workspaceModel.mutableEntityStorage.has.same.entities.ms,1788948125337000000,1788948185335000000,0
workspaceModel.mutableEntityStorage.replace.by.source.ms,1788948125337000000,1788948185335000000,0
jps.global.initialize.library.bridges.after.loading.ms,1788948125337000000,1788948185335000000,0
jps.library.entities.serializer.load.entities.ms,1788948125337000000,1788948185335000000,0
workspaceModel.save.cache.to.file.ms,1788948125337000000,1788948185335000000,0
jps.global.get.library.by.name.ms,1788948125337000000,1788948185335000000,0
workspaceModel.mutableEntityStorage.hasReferrers.ms,1788948125337000000,1788948185335000000,0
workspaceModel.mutableEntityStorage.apply.changes.from.ms,1788948125337000000,1788948185335000000,0
workspaceModel.load.cache.from.file.ms,1788948125337000000,1788948185335000000,0
workspaceModel.load.cache.metadata.from.file.ms,1788948125337000000,1788948185335000000,0
workspaceModel.mutableEntityStorage.mutable.ext.mapping.ms,1788948125337000000,1788948185335000000,0
jps.load.initial.state.ms,1788948125337000000,1788948185335000000,0
workspaceModel.mutableEntityStorage.entities.ms,1788948125337000000,1788948185335000000,0
workspaceModel.mutableEntityStorage.entities.by.source.ms,1788948125337000000,1788948185335000000,0
workspaceModel.global.updates.ms,1788948125337000000,1788948185335000000,0
workspaceModel.mutableEntityStorage.referrers.ms,1788948125337000000,1788948185335000000,0
workspaceModel.mutableEntityStorage.to.snapshot.ms,1788948125337000000,1788948185335000000,0
jps.save.global.entities.ms,1788948125337000000,1788948185335000000,0
workspaceModel.mutableEntityStorage.changeLog.addReplaceEventForRemovedChild.ms,1788948125337000000,1788948185335000000,0
workspaceModel.mutableEntityStorage.changeLog.addReplaceEventForNewParent.ms,1788948125337000000,1788948185335000000,0
workspaceModel.global.updates.count,1788948125337000000,1788948185335000000,0
workspaceModel.global.apply.state.to.project.ms,1788948125337000000,1788948185335000000,0
jps.app.storage.content.writer.save.component.ms,1788948125337000000,1788948185335000000,0
jps.global.get.libraries.ms,1788948125337000000,1788948185335000000,0
jps.global.handle.changed.events.ms,1788948125337000000,1788948185335000000,0
jps.global.get.library.ms,1788948125337000000,1788948185335000000,0
workspaceModel.mutableEntityStorage.put.entity.ms,1788948125337000000,1788948185335000000,0
jps.app.storage.content.reader.load.component.ms,1788948125337000000,1788948185335000000,0
workspaceModel.mutableEntityStorage.changeLog.addReplaceEventForRemovedParent.ms,1788948125337000000,1788948185335000000,0
workspaceModel.mutableEntityStorage.changeLog.addReplaceEventForNewChild.ms,1788948125337000000,1788948185335000000,0
workspaceModel.mutableEntityStorage.mutable.vfurl.index.ms,1788948125337000000,1788948185335000000,0
cacheStateStorage.get.duration,1788948185335000000,1788948245323000000,0
cacheStateStorage.get.counter,1788948185335000000,1788948245323000000,0
cacheStateStorage.set.duration,1788948185335000000,1788948245323000000,0
cacheStateStorage.set.counter,1788948185335000000,1788948245323000000,0
VFS.cache.directoriesCreated,1788948185335000000,1788948245323000000,0
VFS.contentStorage.recordsReadDecompressed,1788948185335000000,1788948245323000000,0
VFS.ContentWriter.totalTimeSpentOnAsyncOperationsUs,1788948185335000000,1788948245323000000,0
VFS.cache.filesCreated,1788948185335000000,1788948245323000000,0
VFS.folderCaseSensitivityReads,1788948185335000000,1788948245323000000,0
FileNameCache.queries,1788948185335000000,1788948245323000000,0
VFS.ContentWriter.totalTasksExecutedSync,1788948185335000000,1788948245323000000,0
VFS.ContentWriter.totalFlushes,1788948185335000000,1788948245323000000,0
VFS.fileByIdCache.hits,1788948185335000000,1788948245323000000,0
VFS.fileChildByName,1788948185335000000,1788948245323000000,0
VFS.invertedFileNameIndex.requests,1788948185335000000,1788948245323000000,0
VFS.contentStorage.recordsRead,1788948185335000000,1788948245323000000,0
VFS.cache.segments,1788948185335000000,1788948245323000000,0
VFS.contentStorage.recordsStoredCompressed,1788948185335000000,1788948245323000000,0
FileNameCache.totalMisses,1788948185335000000,1788948245323000000,0
VFS.contentStorage.recordsDecompressionTimeUs,1788948185335000000,1788948245323000000,0
VFS.contentStorage.recordsStored,1788948185335000000,1788948245323000000,0
VFS.rootsCount,1788948185335000000,1788948245323000000,0.0
VFS.ContentWriter.totalTasksExecutedAsync,1788948185335000000,1788948245323000000,0
VFS.contentStorage.recordsUncompressedSize,1788948185335000000,1788948245323000000,0
VFS.contentStorage.recordsDeduplicated,1788948185335000000,1788948245323000000,0
VFS.fileByIdCache.misses,1788948185335000000,1788948245323000000,0
VFS.cache.segmentsCreated,1788948185335000000,1788948245323000000,0
VFS.ContentWriter.totalTimeSpentOnSyncOperationsUs,1788948185335000000,1788948245323000000,0
VFS.contentStorage.recordsReadSize,1788948185335000000,1788948245323000000,0
VFS.contentStorage.recordsStoredSize,1788948185335000000,1788948245323000000,0
Indexing.cache.totalCacheAccesses,1788948185335000000,1788948245323000000,0
Indexing.writesQueuedMin,1788948185335000000,1788948245323000000,9223372036854775807
Indexing.writer_1.totalTimeSpentWritingMs,1788948185335000000,1788948245323000000,0
Indexing.cache.totalCacheMisses,1788948185335000000,1788948245323000000,0
Indexing.writesQueuedMax,1788948185335000000,1788948245323000000,0
Indexing.writer_0.totalTimeSpentWritingMs,1788948185335000000,1788948245323000000,0
Indexing.writer_2.totalTimeSpentWritingMs,1788948185335000000,1788948245323000000,0
Indexing.cache.totalCacheEvicted,1788948185335000000,1788948245323000000,0
Indexing.writer_3.totalTimeSpentWritingMs,1788948185335000000,1788948245323000000,0
Indexing.totalTimeIndexersSleptMs,1788948185335000000,1788948245323000000,0
workspaceModel.entityStorageSnapshotImpl.instances.count,1788948185335000000,1788948245323000000,0
writeAction.median.wait.ms,1788948185335000000,1788948245323000000,0
writeAction.count,1788948185335000000,1788948245323000000,0
writeAction.wait.ms,1788948185335000000,1788948245323000000,0
writeAction.max.wait.ms,1788948185335000000,1788948245323000000,2
FilePageCache.totalPageStoresUs,1788948185335000000,1788948245323000000,9102
FilePageCache.totalPageLoadsUs,1788948185335000000,1788948245323000000,0
FilePageCache.totalBytesStored,1788948185335000000,1788948245323000000,960
FilePageCache.WAL.flushesForcedByOverflow,1788948185335000000,1788948245323000000,0
FilePageCache.WAL.entriesFlushedOnTruncate,1788948185335000000,1788948245323000000,0
DirectByteBufferAllocator.misses,1788948185335000000,1788948245323000000,0
MappedFileStorage.totalPagesMapped,1788948185335000000,1788948245323000000,8
FilePageCache.capacityInBytes,1788948185335000000,1788948245323000000,629145600
FilePageCache.WAL.entriesFlushedOnForce,1788948185335000000,1788948245323000000,0
DirectByteBufferAllocator.totalSizeOfBuffersCachedInBytes,1788948185335000000,1788948245323000000,41959424
FilePageCache.WAL.entriesFlushedOnClose,1788948185335000000,1788948245323000000,0
FilePageCache.totalPageDisposalsUs,1788948185335000000,1788948245323000000,0
StreamlinedBlobStorage.recordsRelocated,1788948185335000000,1788948245323000000,0
MappedFileStorage.totalBytesMapped,1788948185335000000,1788948245323000000,232783872
DirectByteBufferAllocator.hits,1788948185335000000,1788948245323000000,0
StorageLockContext.competingThreads.avg,1788948185335000000,1788948245323000000,0.0
FilePageCache.WAL.entriesFlushed,1788948185335000000,1788948245323000000,0
FilePageCache.WAL.bytesQueued,1788948185335000000,1788948245323000000,0
MappedFileStorage.totalTimeSpentOnMappingUs,1788948185335000000,1788948245323000000,10672
FilePageCache.maxRegisteredFiles,1788948185335000000,1788948245323000000,1072
FilePageCache.maxCacheSizeInBytes,1788948185335000000,1788948245323000000,400572416
FilePageCache.WAL.bytesCopiedByApplyUnfinished,1788948185335000000,1788948245323000000,0
FilePageCache.disposedBuffers,1788948185335000000,1788948245323000000,0
FilePageCache.pageLoads,1788948185335000000,1788948245323000000,0
StreamlinedBlobStorage.totalLiveRecordsCapacityBytes,1788948185335000000,1788948245323000000,0
StreamlinedBlobStorage.recordsDeleted,1788948185335000000,1788948245323000000,0
StorageLockContext.competingThreads.max,1788948185335000000,1788948245323000000,0
StreamlinedBlobStorage.totalLiveRecordsPayloadBytes,1788948185335000000,1788948245323000000,0
FilePageCache.pageLoadsAboveSizeThreshold,1788948185335000000,1788948245323000000,0
StorageLockContext.competingThreads.90P,1788948185335000000,1788948245323000000,0
StreamlinedBlobStorage.recordsAllocated,1788948185335000000,1788948245323000000,0
DirectByteBufferAllocator.totalSizeOfBuffersAllocatedInBytes,1788948185335000000,1788948245323000000,8192
FilePageCache.pageFastCacheHits,1788948185335000000,1788948245323000000,180
DirectByteBufferAllocator.disposed,1788948185335000000,1788948245323000000,0
FilePageCache.WAL.entriesFlushedOnRead,1788948185335000000,1788948245323000000,0
FilePageCache.uncachedFileAccess,1788948185335000000,1788948245323000000,60
MappedFileStorage.storages,1788948185335000000,1788948245323000000,8
FileChannelInterruptsRetryer.totalRetriedAttempts,1788948185335000000,1788948245323000000,0
DirectByteBufferAllocator.reclaimed,1788948185335000000,1788948245323000000,0
FilePageCache.pageHits,1788948185335000000,1788948245323000000,0
AWTEventQueue.dispatchTimeTotalNS,1788948185335000000,1788948245323000000,13113790
FlushQueue.queueSizeAvg,1788948185335000000,1788948245323000000,0.0
FlushQueue.executionTimeAvgNs,1788948185335000000,1788948245323000000,0.0
WriteAction.executionsCount,1788948185335000000,1788948245323000000,0
AWTEventQueue.dispatchTime90PNs,1788948185335000000,1788948245323000000,0
FlushQueue.executionTime90PNs,1788948185335000000,1788948245323000000,0
FlushQueue.queueSizeMax,1788948185335000000,1788948245323000000,0
FlushQueue.waitingTimeAvgNs,1788948185335000000,1788948245323000000,0.0
ReadAction.executionsCount,1788948185335000000,1788948245323000000,61
FlushQueue.tasksExecuted,1788948185335000000,1788948245323000000,0
FlushQueue.executionTimeMaxNs,1788948185335000000,1788948245323000000,0
AWTEventQueue.dispatchTimeMaxNs,1788948185335000000,1788948245323000000,0
AWTEventQueue.dispatchTimeAvgNs,1788948185335000000,1788948245323000000,0.0
AWTEventQueue.eventsDispatched,1788948185335000000,1788948245323000000,0
FlushQueue.queueSize90P,1788948185335000000,1788948245323000000,0
FlushQueue.waitingTime90PNs,1788948185335000000,1788948245323000000,0
FlushQueue.waitingTimeMaxNs,1788948185335000000,1788948245323000000,0
jps.library.entities.serializer.save.entities.ms,1788948185335000000,1788948245323000000,0
workspaceModel.mutableEntityStorage.add.entity.ms,1788948185335000000,1788948245323000000,0
workspaceModel.mutableEntityStorage.collect.changes.ms,1788948185335000000,1788948245323000000,0
workspaceModel.mutableEntityStorage.modify.entity.ms,1788948185335000000,1788948245323000000,0
workspaceModel.mutableEntityStorage.instances.count,1788948185335000000,1788948245323000000,0
workspaceModel.sync.entities.ms,1788948185335000000,1788948245323000000,0
workspaceModel.global.apply.state.to.project.builder.ms,1788948185335000000,1788948245323000000,0
workspaceModel.mutableEntityStorage.remove.entity.ms,1788948185335000000,1788948245323000000,0
jps.global.initialize.library.bridges.ms,1788948185335000000,1788948245323000000,0
workspaceModel.mutableEntityStorage.resolve.ms,1788948185335000000,1788948245323000000,0
jps.global.handle.before.change.events.ms,1788948185335000000,1788948245323000000,0
workspaceModel.mutableEntityStorage.has.same.entities.ms,1788948185335000000,1788948245323000000,0
workspaceModel.mutableEntityStorage.replace.by.source.ms,1788948185335000000,1788948245323000000,0
jps.global.initialize.library.bridges.after.loading.ms,1788948185335000000,1788948245323000000,0
jps.library.entities.serializer.load.entities.ms,1788948185335000000,1788948245323000000,0
workspaceModel.save.cache.to.file.ms,1788948185335000000,1788948245323000000,0
jps.global.get.library.by.name.ms,1788948185335000000,1788948245323000000,0
workspaceModel.mutableEntityStorage.hasReferrers.ms,1788948185335000000,1788948245323000000,0
workspaceModel.mutableEntityStorage.apply.changes.from.ms,1788948185335000000,1788948245323000000,0
workspaceModel.load.cache.from.file.ms,1788948185335000000,1788948245323000000,0
workspaceModel.load.cache.metadata.from.file.ms,1788948185335000000,1788948245323000000,0
workspaceModel.mutableEntityStorage.mutable.ext.mapping.ms,1788948185335000000,1788948245323000000,0
jps.load.initial.state.ms,1788948185335000000,1788948245323000000,0
workspaceModel.mutableEntityStorage.entities.ms,1788948185335000000,1788948245323000000,0
workspaceModel.mutableEntityStorage.entities.by.source.ms,1788948185335000000,1788948245323000000,0
workspaceModel.global.updates.ms,1788948185335000000,1788948245323000000,0
workspaceModel.mutableEntityStorage.referrers.ms,1788948185335000000,1788948245323000000,0
workspaceModel.mutableEntityStorage.to.snapshot.ms,1788948185335000000,1788948245323000000,0
jps.save.global.entities.ms,1788948185335000000,1788948245323000000,0
workspaceModel.mutableEntityStorage.changeLog.addReplaceEventForRemovedChild.ms,1788948185335000000,1788948245323000000,0
workspaceModel.mutableEntityStorage.changeLog.addReplaceEventForNewParent.ms,1788948185335000000,1788948245323000000,0
workspaceModel.global.updates.count,1788948185335000000,1788948245323000000,0
workspaceModel.global.apply.state.to.project.ms,1788948185335000000,1788948245323000000,0
jps.app.storage.content.writer.save.component.ms,1788948185335000000,1788948245323000000,0
jps.global.get.libraries.ms,1788948185335000000,1788948245323000000,0
jps.global.handle.changed.events.ms,1788948185335000000,1788948245323000000,0
jps.global.get.library.ms,1788948185335000000,1788948245323000000,0
workspaceModel.mutableEntityStorage.put.entity.ms,1788948185335000000,1788948245323000000,0
jps.app.storage.content.reader.load.component.ms,1788948185335000000,1788948245323000000,0
workspaceModel.mutableEntityStorage.changeLog.addReplaceEventForRemovedParent.ms,1788948185335000000,1788948245323000000,0
workspaceModel.mutableEntityStorage.changeLog.addReplaceEventForNewChild.ms,1788948185335000000,1788948245323000000,0
workspaceModel.mutableEntityStorage.mutable.vfurl.index.ms,1788948185335000000,1788948245323000000,0
cacheStateStorage.get.duration,1788948245323000000,1788948305335000000,0
cacheStateStorage.get.counter,1788948245323000000,1788948305335000000,0
cacheStateStorage.set.duration,1788948245323000000,1788948305335000000,0
cacheStateStorage.set.counter,1788948245323000000,1788948305335000000,0
VFS.cache.directoriesCreated,1788948245323000000,1788948305335000000,0
VFS.contentStorage.recordsReadDecompressed,1788948245323000000,1788948305335000000,0
VFS.ContentWriter.totalTimeSpentOnAsyncOperationsUs,1788948245323000000,1788948305335000000,0
VFS.cache.filesCreated,1788948245323000000,1788948305335000000,0
VFS.folderCaseSensitivityReads,1788948245323000000,1788948305335000000,0
FileNameCache.queries,1788948245323000000,1788948305335000000,0
VFS.ContentWriter.totalTasksExecutedSync,1788948245323000000,1788948305335000000,0
VFS.ContentWriter.totalFlushes,1788948245323000000,1788948305335000000,0
VFS.fileByIdCache.hits,1788948245323000000,1788948305335000000,0
VFS.fileChildByName,1788948245323000000,1788948305335000000,0
VFS.invertedFileNameIndex.requests,1788948245323000000,1788948305335000000,0
VFS.contentStorage.recordsRead,1788948245323000000,1788948305335000000,0
VFS.cache.segments,1788948245323000000,1788948305335000000,0
VFS.contentStorage.recordsStoredCompressed,1788948245323000000,1788948305335000000,0
FileNameCache.totalMisses,1788948245323000000,1788948305335000000,0
VFS.contentStorage.recordsDecompressionTimeUs,1788948245323000000,1788948305335000000,0
VFS.contentStorage.recordsStored,1788948245323000000,1788948305335000000,0
VFS.rootsCount,1788948245323000000,1788948305335000000,0.0
VFS.ContentWriter.totalTasksExecutedAsync,1788948245323000000,1788948305335000000,0
VFS.contentStorage.recordsUncompressedSize,1788948245323000000,1788948305335000000,0
VFS.contentStorage.recordsDeduplicated,1788948245323000000,1788948305335000000,0
VFS.fileByIdCache.misses,1788948245323000000,1788948305335000000,0
VFS.cache.segmentsCreated,1788948245323000000,1788948305335000000,0
VFS.ContentWriter.totalTimeSpentOnSyncOperationsUs,1788948245323000000,1788948305335000000,0
VFS.contentStorage.recordsReadSize,1788948245323000000,1788948305335000000,0
VFS.contentStorage.recordsStoredSize,1788948245323000000,1788948305335000000,0
Indexing.cache.totalCacheAccesses,1788948245323000000,1788948305335000000,0
Indexing.writesQueuedMin,1788948245323000000,1788948305335000000,9223372036854775807
Indexing.writer_1.totalTimeSpentWritingMs,1788948245323000000,1788948305335000000,0
Indexing.cache.totalCacheMisses,1788948245323000000,1788948305335000000,0
Indexing.writesQueuedMax,1788948245323000000,1788948305335000000,0
Indexing.writer_0.totalTimeSpentWritingMs,1788948245323000000,1788948305335000000,0
Indexing.writer_2.totalTimeSpentWritingMs,1788948245323000000,1788948305335000000,0
Indexing.cache.totalCacheEvicted,1788948245323000000,1788948305335000000,0
Indexing.writer_3.totalTimeSpentWritingMs,1788948245323000000,1788948305335000000,0
Indexing.totalTimeIndexersSleptMs,1788948245323000000,1788948305335000000,0
workspaceModel.entityStorageSnapshotImpl.instances.count,1788948245323000000,1788948305335000000,0
writeAction.median.wait.ms,1788948245323000000,1788948305335000000,0
writeAction.count,1788948245323000000,1788948305335000000,0
writeAction.wait.ms,1788948245323000000,1788948305335000000,0
writeAction.max.wait.ms,1788948245323000000,1788948305335000000,2
FilePageCache.totalPageStoresUs,1788948245323000000,1788948305335000000,9221
FilePageCache.totalPageLoadsUs,1788948245323000000,1788948305335000000,0
FilePageCache.totalBytesStored,1788948245323000000,1788948305335000000,960
FilePageCache.WAL.flushesForcedByOverflow,1788948245323000000,1788948305335000000,0
FilePageCache.WAL.entriesFlushedOnTruncate,1788948245323000000,1788948305335000000,0
DirectByteBufferAllocator.misses,1788948245323000000,1788948305335000000,0
MappedFileStorage.totalPagesMapped,1788948245323000000,1788948305335000000,8
FilePageCache.capacityInBytes,1788948245323000000,1788948305335000000,629145600
FilePageCache.WAL.entriesFlushedOnForce,1788948245323000000,1788948305335000000,0
DirectByteBufferAllocator.totalSizeOfBuffersCachedInBytes,1788948245323000000,1788948305335000000,41959424
FilePageCache.WAL.entriesFlushedOnClose,1788948245323000000,1788948305335000000,0
FilePageCache.totalPageDisposalsUs,1788948245323000000,1788948305335000000,0
StreamlinedBlobStorage.recordsRelocated,1788948245323000000,1788948305335000000,0
MappedFileStorage.totalBytesMapped,1788948245323000000,1788948305335000000,232783872
DirectByteBufferAllocator.hits,1788948245323000000,1788948305335000000,0
StorageLockContext.competingThreads.avg,1788948245323000000,1788948305335000000,0.0
FilePageCache.WAL.entriesFlushed,1788948245323000000,1788948305335000000,0
FilePageCache.WAL.bytesQueued,1788948245323000000,1788948305335000000,0
MappedFileStorage.totalTimeSpentOnMappingUs,1788948245323000000,1788948305335000000,10672
FilePageCache.maxRegisteredFiles,1788948245323000000,1788948305335000000,1072
FilePageCache.maxCacheSizeInBytes,1788948245323000000,1788948305335000000,400572416
FilePageCache.WAL.bytesCopiedByApplyUnfinished,1788948245323000000,1788948305335000000,0
FilePageCache.disposedBuffers,1788948245323000000,1788948305335000000,0
FilePageCache.pageLoads,1788948245323000000,1788948305335000000,0
StreamlinedBlobStorage.totalLiveRecordsCapacityBytes,1788948245323000000,1788948305335000000,0
StreamlinedBlobStorage.recordsDeleted,1788948245323000000,1788948305335000000,0
StorageLockContext.competingThreads.max,1788948245323000000,1788948305335000000,0
StreamlinedBlobStorage.totalLiveRecordsPayloadBytes,1788948245323000000,1788948305335000000,0
FilePageCache.pageLoadsAboveSizeThreshold,1788948245323000000,1788948305335000000,0
StorageLockContext.competingThreads.90P,1788948245323000000,1788948305335000000,0
StreamlinedBlobStorage.recordsAllocated,1788948245323000000,1788948305335000000,0
DirectByteBufferAllocator.totalSizeOfBuffersAllocatedInBytes,1788948245323000000,1788948305335000000,8192
FilePageCache.pageFastCacheHits,1788948245323000000,1788948305335000000,180
DirectByteBufferAllocator.disposed,1788948245323000000,1788948305335000000,0
FilePageCache.WAL.entriesFlushedOnRead,1788948245323000000,1788948305335000000,0
FilePageCache.uncachedFileAccess,1788948245323000000,1788948305335000000,60
MappedFileStorage.storages,1788948245323000000,1788948305335000000,8
FileChannelInterruptsRetryer.totalRetriedAttempts,1788948245323000000,1788948305335000000,0
DirectByteBufferAllocator.reclaimed,1788948245323000000,1788948305335000000,0
FilePageCache.pageHits,1788948245323000000,1788948305335000000,0
AWTEventQueue.dispatchTimeTotalNS,1788948245323000000,1788948305335000000,13274232
FlushQueue.queueSizeAvg,1788948245323000000,1788948305335000000,0.0
FlushQueue.executionTimeAvgNs,1788948245323000000,1788948305335000000,0.0
WriteAction.executionsCount,1788948245323000000,1788948305335000000,0
AWTEventQueue.dispatchTime90PNs,1788948245323000000,1788948305335000000,0
FlushQueue.executionTime90PNs,1788948245323000000,1788948305335000000,0
FlushQueue.queueSizeMax,1788948245323000000,1788948305335000000,0
FlushQueue.waitingTimeAvgNs,1788948245323000000,1788948305335000000,0.0
ReadAction.executionsCount,1788948245323000000,1788948305335000000,60
FlushQueue.tasksExecuted,1788948245323000000,1788948305335000000,0
FlushQueue.executionTimeMaxNs,1788948245323000000,1788948305335000000,0
AWTEventQueue.dispatchTimeMaxNs,1788948245323000000,1788948305335000000,0
AWTEventQueue.dispatchTimeAvgNs,1788948245323000000,1788948305335000000,0.0
AWTEventQueue.eventsDispatched,1788948245323000000,1788948305335000000,0
FlushQueue.queueSize90P,1788948245323000000,1788948305335000000,0
FlushQueue.waitingTime90PNs,1788948245323000000,1788948305335000000,0
FlushQueue.waitingTimeMaxNs,1788948245323000000,1788948305335000000,0
jps.library.entities.serializer.save.entities.ms,1788948245323000000,1788948305335000000,0
workspaceModel.mutableEntityStorage.add.entity.ms,1788948245323000000,1788948305335000000,0
workspaceModel.mutableEntityStorage.collect.changes.ms,1788948245323000000,1788948305335000000,0
workspaceModel.mutableEntityStorage.modify.entity.ms,1788948245323000000,1788948305335000000,0
workspaceModel.mutableEntityStorage.instances.count,1788948245323000000,1788948305335000000,0
workspaceModel.sync.entities.ms,1788948245323000000,1788948305335000000,0
workspaceModel.global.apply.state.to.project.builder.ms,1788948245323000000,1788948305335000000,0
workspaceModel.mutableEntityStorage.remove.entity.ms,1788948245323000000,1788948305335000000,0
jps.global.initialize.library.bridges.ms,1788948245323000000,1788948305335000000,0
workspaceModel.mutableEntityStorage.resolve.ms,1788948245323000000,1788948305335000000,0
jps.global.handle.before.change.events.ms,1788948245323000000,1788948305335000000,0
workspaceModel.mutableEntityStorage.has.same.entities.ms,1788948245323000000,1788948305335000000,0
workspaceModel.mutableEntityStorage.replace.by.source.ms,1788948245323000000,1788948305335000000,0
jps.global.initialize.library.bridges.after.loading.ms,1788948245323000000,1788948305335000000,0
jps.library.entities.serializer.load.entities.ms,1788948245323000000,1788948305335000000,0
workspaceModel.save.cache.to.file.ms,1788948245323000000,1788948305335000000,0
jps.global.get.library.by.name.ms,1788948245323000000,1788948305335000000,0
workspaceModel.mutableEntityStorage.hasReferrers.ms,1788948245323000000,1788948305335000000,0
workspaceModel.mutableEntityStorage.apply.changes.from.ms,1788948245323000000,1788948305335000000,0
workspaceModel.load.cache.from.file.ms,1788948245323000000,1788948305335000000,0
workspaceModel.load.cache.metadata.from.file.ms,1788948245323000000,1788948305335000000,0
workspaceModel.mutableEntityStorage.mutable.ext.mapping.ms,1788948245323000000,1788948305335000000,0
jps.load.initial.state.ms,1788948245323000000,1788948305335000000,0
workspaceModel.mutableEntityStorage.entities.ms,1788948245323000000,1788948305335000000,0
workspaceModel.mutableEntityStorage.entities.by.source.ms,1788948245323000000,1788948305335000000,0
workspaceModel.global.updates.ms,1788948245323000000,1788948305335000000,0
workspaceModel.mutableEntityStorage.referrers.ms,1788948245323000000,1788948305335000000,0
workspaceModel.mutableEntityStorage.to.snapshot.ms,1788948245323000000,1788948305335000000,0
jps.save.global.entities.ms,1788948245323000000,1788948305335000000,0
workspaceModel.mutableEntityStorage.changeLog.addReplaceEventForRemovedChild.ms,1788948245323000000,1788948305335000000,0
workspaceModel.mutableEntityStorage.changeLog.addReplaceEventForNewParent.ms,1788948245323000000,1788948305335000000,0
workspaceModel.global.updates.count,1788948245323000000,1788948305335000000,0
workspaceModel.global.apply.state.to.project.ms,1788948245323000000,1788948305335000000,0
jps.app.storage.content.writer.save.component.ms,1788948245323000000,1788948305335000000,0
jps.global.get.libraries.ms,1788948245323000000,1788948305335000000,0
jps.global.handle.changed.events.ms,1788948245323000000,1788948305335000000,0
jps.global.get.library.ms,1788948245323000000,1788948305335000000,0
workspaceModel.mutableEntityStorage.put.entity.ms,1788948245323000000,1788948305335000000,0
jps.app.storage.content.reader.load.component.ms,1788948245323000000,1788948305335000000,0
workspaceModel.mutableEntityStorage.changeLog.addReplaceEventForRemovedParent.ms,1788948245323000000,1788948305335000000,0
workspaceModel.mutableEntityStorage.changeLog.addReplaceEventForNewChild.ms,1788948245323000000,1788948305335000000,0
workspaceModel.mutableEntityStorage.mutable.vfurl.index.ms,1788948245323000000,1788948305335000000,0
